Labels,Source_Type,text,template_key,source
0,Bank OTP Message,"Your HBL OTP for online transaction is 12600159. Do not share this OTP with anyone, not even bank staff.","your {BRAND} otp for online transaction is {OTP}. do not share this otp with anyone, not even bank staff.",real
0,Mobile Wallet Transfer Confirmation,Easypaisa: Aap ne successfully 350 PKR transfer kar diye hn. Trx ID: 73262500.,{BRAND}: aap ne successfully {AMOUNT} pkr transfer kar diye hain. trx id: {TRXID}.,real
0,Bank ATM Transaction Alert,Aap ka MCB debit card ATM par use hua h. Amount: 350 PKR. Agar yeh aap ne nahi kiya toh helpline par call karin.,aap ka {BRAND} debit card atm par use hua hai. amount: {AMOUNT} pkr. agar yeh aap ne nahi kiya toh helpline par call karein.,real
0,Salary Credit Notification,Salary of 350 PKR has been credited to your MCB acount. Thank you.,salary of {AMOUNT} pkr has been credited to your {BRAND} account. thank you.,real
0,Bank Deposit Notification,"Dear Customer, Apke MCB account me 350 PKR deposit hue hain. Available Balance: 350 PKR.","dear customer, apke {BRAND} account me {AMOUNT} pkr deposit hue hain. available balance: {AMOUNT} pkr.",real
0,Bank Tax Deduction Notification,Aap k UBL account se 350 PKR ki deduction hui hai tax ki madd mein.,aap k {BRAND} account se {AMOUNT} pkr ki deduction hui hai tax ki madd mein.,real
0,Mobile Wallet Transfer Confirmation,Easypaisa: Aap ne successfully 1 Lakh PKR transfer kar diye hn. Trx ID: 38556108.,{BRAND}: aap ne successfully {AMOUNT_WORDS} lakh pkr transfer kar diye hain. trx id: {TRXID}.,real
1,Phishing - Reward/Lottery Scam,Mubarak ho! BISP main apka 5000 ka inam lga ha. Apna inam hasil krne k lie apna UBL pin is number par send krin.,mubarak ho! {BRAND} main apka {NUM} ka inam lga ha. apna inam hasil krne k lie apna {BRAND} pin is number par send krin.,real
0,Traffic Challan Notification,Traffic Police: Apki gari ka E-Challan generate ho gaya ha. Amount 350 PKR. Akhri tareekh se pehle PSCA app k zariye pay krn.,traffic police: apki gari ka e-challan generate ho gaya hai. amount {AMOUNT} pkr. akhri tareekh se pehle {BRAND} app k zariye pay karein.,real
0,Bank OTP Message,"Your State Bank OTP for online transaction is 43974715. Do not share this OTP with anyone, not even bank staff.","your state bank otp for online transaction is {OTP}. do not share this otp with anyone, not even bank staff.",real
0,Bank Tax Deduction Notification,Aap k HBL acc se 12500 PKR ki deduction hui ha tax ki madd mein.,aap k {BRAND} acc se {AMOUNT} pkr ki deduction hui ha tax ki madd mein.,real
0,Mobile Wallet Transfer Confirmation,Easypaisa: Aap ne successfully 350 PKR transfer kar diye han. Trx ID: 19934957.,{BRAND}: aap ne successfully {AMOUNT} pkr transfer kar diye han. trx id: {TRXID}.,real
1,Phishing - Reward/Lottery Scam,Mubarak ho! Jeeto Pakistan main apka 2500 ka inam lga ha. Apna inam hasil krne k lie apna UBL pin is number par send krin.,mubarak ho! jeeto pakistan main apka {NUM} ka inam lga ha. apna inam hasil krne k lie apna {BRAND} pin is number par send krin.,real
1,Phishing - Government Scheme Scam,Mubarak ho! Ehsaas Program main apka 5000 ka inam lga ha. Apna inam hasil krne k lie apna HBL pin is number par send krin.,mubarak ho! ehsaas program main apka {NUM} ka inam lga ha. apna inam hasil krne k lie apna {BRAND} pin is number par send krin.,real
1,Phishing - Reward/Lottery Scam,"Moaziz sarif, apka BISP ki taraf se 350 PKR ka inaam nikla hai. Taseeq k liye 0320634956 par sms karin.","moaziz sarif, apka {BRAND} ki taraf se {AMOUNT} pkr ka inaam nikla hai. taseeq k liye {PHONE} par sms karein.",real
1,Phishing - Reward/Lottery Scam,Mubarak ho! BISP main apka 1 Lakh ka inam lga ha. Apna inam hasil krne k lie apna SadaPay pin is number par send krin.,mubarak ho! {BRAND} main apka {AMOUNT_WORDS} lakh ka inam lga ha. apna inam hasil krne k lie apna {BRAND} pin is number par send krin.,real
1,Phishing - Reward/Lottery Scam,"Moaziz sarif, apka BISP ki taraf se 10000 PKR ka inaam nikla hai. Taseeq k liye 0359521680 par details send krain.","moaziz sarif, apka {BRAND} ki taraf se {AMOUNT} pkr ka inaam nikla hai. taseeq k liye {PHONE} par details send krain.",real
0,Utility Bill Payment Reminder,"Dear Consumer, apka is mahine ka IESCO ka bill 350 PKR hai. Due date guzarne se pehle ada karein.","dear consumer, apka is mahine ka {BRAND} ka bill {AMOUNT} pkr hai. due date guzarne se pehle ada karein.",real
1,Phishing - Reward/Lottery Scam,"Moaziz sarif, apka BISP ki taraf se 2500 PKR ka inaam nikla hai. Taseeq k liye 0370292625 par call karein.","moaziz sarif, apka {BRAND} ki taraf se {AMOUNT} pkr ka inaam nikla hai. taseeq k liye {PHONE} par call karein.",real
0,Salary Credit Notification,Salary of 5000 PKR has been credited to your HBL acc. Thank you.,salary of {AMOUNT} pkr has been credited to your {BRAND} acc. thank you.,real
1,Phishing - Account Block Threat,Apka HBL ka account verification na hone ki waja se block ho gaya hai. Abhi rabta krein 0327313930 par warna account hamesha k liye band ho jaye ga.,apka {BRAND} ka account verification na hone ki waja se block ho gaya hai. abhi rabta krein {PHONE} par warna account hamesha k liye band ho jaye ga.,real
1,Phishing - Reward/Lottery Scam,"Mubarak ho! BISP main apka 75,000 ka inam lga ha. Apna inam hasil krne k lie apna Easypaisa pin is number par send krin.","mubarak ho! {BRAND} main apka 75,000 ka inam lga ha. apna inam hasil krne k lie apna {BRAND} pin is number par send krin.",real
1,Phishing - Reward/Lottery Scam,"Moaziz sarif, apka BISP ki taraf se 12500 PKR ka inaam nikla hai. Taseeq k liye 0364220705 par rabta krein.","moaziz sarif, apka {BRAND} ki taraf se {AMOUNT} pkr ka inaam nikla hai. taseeq k liye {PHONE} par rabta krein.",real
1,Phishing - Reward/Lottery Scam,Mubarak ho! BISP main apka 350 ka inam lga ha. Apna inam hasil krne k lie apna HBL pin is number par send krin.,mubarak ho! {BRAND} main apka 350 ka inam lga ha. apna inam hasil krne k lie apna {BRAND} pin is number par send krin.,real
0,Bank Tax Deduction Notification,Aap k UBL acount se 2500 PKR ki deduction hui h tax ki madd mein.,aap k {BRAND} account se {AMOUNT} pkr ki deduction hui h tax ki madd mein.,real
1,Phishing - Account Block Threat,Apka SadaPay ka acount suspicious activity ki waja se block ho gaya h. Abhi call krn 0314704454 par warna acount hamesha k liye band ho jaye ga.,apka {BRAND} ka account suspicious activity ki waja se block ho gaya hai. abhi call karein {PHONE} par warna account hamesha k liye band ho jaye ga.,real
0,Bank ATM Transaction Alert,Aap ka State Bank debit card ATM par use hua ha. Amount: 350 PKR. Agar yeh aap ne nahi kiya toh helpline par call krn.,aap ka state bank debit card atm par use hua hai. amount: {AMOUNT} pkr. agar yeh aap ne nahi kiya toh helpline par call karein.,real
0,Traffic Challan Notification,Traffic Police: Apki gari ka E-Challan generate ho gaya h. Amount 1 Lakh PKR. Akhri tareekh se pehle PSCA app k zariye pay krn.,traffic police: apki gari ka e-challan generate ho gaya hai. amount {AMOUNT_WORDS} lakh pkr. akhri tareekh se pehle {BRAND} app k zariye pay karein.,real
0,Salary Credit Notification,Salary of 1 Lakh PKR has been credited to your UBL acount. Thank you.,salary of {AMOUNT_WORDS} lakh pkr has been credited to your {BRAND} account. thank you.,real
0,Utility Bill Payment Reminder,"Dear Consumer, apka is mahine ka WASA ka bill 350 PKR h. Due date guzarne se pehle ada krn.","dear consumer, apka is mahine ka {BRAND} ka bill {AMOUNT} pkr h. due date guzarne se pehle ada karein.",real
1,Phishing - Account Freeze (FBR) Threat,FBR ki taraf se apka UBL account freeze kr dia gya hai. Unblock krwane k lie abhi OTP call karein.,{BRAND} ki taraf se apka {BRAND} account freeze kr dia gya hai. unblock krwane k lie abhi otp call karein.,real
1,Phishing - Account Freeze (FBR) Threat,FBR ki taraf se apka HBL account freeze kr dia gya hai. Unblock krwane k lie abhi OTP rabta krein.,{BRAND} ki taraf se apka {BRAND} account freeze kr dia gya hai. unblock krwane k lie abhi otp rabta krein.,real
0,Bank Deposit Notification,"Dear Customer, Apke UBL acount me 12500 PKR deposit hue han. Available Balance: 12500 PKR.","dear customer, apke {BRAND} account me {AMOUNT} pkr deposit hue han. available balance: {AMOUNT} pkr.",real
1,Phishing - Reward/Lottery Scam,"Moaziz sarif, apka Jeeto Pakistan ki taraf se 350 PKR ka inaam nikla hai. Taseeq k liye 0360249209 par details send krain.","moaziz sarif, apka jeeto pakistan ki taraf se {AMOUNT} pkr ka inaam nikla hai. taseeq k liye {PHONE} par details send krain.",real
0,Utility Bill Payment Reminder,"Dear Consumer, apka is mahine ka WASA ka bill 2500 PKR ha. Due date guzarne se pehle ada krn.","dear consumer, apka is mahine ka {BRAND} ka bill {AMOUNT} pkr ha. due date guzarne se pehle ada karein.",real
1,Phishing - Government Scheme Scam,"Moaziz sarif, apka Ehsaas Program ki taraf se 350 PKR ka inaam nikla hai. Taseeq k liye 0374047194 par details send krain.","moaziz sarif, apka ehsaas program ki taraf se {AMOUNT} pkr ka inaam nikla hai. taseeq k liye {PHONE} par details send krain.",real
0,Bank Deposit Notification,"Dear Customer, Apke UBL account me 1 Lakh PKR deposit hue hain. Available Balance: 1 Lakh PKR.","dear customer, apke {BRAND} account me {AMOUNT_WORDS} lakh pkr deposit hue hain. available balance: {AMOUNT_WORDS} lakh pkr.",real
0,Utility Bill Payment Reminder,"Dear Consumer, apka is mahine ka K-Electric ka bill 350 PKR hai. Due date guzarne se pehle ada karein.","dear consumer, apka is mahine ka k-electric ka bill {AMOUNT} pkr hai. due date guzarne se pehle ada karein.",real
0,Bank Deposit Notification,"Dear Customer, Apke HBL acc me 350 PKR deposit hue han. Available Balance: 350 PKR.","dear customer, apke {BRAND} acc me {AMOUNT} pkr deposit hue han. available balance: {AMOUNT} pkr.",real
1,Phishing - Account Block Threat,Apka NayaPay ka acount system error ki waja se block ho gaya h. Abhi rabta krein 0325387961 par warna acount hamesha k liye band ho jaye ga.,apka {BRAND} ka account system error ki waja se block ho gaya hai. abhi rabta krein {PHONE} par warna account hamesha k liye band ho jaye ga.,real
1,Phishing - Account Block Threat,Apka MCB ka account system error ki waja se block ho gaya hai. Abhi details send krain 0394903100 par warna account hamesha k liye band ho jaye ga.,apka {BRAND} ka account system error ki waja se block ho gaya hai. abhi details send krain {PHONE} par warna account hamesha k liye band ho jaye ga.,real
1,Phishing - Reward/Lottery Scam,"Mubarak ho! BISP main apka 50,000 ka inam lga ha. Apna inam hasil krne k lie apna UBL pin is number par send krin.","mubarak ho! {BRAND} main apka 50,000 ka inam lga ha. apna inam hasil krne k lie apna {BRAND} pin is number par send krin.",real
1,Phishing - Reward/Lottery Scam,"Moaziz sarif, apka BISP ki taraf se 350 PKR ka inaam nikla hai. Taseeq k liye 0346424790 par OTP bataen.","moaziz sarif, apka {BRAND} ki taraf se {AMOUNT} pkr ka inaam nikla hai. taseeq k liye {PHONE} par otp bataen.",real
0,Bank ATM Transaction Alert,Aap ka MCB debit card ATM par use hua h. Amount: 1 Lakh PKR. Agar yeh aap ne nahi kiya toh helpline par call karin.,aap ka {BRAND} debit card atm par use hua hai. amount: {AMOUNT_WORDS} lakh pkr. agar yeh aap ne nahi kiya toh helpline par call karein.,real
0,Bank Tax Deduction Notification,Aap k MCB acc se 350 PKR ki deduction hui h tax ki madd mein.,aap k {BRAND} acc se {AMOUNT} pkr ki deduction hui h tax ki madd mein.,real
1,Phishing - Account Block Threat,Apka MCB ka account suspicious activity ki waja se block ho gaya hai. Abhi details send krain 0387473941 par warna account hamesha k liye band ho jaye ga.,apka {BRAND} ka account suspicious activity ki waja se block ho gaya hai. abhi details send krain {PHONE} par warna account hamesha k liye band ho jaye ga.,real
1,Phishing - Account Block Threat,Apka HBL ka acount KYC update na hone ki waja se block ho gaya h. Abhi pin code dain 0383056475 par warna acount hamesha k liye band ho jaye ga.,apka {BRAND} ka account kyc update na hone ki waja se block ho gaya hai. abhi pin code dain {PHONE} par warna account hamesha k liye band ho jaye ga.,real
1,Phishing - Account Block Threat,Apka UBL ka acount tax jama na krwane ki waja se block ho gaya h. Abhi sms karin 0357340466 par warna acount hamesha k liye band ho jaye ga.,apka {BRAND} ka account tax jama na krwane ki waja se block ho gaya hai. abhi sms karein {PHONE} par warna account hamesha k liye band ho jaye ga.,real
1,Phishing - Wrong Number Refund Scam,"Bha apke number par ghalti se mere 350 rs aa gaye han easypaisa me, please wapis bhej dain shukar guzar hunga.","bha apke number par ghalti se mere {AMOUNT} rs aa gaye han {BRAND} me, please wapis bhej dain shukar guzar hunga.",real
1,Phishing - Wrong Number Refund Scam,"Bhai apke number par ghalti se mere 5000 rs aa gaye hain easypaisa me, please wapis bhej dain shukar guzar hunga.","bhai apke number par ghalti se mere {AMOUNT} rs aa gaye hain {BRAND} me, please wapis bhej dain shukar guzar hunga.",real
1,Phishing - Account Block Threat,Apka UBL ka account tax jama na krwane ki waja se block ho gaya hai. Abhi details send krain 0380251778 par warna account hamesha k liye band ho jaye ga.,apka {BRAND} ka account tax jama na krwane ki waja se block ho gaya hai. abhi details send krain {PHONE} par warna account hamesha k liye band ho jaye ga.,real
1,Phishing - Account Block Threat,Apka HBL ka account suspicious activity ki waja se block ho gaya hai. Abhi OTP bataen 0349287760 par warna account hamesha k liye band ho jaye ga.,apka {BRAND} ka account suspicious activity ki waja se block ho gaya hai. abhi otp bataen {PHONE} par warna account hamesha k liye band ho jaye ga.,real
1,Phishing - Account Block Threat,Apka HBL ka acount KYC update na hone ki waja se block ho gaya ha. Abhi sms karin 0352969378 par warna acount hamesha k liye band ho jaye ga.,apka {BRAND} ka account kyc update na hone ki waja se block ho gaya hai. abhi sms karein {PHONE} par warna account hamesha k liye band ho jaye ga.,real
0,Bank Deposit Notification,"Dear Customer, Apke NayaPay acc me 350 PKR deposit hue hn. Available Balance: 350 PKR.","dear customer, apke {BRAND} acc me {AMOUNT} pkr deposit hue hain. available balance: {AMOUNT} pkr.",real
1,Phishing - Account Freeze (FBR) Threat,FBR ki taraf se apka UBL account freeze kr dia gya hai. Unblock krwane k lie abhi OTP OTP bataen.,{BRAND} ki taraf se apka {BRAND} account freeze kr dia gya hai. unblock krwane k lie abhi otp otp bataen.,real
1,Phishing - Reward/Lottery Scam,"Moaziz sarif, apka BISP ki taraf se 12500 PKR ka inaam nikla hai. Taseeq k liye 0362242481 par pin code dain.","moaziz sarif, apka {BRAND} ki taraf se {AMOUNT} pkr ka inaam nikla hai. taseeq k liye {PHONE} par pin code dain.",real
1,Phishing - Account Freeze (FBR) Threat,FBR ki taraf se apka MCB account freeze kr dia gya hai. Unblock krwane k lie abhi OTP sms karin.,{BRAND} ki taraf se apka {BRAND} account freeze kr dia gya hai. unblock krwane k lie abhi otp sms karein.,real
1,Phishing - Account Block Threat,Apka UBL ka account KYC update na hone ki waja se block ho gaya hai. Abhi details send krain 0348633963 par warna account hamesha k liye band ho jaye ga.,apka {BRAND} ka account kyc update na hone ki waja se block ho gaya hai. abhi details send krain {PHONE} par warna account hamesha k liye band ho jaye ga.,real
1,Phishing - Account Hack Warning,Apka HBL account hack hone ka khatra hai. Apna password change krne k lie abhi is number par OTP bataen.,apka {BRAND} account hack hone ka khatra hai. apna password change krne k lie abhi is number par otp bataen.,real
1,Phishing - Reward/Lottery Scam,Mubarak ho! BISP main apka 10000 ka inam lga ha. Apna inam hasil krne k lie apna State Bank pin is number par send krin.,mubarak ho! {BRAND} main apka {NUM} ka inam lga ha. apna inam hasil krne k lie apna state bank pin is number par send krin.,real
1,Phishing - Account Freeze (FBR) Threat,FBR ki taraf se apka JazzCash acc freeze kr dia gya ha. Unblock krwane k lie abhi OTP call kren.,{BRAND} ki taraf se apka {BRAND} acc freeze kr dia gya ha. unblock krwane k lie abhi otp call karein.,real
1,Phishing - Account Block Threat,Apka HBL ka account verification na hone ki waja se block ho gaya hai. Abhi sms karin 0354160912 par warna account hamesha k liye band ho jaye ga.,apka {BRAND} ka account verification na hone ki waja se block ho gaya hai. abhi sms karein {PHONE} par warna account hamesha k liye band ho jaye ga.,real
1,Phishing - Account Block Threat,Apka NayaPay ka acount tax jama na krwane ki waja se block ho gaya ha. Abhi pin code dain 0362062776 par warna acount hamesha k liye band ho jaye ga.,apka {BRAND} ka account tax jama na krwane ki waja se block ho gaya hai. abhi pin code dain {PHONE} par warna account hamesha k liye band ho jaye ga.,real
1,Phishing - Account Hack Warning,Apka HBL account hack hone ka khatra hai. Apna password change krne k lie abhi is number par rabta krein.,apka {BRAND} account hack hone ka khatra hai. apna password change krne k lie abhi is number par rabta krein.,real
1,Phishing - Account Block Threat,Apka MCB ka account verification na hone ki waja se block ho gaya hai. Abhi pin code dain 0343664262 par warna account hamesha k liye band ho jaye ga.,apka {BRAND} ka account verification na hone ki waja se block ho gaya hai. abhi pin code dain {PHONE} par warna account hamesha k liye band ho jaye ga.,real
1,Phishing - Account Block Threat,Apka HBL ka account system error ki waja se block ho gaya hai. Abhi call karein 0395035323 par warna account hamesha k liye band ho jaye ga.,apka {BRAND} ka account system error ki waja se block ho gaya hai. abhi call karein {PHONE} par warna account hamesha k liye band ho jaye ga.,real
1,Phishing - Account Block Threat,Apka MCB ka account KYC update na hone ki waja se block ho gaya hai. Abhi OTP bataen 0312954958 par warna account hamesha k liye band ho jaye ga.,apka {BRAND} ka account kyc update na hone ki waja se block ho gaya hai. abhi otp bataen {PHONE} par warna account hamesha k liye band ho jaye ga.,real
1,Phishing - Account Freeze (FBR) Threat,FBR ki taraf se apka SadaPay account freeze kr dia gya hai. Unblock krwane k lie abhi OTP pin code dain.,{BRAND} ki taraf se apka {BRAND} account freeze kr dia gya hai. unblock krwane k lie abhi otp pin code dain.,real
1,Phishing - Reward/Lottery Scam,"Mubarak ho! Jeeto Pakistan main apka 50,000 ka inam lga ha. Apna inam hasil krne k lie apna UBL pin is number par send krin.","mubarak ho! jeeto pakistan main apka 50,000 ka inam lga ha. apna inam hasil krne k lie apna {BRAND} pin is number par send krin.",real
1,Phishing - Account Hack Warning,Apka UBL account hack hone ka khatra hai. Apna password change krne k lie abhi is number par sms karin.,apka {BRAND} account hack hone ka khatra hai. apna password change krne k lie abhi is number par sms karein.,real
1,Phishing - Account Hack Warning,Apka MCB account hack hone ka khatra hai. Apna password change krne k lie abhi is number par details send krain.,apka {BRAND} account hack hone ka khatra hai. apna password change krne k lie abhi is number par details send krain.,real
0,Mobile Wallet Transfer Confirmation,Easypaisa: Aap ne successfully 1 Lakh PKR transfer kar diye han. Trx ID: 69137769.,{BRAND}: aap ne successfully {AMOUNT_WORDS} lakh pkr transfer kar diye han. trx id: {TRXID}.,real
1,Phishing - Reward/Lottery Scam,"Moaziz sarif, apka BISP ki taraf se 10000 PKR ka inaam nikla ha. Taseeq k liye 0398793936 par sms karin.","moaziz sarif, apka {BRAND} ki taraf se {AMOUNT} pkr ka inaam nikla ha. taseeq k liye {PHONE} par sms karein.",real
1,Phishing - Reward/Lottery Scam,"Moaziz sarif, apka BISP ki taraf se 350 PKR ka inaam nikla h. Taseeq k liye 0358572400 par call krn.","moaziz sarif, apka {BRAND} ki taraf se {AMOUNT} pkr ka inaam nikla h. taseeq k liye {PHONE} par call karein.",real
1,Phishing - Reward/Lottery Scam,"Moaziz sarif, apka BISP ki taraf se 1 Lakh PKR ka inaam nikla hai. Taseeq k liye 0316513314 par sms karin.","moaziz sarif, apka {BRAND} ki taraf se {AMOUNT_WORDS} lakh pkr ka inaam nikla hai. taseeq k liye {PHONE} par sms karein.",real
1,Phishing - Reward/Lottery Scam,"Moaziz sarif, apka Jeeto Pakistan ki taraf se 350 PKR ka inaam nikla hai. Taseeq k liye 0320946626 par sms karin.","moaziz sarif, apka jeeto pakistan ki taraf se {AMOUNT} pkr ka inaam nikla hai. taseeq k liye {PHONE} par sms karein.",real
1,Phishing - Government Scheme Scam,"Moaziz sarif, apka Ehsaas Program ki taraf se 350 PKR ka inaam nikla hai. Taseeq k liye 0390726737 par call karein.","moaziz sarif, apka ehsaas program ki taraf se {AMOUNT} pkr ka inaam nikla hai. taseeq k liye {PHONE} par call karein.",real
0,Utility Bill Payment Reminder,"Dear Consumer, apka is mahine ka PTCL ka bill 2500 PKR hai. Due date guzarne se pehle ada karein.","dear consumer, apka is mahine ka ptcl ka bill {AMOUNT} pkr hai. due date guzarne se pehle ada karein.",real
0,Utility Bill Payment Reminder,"Dear Consumer, apka is mahine ka Sui Gas ka bill 5000 PKR ha. Due date guzarne se pehle ada krn.","dear consumer, apka is mahine ka sui gas ka bill {AMOUNT} pkr ha. due date guzarne se pehle ada karein.",real
0,Utility Bill Payment Reminder,"Dear Consumer, apka is mahine ka WASA ka bill 1 Lakh PKR h. Due date guzarne se pehle ada krn.","dear consumer, apka is mahine ka {BRAND} ka bill {AMOUNT_WORDS} lakh pkr h. due date guzarne se pehle ada karein.",real
1,Phishing - Government Scheme Scam,"Moaziz sarif, apka Ehsaas Program ki taraf se 350 PKR ka inaam nikla hai. Taseeq k liye 0355233806 par pin code dain.","moaziz sarif, apka ehsaas program ki taraf se {AMOUNT} pkr ka inaam nikla hai. taseeq k liye {PHONE} par pin code dain.",real
1,Phishing - Account Freeze (FBR) Threat,FBR ki taraf se apka MCB acc freeze kr dia gya ha. Unblock krwane k lie abhi OTP pin code dain.,{BRAND} ki taraf se apka {BRAND} acc freeze kr dia gya ha. unblock krwane k lie abhi otp pin code dain.,real
0,Salary Credit Notification,Salary of 2500 PKR has been credited to your State Bank account. Thank you.,salary of {AMOUNT} pkr has been credited to your state bank account. thank you.,real
1,Phishing - Account Block Threat,Apka MCB ka account suspicious activity ki waja se block ho gaya hai. Abhi rabta krein 0345380989 par warna account hamesha k liye band ho jaye ga.,apka {BRAND} ka account suspicious activity ki waja se block ho gaya hai. abhi rabta krein {PHONE} par warna account hamesha k liye band ho jaye ga.,real
1,Phishing - Account Block Threat,Apka UBL ka account KYC update na hone ki waja se block ho gaya hai. Abhi rabta krein 0374852629 par warna account hamesha k liye band ho jaye ga.,apka {BRAND} ka account kyc update na hone ki waja se block ho gaya hai. abhi rabta krein {PHONE} par warna account hamesha k liye band ho jaye ga.,real
1,Phishing - Account Block Threat,Apka NayaPay ka account tax jama na krwane ki waja se block ho gaya hai. Abhi call karein 0312966973 par warna account hamesha k liye band ho jaye ga.,apka {BRAND} ka account tax jama na krwane ki waja se block ho gaya hai. abhi call karein {PHONE} par warna account hamesha k liye band ho jaye ga.,real
1,Phishing - Account Block Threat,Apka HBL ka acount suspicious activity ki waja se block ho gaya ha. Abhi sms karin 0329312391 par warna acount hamesha k liye band ho jaye ga.,apka {BRAND} ka account suspicious activity ki waja se block ho gaya hai. abhi sms karein {PHONE} par warna account hamesha k liye band ho jaye ga.,real
0,Bank Tax Deduction Notification,Aap k State Bank account se 12500 PKR ki deduction hui hai tax ki madd mein.,aap k state bank account se {AMOUNT} pkr ki deduction hui hai tax ki madd mein.,real
0,Bank Tax Deduction Notification,"Aap k MCB acount se 50,000 PKR ki deduction hui ha tax ki madd mein.",aap k {BRAND} account se {AMOUNT} pkr ki deduction hui ha tax ki madd mein.,real
1,Phishing - Account Block Threat,Apka NayaPay ka account verification na hone ki waja se block ho gaya hai. Abhi call karein 0335235527 par warna account hamesha k liye band ho jaye ga.,apka {BRAND} ka account verification na hone ki waja se block ho gaya hai. abhi call karein {PHONE} par warna account hamesha k liye band ho jaye ga.,real
1,Phishing - Account Block Threat,Apka MCB ka account verification na hone ki waja se block ho gaya hai. Abhi details send krain 0386093497 par warna account hamesha k liye band ho jaye ga.,apka {BRAND} ka account verification na hone ki waja se block ho gaya hai. abhi details send krain {PHONE} par warna account hamesha k liye band ho jaye ga.,real
1,Phishing - Account Block Threat,Apka Meezan Bank ka acount system error ki waja se block ho gaya h. Abhi OTP bataen 0363903534 par warna acount hamesha k liye band ho jaye ga.,apka {BRAND} ka account system error ki waja se block ho gaya hai. abhi otp bataen {PHONE} par warna account hamesha k liye band ho jaye ga.,real
0,Bank ATM Transaction Alert,Aap ka State Bank debit card ATM par use hua ha. Amount: 1 Lakh PKR. Agar yeh aap ne nahi kiya toh helpline par call krn.,aap ka state bank debit card atm par use hua hai. amount: {AMOUNT_WORDS} lakh pkr. agar yeh aap ne nahi kiya toh helpline par call karein.,real
1,Phishing - Reward/Lottery Scam,Mubarak ho! Jeeto Pakistan main apka 1 Lakh ka inam lga ha. Apna inam hasil krne k lie apna HBL pin is number par send krin.,mubarak ho! jeeto pakistan main apka {AMOUNT_WORDS} lakh ka inam lga ha. apna inam hasil krne k lie apna {BRAND} pin is number par send krin.,real
1,Phishing - Government Scheme Scam,"Mubarak ho! Ehsaas Program main apka 75,000 ka inam lga ha. Apna inam hasil krne k lie apna MCB pin is number par send krin.","mubarak ho! ehsaas program main apka 75,000 ka inam lga ha. apna inam hasil krne k lie apna {BRAND} pin is number par send krin.",real
1,Phishing - Account Freeze (FBR) Threat,FBR ki taraf se apka HBL account freeze kr dia gya hai. Unblock krwane k lie abhi OTP details send krain.,{BRAND} ki taraf se apka {BRAND} account freeze kr dia gya hai. unblock krwane k lie abhi otp details send krain.,real
1,Phishing - Reward/Lottery Scam,"Mubarak ho! Jeeto Pakistan main apka 75,000 ka inam lga ha. Apna inam hasil krne k lie apna NayaPay pin is number par send krin.","mubarak ho! jeeto pakistan main apka 75,000 ka inam lga ha. apna inam hasil krne k lie apna {BRAND} pin is number par send krin.",real
1,Phishing - Reward/Lottery Scam,Mubarak ho! Jeeto Pakistan main apka 350 ka inam lga ha. Apna inam hasil krne k lie apna UBL pin is number par send krin.,mubarak ho! jeeto pakistan main apka 350 ka inam lga ha. apna inam hasil krne k lie apna {BRAND} pin is number par send krin.,real
1,Phishing - Account Freeze (FBR) Threat,FBR ki taraf se apka NayaPay acc freeze kr dia gya h. Unblock krwane k lie abhi OTP call karin.,{BRAND} ki taraf se apka {BRAND} acc freeze kr dia gya h. unblock krwane k lie abhi otp call karein.,real
1,Phishing - Reward/Lottery Scam,"Moaziz sarif, apka Jeeto Pakistan ki taraf se 10000 PKR ka inaam nikla hai. Taseeq k liye 0381951627 par rabta krein.","moaziz sarif, apka jeeto pakistan ki taraf se {AMOUNT} pkr ka inaam nikla hai. taseeq k liye {PHONE} par rabta krein.",real
1,Phishing - Reward/Lottery Scam,"Moaziz sarif, apka Jeeto Pakistan ki taraf se 5000 PKR ka inaam nikla hai. Taseeq k liye 0343252849 par call karein.","moaziz sarif, apka jeeto pakistan ki taraf se {AMOUNT} pkr ka inaam nikla hai. taseeq k liye {PHONE} par call karein.",real
1,Phishing - Government Scheme Scam,"Moaziz sarif, apka Ehsaas Program ki taraf se 1 Lakh PKR ka inaam nikla hai. Taseeq k liye 0365684090 par details send krain.","moaziz sarif, apka ehsaas program ki taraf se {AMOUNT_WORDS} lakh pkr ka inaam nikla hai. taseeq k liye {PHONE} par details send krain.",real
0,Utility Bill Payment Reminder,"Dear Consumer, apka is mahine ka Sui Gas ka bill 2500 PKR hai. Due date guzarne se pehle ada karein.","dear consumer, apka is mahine ka sui gas ka bill {AMOUNT} pkr hai. due date guzarne se pehle ada karein.",real
1,Phishing - Reward/Lottery Scam,"Moaziz sarif, apka Jeeto Pakistan ki taraf se 350 PKR ka inaam nikla hai. Taseeq k liye 0397838423 par pin code dain.","moaziz sarif, apka jeeto pakistan ki taraf se {AMOUNT} pkr ka inaam nikla hai. taseeq k liye {PHONE} par pin code dain.",real
1,Phishing - Reward/Lottery Scam,"Moaziz sarif, apka Jeeto Pakistan ki taraf se 10000 PKR ka inaam nikla ha. Taseeq k liye 0340255178 par rabta krein.","moaziz sarif, apka jeeto pakistan ki taraf se {AMOUNT} pkr ka inaam nikla ha. taseeq k liye {PHONE} par rabta krein.",real
0,Utility Bill Payment Reminder,"Dear Consumer, apka is mahine ka LESCO ka bill 1 Lakh PKR hai. Due date guzarne se pehle ada karein.","dear consumer, apka is mahine ka {BRAND} ka bill {AMOUNT_WORDS} lakh pkr hai. due date guzarne se pehle ada karein.",real
1,Phishing - Account Block Threat,Apka State Bank ka acount verification na hone ki waja se block ho gaya ha. Abhi sms karin 0391538432 par warna acount hamesha k liye band ho jaye ga.,apka state bank ka account verification na hone ki waja se block ho gaya hai. abhi sms karein {PHONE} par warna account hamesha k liye band ho jaye ga.,real
1,Phishing - Account Block Threat,Apka State Bank ka account tax jama na krwane ki waja se block ho gaya hai. Abhi rabta krein 0355307670 par warna account hamesha k liye band ho jaye ga.,apka state bank ka account tax jama na krwane ki waja se block ho gaya hai. abhi rabta krein {PHONE} par warna account hamesha k liye band ho jaye ga.,real
0,Bank Tax Deduction Notification,Aap k MCB account se 1 Lakh PKR ki deduction hui hai tax ki madd mein.,aap k {BRAND} account se {AMOUNT_WORDS} lakh pkr ki deduction hui hai tax ki madd mein.,real
1,Phishing - Account Hack Warning,Apka MCB acc hack hone ka khatra h. Apna password change krne k lie abhi is number par sms karin.,apka {BRAND} acc hack hone ka khatra h. apna password change krne k lie abhi is number par sms karein.,real
1,Phishing - Account Block Threat,Apka MCB ka account system error ki waja se block ho gaya hai. Abhi pin code dain 0388847639 par warna account hamesha k liye band ho jaye ga.,apka {BRAND} ka account system error ki waja se block ho gaya hai. abhi pin code dain {PHONE} par warna account hamesha k liye band ho jaye ga.,real
1,Phishing - Account Hack Warning,Apka SadaPay account hack hone ka khatra hai. Apna password change krne k lie abhi is number par call karein.,apka {BRAND} account hack hone ka khatra hai. apna password change krne k lie abhi is number par call karein.,real
1,Phishing - Account Block Threat,Apka HBL ka account suspicious activity ki waja se block ho gaya hai. Abhi pin code dain 0370160036 par warna account hamesha k liye band ho jaye ga.,apka {BRAND} ka account suspicious activity ki waja se block ho gaya hai. abhi pin code dain {PHONE} par warna account hamesha k liye band ho jaye ga.,real
1,Phishing - Account Block Threat,Apka Allied Bank ka account system error ki waja se block ho gaya hai. Abhi sms karin 0387220430 par warna account hamesha k liye band ho jaye ga.,apka {BRAND} ka account system error ki waja se block ho gaya hai. abhi sms karein {PHONE} par warna account hamesha k liye band ho jaye ga.,real
1,Phishing - Account Block Threat,Apka JazzCash ka acc verification na hone ki waja se block ho gaya ha. Abhi sms karin 0381255876 par warna acc hamesha k liye band ho jaye ga.,apka {BRAND} ka acc verification na hone ki waja se block ho gaya hai. abhi sms karein {PHONE} par warna acc hamesha k liye band ho jaye ga.,real
0,Utility Bill Payment Reminder,"Dear Consumer, apka is mahine ka PTCL ka bill 350 PKR ha. Due date guzarne se pehle ada krn.","dear consumer, apka is mahine ka ptcl ka bill {AMOUNT} pkr ha. due date guzarne se pehle ada karein.",real
1,Phishing - Government Scheme Scam,"Moaziz sarif, apka Ehsaas Program ki taraf se 350 PKR ka inaam nikla hai. Taseeq k liye 0321966419 par sms karin.","moaziz sarif, apka ehsaas program ki taraf se {AMOUNT} pkr ka inaam nikla hai. taseeq k liye {PHONE} par sms karein.",real
0,Utility Bill Payment Reminder,"Dear Consumer, apka is mahine ka PTCL ka bill 5000 PKR h. Due date guzarne se pehle ada krn.","dear consumer, apka is mahine ka ptcl ka bill {AMOUNT} pkr h. due date guzarne se pehle ada karein.",real
1,Phishing - Account Block Threat,Apka MCB ka acc tax jama na krwane ki waja se block ho gaya h. Abhi call karin 0315835400 par warna acc hamesha k liye band ho jaye ga.,apka {BRAND} ka acc tax jama na krwane ki waja se block ho gaya hai. abhi call karein {PHONE} par warna acc hamesha k liye band ho jaye ga.,real
1,Phishing - Account Hack Warning,Apka NayaPay acc hack hone ka khatra ha. Apna password change krne k lie abhi is number par sms karin.,apka {BRAND} acc hack hone ka khatra ha. apna password change krne k lie abhi is number par sms karein.,real
1,Phishing - Account Hack Warning,Apka NayaPay acc hack hone ka khatra ha. Apna password change krne k lie abhi is number par pin code dain.,apka {BRAND} acc hack hone ka khatra ha. apna password change krne k lie abhi is number par pin code dain.,real
1,Phishing - Account Hack Warning,Apka SadaPay acount hack hone ka khatra h. Apna password change krne k lie abhi is number par rabta krein.,apka {BRAND} account hack hone ka khatra h. apna password change krne k lie abhi is number par rabta krein.,real
1,Phishing - Account Block Threat,Apka NayaPay ka acc system error ki waja se block ho gaya h. Abhi details send krain 0398264956 par warna acc hamesha k liye band ho jaye ga.,apka {BRAND} ka acc system error ki waja se block ho gaya hai. abhi details send krain {PHONE} par warna acc hamesha k liye band ho jaye ga.,real
1,Phishing - Account Block Threat,Apka MCB ka account tax jama na krwane ki waja se block ho gaya hai. Abhi rabta krein 0397184576 par warna account hamesha k liye band ho jaye ga.,apka {BRAND} ka account tax jama na krwane ki waja se block ho gaya hai. abhi rabta krein {PHONE} par warna account hamesha k liye band ho jaye ga.,real
1,Phishing - Account Block Threat,Apka UBL ka acc suspicious activity ki waja se block ho gaya ha. Abhi call kren 0326022960 par warna acc hamesha k liye band ho jaye ga.,apka {BRAND} ka acc suspicious activity ki waja se block ho gaya hai. abhi call karein {PHONE} par warna acc hamesha k liye band ho jaye ga.,real
0,Bank Tax Deduction Notification,Aap k HBL acount se 1 Lakh PKR ki deduction hui h tax ki madd mein.,aap k {BRAND} account se {AMOUNT_WORDS} lakh pkr ki deduction hui h tax ki madd mein.,real
0,Bank Tax Deduction Notification,Aap k HBL acc se 1 Lakh PKR ki deduction hui h tax ki madd mein.,aap k {BRAND} acc se {AMOUNT_WORDS} lakh pkr ki deduction hui h tax ki madd mein.,real
0,Bank Tax Deduction Notification,Aap k Meezan Bank acc se 1 Lakh PKR ki deduction hui ha tax ki madd mein.,aap k {BRAND} acc se {AMOUNT_WORDS} lakh pkr ki deduction hui ha tax ki madd mein.,real
1,Phishing - Account Hack Warning,Apka State Bank acount hack hone ka khatra h. Apna password change krne k lie abhi is number par sms karin.,apka state bank account hack hone ka khatra h. apna password change krne k lie abhi is number par sms karein.,real
1,Phishing - Account Hack Warning,Apka State Bank account hack hone ka khatra hai. Apna password change krne k lie abhi is number par sms karin.,apka state bank account hack hone ka khatra hai. apna password change krne k lie abhi is number par sms karein.,real
1,Phishing - Account Block Threat,Apka State Bank ka acc suspicious activity ki waja se block ho gaya ha. Abhi rabta krein 0348454773 par warna acc hamesha k liye band ho jaye ga.,apka state bank ka acc suspicious activity ki waja se block ho gaya hai. abhi rabta krein {PHONE} par warna acc hamesha k liye band ho jaye ga.,real
1,Phishing - Account Hack Warning,Apka State Bank acount hack hone ka khatra ha. Apna password change krne k lie abhi is number par OTP bataen.,apka state bank account hack hone ka khatra ha. apna password change krne k lie abhi is number par otp bataen.,real
1,Phishing - Account Hack Warning,Apka State Bank account hack hone ka khatra hai. Apna password change krne k lie abhi is number par OTP bataen.,apka state bank account hack hone ka khatra hai. apna password change krne k lie abhi is number par otp bataen.,real
1,Phishing - Account Block Threat,Apka State Bank ka account KYC update na hone ki waja se block ho gaya hai. Abhi OTP bataen 0344037735 par warna account hamesha k liye band ho jaye ga.,apka state bank ka account kyc update na hone ki waja se block ho gaya hai. abhi otp bataen {PHONE} par warna account hamesha k liye band ho jaye ga.,real
1,Phishing - Account Block Threat,Apka State Bank ka account KYC update na hone ki waja se block ho gaya hai. Abhi call karein 0310151539 par warna account hamesha k liye band ho jaye ga.,apka state bank ka account kyc update na hone ki waja se block ho gaya hai. abhi call karein {PHONE} par warna account hamesha k liye band ho jaye ga.,real
1,Phishing - Account Block Threat,Apka State Bank ka account suspicious activity ki waja se block ho gaya hai. Abhi call karein 0390987702 par warna account hamesha k liye band ho jaye ga.,apka state bank ka account suspicious activity ki waja se block ho gaya hai. abhi call karein {PHONE} par warna account hamesha k liye band ho jaye ga.,real
1,Phishing - Account Block Threat,Apka State Bank ka account suspicious activity ki waja se block ho gaya hai. Abhi pin code dain 0310305459 par warna account hamesha k liye band ho jaye ga.,apka state bank ka account suspicious activity ki waja se block ho gaya hai. abhi pin code dain {PHONE} par warna account hamesha k liye band ho jaye ga.,real
1,Phishing - Account Block Threat,Apka State Bank ka account tax jama na krwane ki waja se block ho gaya hai. Abhi call karein 0338090309 par warna account hamesha k liye band ho jaye ga.,apka state bank ka account tax jama na krwane ki waja se block ho gaya hai. abhi call karein {PHONE} par warna account hamesha k liye band ho jaye ga.,real
1,Phishing - Account Hack Warning,Apka UBL acount hack hone ka khatra h. Apna password change krne k lie abhi is number par call karin.,apka {BRAND} account hack hone ka khatra h. apna password change krne k lie abhi is number par call karein.,real
1,Phishing - Account Hack Warning,Apka JazzCash acc hack hone ka khatra h. Apna password change krne k lie abhi is number par OTP bataen.,apka {BRAND} acc hack hone ka khatra h. apna password change krne k lie abhi is number par otp bataen.,real
1,Phishing - Account Hack Warning,Apka Allied Bank acc hack hone ka khatra h. Apna password change krne k lie abhi is number par details send krain.,apka {BRAND} acc hack hone ka khatra h. apna password change krne k lie abhi is number par details send krain.,real
1,Phishing - Account Hack Warning,Apka HBL account hack hone ka khatra hai. Apna password change krne k lie abhi is number par pin code dain.,apka {BRAND} account hack hone ka khatra hai. apna password change krne k lie abhi is number par pin code dain.,real
1,Phishing - Account Hack Warning,Apka Allied Bank acount hack hone ka khatra ha. Apna password change krne k lie abhi is number par details send krain.,apka {BRAND} account hack hone ka khatra ha. apna password change krne k lie abhi is number par details send krain.,real
1,Phishing - Account Hack Warning,Apka UBL acount hack hone ka khatra ha. Apna password change krne k lie abhi is number par sms karin.,apka {BRAND} account hack hone ka khatra ha. apna password change krne k lie abhi is number par sms karein.,real
1,Phishing - Account Hack Warning,Apka Allied Bank acc hack hone ka khatra ha. Apna password change krne k lie abhi is number par details send krain.,apka {BRAND} acc hack hone ka khatra ha. apna password change krne k lie abhi is number par details send krain.,real
1,Phishing - Account Block Threat,Apka SadaPay ka acc KYC update na hone ki waja se block ho gaya ha. Abhi call karin 0380909208 par warna acc hamesha k liye band ho jaye ga.,apka {BRAND} ka acc kyc update na hone ki waja se block ho gaya hai. abhi call karein {PHONE} par warna acc hamesha k liye band ho jaye ga.,real
1,Phishing - Account Block Threat,Apka MCB ka acc KYC update na hone ki waja se block ho gaya ha. Abhi OTP bataen 0392494467 par warna acc hamesha k liye band ho jaye ga.,apka {BRAND} ka acc kyc update na hone ki waja se block ho gaya hai. abhi otp bataen {PHONE} par warna acc hamesha k liye band ho jaye ga.,real
1,Phishing - Account Block Threat,Apka Meezan Bank ka acc KYC update na hone ki waja se block ho gaya h. Abhi pin code dain 0366211836 par warna acc hamesha k liye band ho jaye ga.,apka {BRAND} ka acc kyc update na hone ki waja se block ho gaya hai. abhi pin code dain {PHONE} par warna acc hamesha k liye band ho jaye ga.,real
1,Phishing - Account Block Threat,Apka UBL ka acc tax jama na krwane ki waja se block ho gaya ha. Abhi details send krain 0354989757 par warna acc hamesha k liye band ho jaye ga.,apka {BRAND} ka acc tax jama na krwane ki waja se block ho gaya hai. abhi details send krain {PHONE} par warna acc hamesha k liye band ho jaye ga.,real
1,Phishing - Account Block Threat,Apka Easypaisa ka acc verification na hone ki waja se block ho gaya ha. Abhi pin code dain 0321297952 par warna acc hamesha k liye band ho jaye ga.,apka {BRAND} ka acc verification na hone ki waja se block ho gaya hai. abhi pin code dain {PHONE} par warna acc hamesha k liye band ho jaye ga.,real
1,Phishing - Account Block Threat,Apka Allied Bank ka acc verification na hone ki waja se block ho gaya ha. Abhi OTP bataen 0368150904 par warna acc hamesha k liye band ho jaye ga.,apka {BRAND} ka acc verification na hone ki waja se block ho gaya hai. abhi otp bataen {PHONE} par warna acc hamesha k liye band ho jaye ga.,real
1,Phishing - Account Block Threat,Apka HBL ka acc suspicious activity ki waja se block ho gaya h. Abhi pin code dain 0328526695 par warna acc hamesha k liye band ho jaye ga.,apka {BRAND} ka acc suspicious activity ki waja se block ho gaya hai. abhi pin code dain {PHONE} par warna acc hamesha k liye band ho jaye ga.,real
1,Phishing - Account Block Threat,Apka UBL ka acc suspicious activity ki waja se block ho gaya h. Abhi OTP bataen 0382200518 par warna acc hamesha k liye band ho jaye ga.,apka {BRAND} ka acc suspicious activity ki waja se block ho gaya hai. abhi otp bataen {PHONE} par warna acc hamesha k liye band ho jaye ga.,real
1,Phishing - Account Block Threat,Apka NayaPay ka acc verification na hone ki waja se block ho gaya h. Abhi call krn 0348268204 par warna acc hamesha k liye band ho jaye ga.,apka {BRAND} ka acc verification na hone ki waja se block ho gaya hai. abhi call karein {PHONE} par warna acc hamesha k liye band ho jaye ga.,real
1,Phishing - Account Block Threat,Apka State Bank ka account system error ki waja se block ho gaya hai. Abhi sms karin 0331281484 par warna account hamesha k liye band ho jaye ga.,apka state bank ka account system error ki waja se block ho gaya hai. abhi sms karein {PHONE} par warna account hamesha k liye band ho jaye ga.,real
1,Phishing - Account Block Threat,Apka State Bank ka account tax jama na krwane ki waja se block ho gaya hai. Abhi pin code dain 0329062809 par warna account hamesha k liye band ho jaye ga.,apka state bank ka account tax jama na krwane ki waja se block ho gaya hai. abhi pin code dain {PHONE} par warna account hamesha k liye band ho jaye ga.,real
1,Phishing - Account Block Threat,Apka State Bank ka account tax jama na krwane ki waja se block ho gaya hai. Abhi details send krain 0351453743 par warna account hamesha k liye band ho jaye ga.,apka state bank ka account tax jama na krwane ki waja se block ho gaya hai. abhi details send krain {PHONE} par warna account hamesha k liye band ho jaye ga.,real
0,Utility Bill Payment Reminder,"Dear Consumer, apka is mahine ka K-Electric ka bill 75,000 PKR ha. Due date guzarne se pehle ada karin.","dear consumer, apka is mahine ka k-electric ka bill {AMOUNT} pkr ha. due date guzarne se pehle ada karein.",real
0,Utility Bill Payment Reminder,"Dear Consumer, apka is mahine ka K-Electric ka bill 1 Lakh PKR h. Due date guzarne se pehle ada krn.","dear consumer, apka is mahine ka k-electric ka bill {AMOUNT_WORDS} lakh pkr h. due date guzarne se pehle ada karein.",real
1,Phishing - Wrong Number Refund Scam,"Bh apke number par ghalti se mere 350 rs aa gaye hn easypaisa me, please wapis bhej dain shukar guzar hunga.","bh apke number par ghalti se mere {AMOUNT} rs aa gaye hain {BRAND} me, please wapis bhej dain shukar guzar hunga.",real
1,Phishing - Wrong Number Refund Scam,"Bha apke number par ghalti se mere 1 Lakh rs aa gaye han easypaisa me, please wapis bhej dain shukar guzar hunga.","bha apke number par ghalti se mere {AMOUNT_WORDS} lakh rs aa gaye han {BRAND} me, please wapis bhej dain shukar guzar hunga.",real
1,Phishing - Wrong Number Refund Scam,"Bh apke number par ghalti se mere 1 Lakh rs aa gaye hn easypaisa me, please wapis bhej dain shukar guzar hunga.","bh apke number par ghalti se mere {AMOUNT_WORDS} lakh rs aa gaye hain {BRAND} me, please wapis bhej dain shukar guzar hunga.",real
1,Phishing - Account Block Threat,Apka Allied Bank ka account verification na hone ki waja se block ho gaya hai. Abhi OTP bataen 0347569364 par warna account hamesha k liye band ho jaye ga.,apka {BRAND} ka account verification na hone ki waja se block ho gaya hai. abhi otp bataen {PHONE} par warna account hamesha k liye band ho jaye ga.,real
1,Phishing - Reward/Lottery Scam,"Moaziz sarif, apka Inaam Ghar ki taraf se 350 PKR ka inaam nikla ha. Taseeq k liye 0394408235 par pin code dain.","moaziz sarif, apka {BRAND} ki taraf se {AMOUNT} pkr ka inaam nikla ha. taseeq k liye {PHONE} par pin code dain.",real
1,Phishing - Government Scheme Scam,"Moaziz sarif, apka Benazir Income Support ki taraf se 1 Lakh PKR ka inaam nikla hai. Taseeq k liye 0351687418 par details send krain.","moaziz sarif, apka {BRAND} ki taraf se {AMOUNT_WORDS} lakh pkr ka inaam nikla hai. taseeq k liye {PHONE} par details send krain.",real
1,Phishing - Reward/Lottery Scam,"Moaziz sarif, apka BISP ki taraf se 1 Lakh PKR ka inaam nikla h. Taseeq k liye 0386566571 par details send krain.","moaziz sarif, apka {BRAND} ki taraf se {AMOUNT_WORDS} lakh pkr ka inaam nikla h. taseeq k liye {PHONE} par details send krain.",real
1,Phishing - Government Scheme Scam,"Moaziz sarif, apka Benazir Income Support ki taraf se 1 Lakh PKR ka inaam nikla hai. Taseeq k liye 0382809319 par call karein.","moaziz sarif, apka {BRAND} ki taraf se {AMOUNT_WORDS} lakh pkr ka inaam nikla hai. taseeq k liye {PHONE} par call karein.",real
1,Phishing - Government Scheme Scam,"Moaziz sarif, apka Benazir Income Support ki taraf se 1 Lakh PKR ka inaam nikla h. Taseeq k liye 0382912813 par pin code dain.","moaziz sarif, apka {BRAND} ki taraf se {AMOUNT_WORDS} lakh pkr ka inaam nikla h. taseeq k liye {PHONE} par pin code dain.",real
1,Phishing - Government Scheme Scam,"Moaziz sarif, apka Ehsaas Program ki taraf se 12500 PKR ka inaam nikla ha. Taseeq k liye 0320978909 par pin code dain.","moaziz sarif, apka ehsaas program ki taraf se {AMOUNT} pkr ka inaam nikla ha. taseeq k liye {PHONE} par pin code dain.",real
1,Phishing - Government Scheme Scam,"Moaziz sarif, apka Ehsaas Program ki taraf se 75,000 PKR ka inaam nikla ha. Taseeq k liye 0339776122 par call krn.","moaziz sarif, apka ehsaas program ki taraf se {AMOUNT} pkr ka inaam nikla ha. taseeq k liye {PHONE} par call karein.",real
1,Phishing - Government Scheme Scam,"Moaziz sarif, apka Ehsaas Program ki taraf se 2500 PKR ka inaam nikla hai. Taseeq k liye 0389910179 par OTP bataen.","moaziz sarif, apka ehsaas program ki taraf se {AMOUNT} pkr ka inaam nikla hai. taseeq k liye {PHONE} par otp bataen.",real
1,Phishing - Reward/Lottery Scam,"Moaziz sarif, apka Jeeto Pakistan ki taraf se 50,000 PKR ka inaam nikla h. Taseeq k liye 0397411978 par rabta krein.","moaziz sarif, apka jeeto pakistan ki taraf se {AMOUNT} pkr ka inaam nikla h. taseeq k liye {PHONE} par rabta krein.",real
1,Phishing - Reward/Lottery Scam,"Moaziz sarif, apka Jeeto Pakistan ki taraf se 1 Lakh PKR ka inaam nikla h. Taseeq k liye 0357935065 par pin code dain.","moaziz sarif, apka jeeto pakistan ki taraf se {AMOUNT_WORDS} lakh pkr ka inaam nikla h. taseeq k liye {PHONE} par pin code dain.",real
1,Phishing - Government Scheme Scam,"Moaziz sarif, apka Ehsaas Program ki taraf se 12500 PKR ka inaam nikla hai. Taseeq k liye 0391463803 par rabta krein.","moaziz sarif, apka ehsaas program ki taraf se {AMOUNT} pkr ka inaam nikla hai. taseeq k liye {PHONE} par rabta krein.",real
1,Phishing - Government Scheme Scam,"Moaziz sarif, apka Ehsaas Program ki taraf se 2500 PKR ka inaam nikla ha. Taseeq k liye 0364141938 par details send krain.","moaziz sarif, apka ehsaas program ki taraf se {AMOUNT} pkr ka inaam nikla ha. taseeq k liye {PHONE} par details send krain.",real
1,Phishing - ATM Card Suspend Link,"Dear Customer, apka ATM card suspend kar dia gya ha. Apni details update krne k liye is link www.reward-claim.info pr click krain.","dear customer, apka atm card suspend kar dia gya ha. apni details update krne k liye is link www.reward-claim.info pr click krain.",real
0,Utility Bill Payment Reminder,"Dear Consumer, apka is mahine ka Sui Gas ka bill 50,000 PKR h. Due date guzarne se pehle ada kren.","dear consumer, apka is mahine ka sui gas ka bill {AMOUNT} pkr h. due date guzarne se pehle ada karein.",real
0,Utility Bill Payment Reminder,"Dear Consumer, apka is mahine ka PTCL ka bill 1 Lakh PKR hai. Due date guzarne se pehle ada karein.","dear consumer, apka is mahine ka ptcl ka bill {AMOUNT_WORDS} lakh pkr hai. due date guzarne se pehle ada karein.",real
1,Phishing - ATM Card Suspend Link,"Dear Customer, apka ATM card suspend kar dia gya ha. Apni details update krne k liye is link www.hbl-update-kyc.com pr click krain.","dear customer, apka atm card suspend kar dia gya ha. apni details update krne k liye is link www.{BRAND}-update-kyc.com pr click krain.",real
0,Bank Deposit Notification,"Dear Customer, Apke SadaPay acc me 1 Lakh PKR deposit hue hn. Available Balance: 1 Lakh PKR.","dear customer, apke {BRAND} acc me {AMOUNT_WORDS} lakh pkr deposit hue hain. available balance: {AMOUNT_WORDS} lakh pkr.",real
1,Phishing - ATM Card Suspend Link,"Dear Customer, apka ATM card suspend kar dia gya hai. Apni details update krne k liye is link www.hbl-update-kyc.com pr click krain.","dear customer, apka atm card suspend kar dia gya hai. apni details update krne k liye is link www.{BRAND}-update-kyc.com pr click krain.",real
0,Bank Deposit Notification,"Dear Customer, Apke JazzCash acc me 1 Lakh PKR deposit hue han. Available Balance: 1 Lakh PKR.","dear customer, apke {BRAND} acc me {AMOUNT_WORDS} lakh pkr deposit hue han. available balance: {AMOUNT_WORDS} lakh pkr.",real
0,Bank Deposit Notification,"Dear Customer, Apke State Bank acc me 12500 PKR deposit hue hn. Available Balance: 12500 PKR.","dear customer, apke state bank acc me {AMOUNT} pkr deposit hue hain. available balance: {AMOUNT} pkr.",real
0,Bank Deposit Notification,"Dear Customer, Apke State Bank acount me 5000 PKR deposit hue han. Available Balance: 5000 PKR.","dear customer, apke state bank account me {AMOUNT} pkr deposit hue han. available balance: {AMOUNT} pkr.",real
0,Bank Deposit Notification,"Dear Customer, Apke NayaPay acount me 1 Lakh PKR deposit hue han. Available Balance: 1 Lakh PKR.","dear customer, apke {BRAND} account me {AMOUNT_WORDS} lakh pkr deposit hue han. available balance: {AMOUNT_WORDS} lakh pkr.",real
0,Utility Bill Cleared Notification,K-Electric Alert: Apka pichla bill clear ho chuka h. Current balance is 0 PKR.,k-electric alert: apka pichla bill clear ho chuka h. current balance is {AMOUNT} pkr.,real
1,Phishing - Government Scheme Scam,"Moaziz sarif, apka Ehsaas Program ki taraf se 1 Lakh PKR ka inaam nikla hai. Taseeq k liye 0372860792 par call karein.","moaziz sarif, apka ehsaas program ki taraf se {AMOUNT_WORDS} lakh pkr ka inaam nikla hai. taseeq k liye {PHONE} par call karein.",real
1,Phishing - Government Scheme Scam,"Moaziz sarif, apka Ehsaas Program ki taraf se 12500 PKR ka inaam nikla h. Taseeq k liye 0365779737 par rabta krein.","moaziz sarif, apka ehsaas program ki taraf se {AMOUNT} pkr ka inaam nikla h. taseeq k liye {PHONE} par rabta krein.",real
1,Phishing - Government Scheme Scam,"Moaziz sarif, apka Ehsaas Program ki taraf se 75,000 PKR ka inaam nikla h. Taseeq k liye 0326846996 par sms karin.","moaziz sarif, apka ehsaas program ki taraf se {AMOUNT} pkr ka inaam nikla h. taseeq k liye {PHONE} par sms karein.",real
1,Phishing - ATM Card Suspend Link,"Dear Customer, apka ATM card suspend kar dia gya hai. Apni details update krne k liye is link http://bit.ly/update-acc pr click krain.","dear customer, apka atm card suspend kar dia gya hai. apni details update krne k liye is link http://bit.ly/update-acc pr click krain.",real
1,Phishing - Reward/Lottery Scam,"Moaziz sarif, apka BISP ki taraf se 50,000 PKR ka inaam nikla ha. Taseeq k liye 0343755158 par rabta krein.","moaziz sarif, apka {BRAND} ki taraf se {AMOUNT} pkr ka inaam nikla ha. taseeq k liye {PHONE} par rabta krein.",real
1,Phishing - Government Scheme Scam,"Moaziz sarif, apka Benazir Income Support ki taraf se 10000 PKR ka inaam nikla ha. Taseeq k liye 0318245575 par call krn.","moaziz sarif, apka {BRAND} ki taraf se {AMOUNT} pkr ka inaam nikla ha. taseeq k liye {PHONE} par call karein.",real
1,Phishing - Reward/Lottery Scam,"Moaziz sarif, apka BISP ki taraf se 2500 PKR ka inaam nikla ha. Taseeq k liye 0362782181 par OTP bataen.","moaziz sarif, apka {BRAND} ki taraf se {AMOUNT} pkr ka inaam nikla ha. taseeq k liye {PHONE} par otp bataen.",real
1,Phishing - Government Scheme Scam,"Moaziz sarif, apka Benazir Income Support ki taraf se 350 PKR ka inaam nikla h. Taseeq k liye 0359044057 par sms karin.","moaziz sarif, apka {BRAND} ki taraf se {AMOUNT} pkr ka inaam nikla h. taseeq k liye {PHONE} par sms karein.",real
1,Phishing - Reward/Lottery Scam,"Moaziz sarif, apka Inaam Ghar ki taraf se 10000 PKR ka inaam nikla h. Taseeq k liye 0353620508 par pin code dain.","moaziz sarif, apka {BRAND} ki taraf se {AMOUNT} pkr ka inaam nikla h. taseeq k liye {PHONE} par pin code dain.",real
1,Phishing - Reward/Lottery Scam,"Moaziz sarif, apka BISP ki taraf se 1 Lakh PKR ka inaam nikla hai. Taseeq k liye 0345978347 par pin code dain.","moaziz sarif, apka {BRAND} ki taraf se {AMOUNT_WORDS} lakh pkr ka inaam nikla hai. taseeq k liye {PHONE} par pin code dain.",real
0,Utility Bill Cleared Notification,PTCL Alert: Apka pichla bill clear ho chuka hai. Current balance is 0 PKR.,ptcl alert: apka pichla bill clear ho chuka hai. current balance is {AMOUNT} pkr.,real
1,Phishing - Government Scheme Scam,"Mubarak ho! Ehsaas Program main apka 75,000 ka inam lga ha. Apna inam hasil krne k lie apna State Bank pin is number par send krin.","mubarak ho! ehsaas program main apka 75,000 ka inam lga ha. apna inam hasil krne k lie apna state bank pin is number par send krin.",real
1,Phishing - Government Scheme Scam,"Mubarak ho! Ehsaas Program main apka 50,000 ka inam lga ha. Apna inam hasil krne k lie apna NayaPay pin is number par send krin.","mubarak ho! ehsaas program main apka 50,000 ka inam lga ha. apna inam hasil krne k lie apna {BRAND} pin is number par send krin.",real
1,Phishing - Government Scheme Scam,Mubarak ho! Benazir Income Support main apka 350 ka inam lga ha. Apna inam hasil krne k lie apna State Bank pin is number par send krin.,mubarak ho! {BRAND} main apka 350 ka inam lga ha. apna inam hasil krne k lie apna state bank pin is number par send krin.,real
1,Phishing - Reward/Lottery Scam,"Mubarak ho! BISP main apka 50,000 ka inam lga ha. Apna inam hasil krne k lie apna State Bank pin is number par send krin.","mubarak ho! {BRAND} main apka 50,000 ka inam lga ha. apna inam hasil krne k lie apna state bank pin is number par send krin.",real
1,Phishing - Reward/Lottery Scam,Mubarak ho! Jeeto Pakistan main apka 2500 ka inam lga ha. Apna inam hasil krne k lie apna State Bank pin is number par send krin.,mubarak ho! jeeto pakistan main apka {NUM} ka inam lga ha. apna inam hasil krne k lie apna state bank pin is number par send krin.,real
1,Phishing - Government Scheme Scam,Mubarak ho! Ehsaas Program main apka 2500 ka inam lga ha. Apna inam hasil krne k lie apna State Bank pin is number par send krin.,mubarak ho! ehsaas program main apka {NUM} ka inam lga ha. apna inam hasil krne k lie apna state bank pin is number par send krin.,real
1,Phishing - Government Scheme Scam,Mubarak ho! Ehsaas Program main apka 1 Lakh ka inam lga ha. Apna inam hasil krne k lie apna State Bank pin is number par send krin.,mubarak ho! ehsaas program main apka {AMOUNT_WORDS} lakh ka inam lga ha. apna inam hasil krne k lie apna state bank pin is number par send krin.,real
1,Phishing - Government Scheme Scam,Mubarak ho! Ehsaas Program main apka 1 Lakh ka inam lga ha. Apna inam hasil krne k lie apna HBL pin is number par send krin.,mubarak ho! ehsaas program main apka {AMOUNT_WORDS} lakh ka inam lga ha. apna inam hasil krne k lie apna {BRAND} pin is number par send krin.,real
0,Salary Credit Notification,Salary of 10000 PKR has been credited to your State Bank acc. Thank you.,salary of {AMOUNT} pkr has been credited to your state bank acc. thank you.,real
1,Phishing - Account Freeze (FBR) Threat,FBR ki taraf se apka JazzCash acc freeze kr dia gya h. Unblock krwane k lie abhi OTP pin code dain.,{BRAND} ki taraf se apka {BRAND} acc freeze kr dia gya h. unblock krwane k lie abhi otp pin code dain.,real
1,Phishing - Account Freeze (FBR) Threat,FBR ki taraf se apka Allied Bank acc freeze kr dia gya h. Unblock krwane k lie abhi OTP rabta krein.,{BRAND} ki taraf se apka {BRAND} acc freeze kr dia gya h. unblock krwane k lie abhi otp rabta krein.,real
1,Phishing - Account Freeze (FBR) Threat,FBR ki taraf se apka State Bank account freeze kr dia gya hai. Unblock krwane k lie abhi OTP sms karin.,{BRAND} ki taraf se apka state bank account freeze kr dia gya hai. unblock krwane k lie abhi otp sms karein.,real
1,Phishing - Account Freeze (FBR) Threat,FBR ki taraf se apka State Bank account freeze kr dia gya hai. Unblock krwane k lie abhi OTP pin code dain.,{BRAND} ki taraf se apka state bank account freeze kr dia gya hai. unblock krwane k lie abhi otp pin code dain.,real
1,Phishing - Account Freeze (FBR) Threat,FBR ki taraf se apka State Bank account freeze kr dia gya hai. Unblock krwane k lie abhi OTP OTP bataen.,{BRAND} ki taraf se apka state bank account freeze kr dia gya hai. unblock krwane k lie abhi otp otp bataen.,real
0,Utility Bill Cleared Notification,IESCO Alert: Apka pichla bill clear ho chuka hai. Current balance is 0 PKR.,{BRAND} alert: apka pichla bill clear ho chuka hai. current balance is {AMOUNT} pkr.,real
1,Phishing - Account Freeze (FBR) Threat,FBR ki taraf se apka State Bank acount freeze kr dia gya ha. Unblock krwane k lie abhi OTP sms karin.,{BRAND} ki taraf se apka state bank account freeze kr dia gya ha. unblock krwane k lie abhi otp sms karein.,real
0,Utility Bill Cleared Notification,IESCO Alert: Apka pichla bill clear ho chuka h. Current balance is 0 PKR.,{BRAND} alert: apka pichla bill clear ho chuka h. current balance is {AMOUNT} pkr.,real
0,Utility Bill Cleared Notification,Sui Gas Alert: Apka pichla bill clear ho chuka hai. Current balance is 0 PKR.,sui gas alert: apka pichla bill clear ho chuka hai. current balance is {AMOUNT} pkr.,real
1,Phishing - Account Freeze (FBR) Threat,FBR ki taraf se apka State Bank account freeze kr dia gya hai. Unblock krwane k lie abhi OTP rabta krein.,{BRAND} ki taraf se apka state bank account freeze kr dia gya hai. unblock krwane k lie abhi otp rabta krein.,real
1,Phishing - Account Freeze (FBR) Threat,FBR ki taraf se apka HBL acount freeze kr dia gya ha. Unblock krwane k lie abhi OTP OTP bataen.,{BRAND} ki taraf se apka {BRAND} account freeze kr dia gya ha. unblock krwane k lie abhi otp otp bataen.,real
1,Phishing - Account Freeze (FBR) Threat,FBR ki taraf se apka Allied Bank acc freeze kr dia gya ha. Unblock krwane k lie abhi OTP details send krain.,{BRAND} ki taraf se apka {BRAND} acc freeze kr dia gya ha. unblock krwane k lie abhi otp details send krain.,real
1,Phishing - Account Freeze (FBR) Threat,FBR ki taraf se apka NayaPay acount freeze kr dia gya ha. Unblock krwane k lie abhi OTP pin code dain.,{BRAND} ki taraf se apka {BRAND} account freeze kr dia gya ha. unblock krwane k lie abhi otp pin code dain.,real
1,Phishing - Account Freeze (FBR) Threat,FBR ki taraf se apka HBL acc freeze kr dia gya ha. Unblock krwane k lie abhi OTP sms karin.,{BRAND} ki taraf se apka {BRAND} acc freeze kr dia gya ha. unblock krwane k lie abhi otp sms karein.,real
1,Phishing - Account Freeze (FBR) Threat,FBR ki taraf se apka Easypaisa acount freeze kr dia gya h. Unblock krwane k lie abhi OTP call karin.,{BRAND} ki taraf se apka {BRAND} account freeze kr dia gya h. unblock krwane k lie abhi otp call karein.,real
1,Phishing - Reward/Lottery Scam,"Congratulations! Aapka mobile number is week ke lucky draw mein select hua hai aur aapne 5,000 PKR jeet liye hain. Claim karne ke liye 0311419610 par abhi call karein.",congratulations! aapka mobile number is week ke lucky draw mein select hua hai aur aapne {amount} pkr jeet liye hain. claim karne ke liye {phone} par abhi call karein.,synthetic
1,Phishing - Reward/Lottery Scam,Congratulations! Aapka mobile number is week ke lucky draw mein select hua hai aur aapne 500 PKR jeet liye hain. Claim karne ke liye 0312458591 par abhi call karein.,congratulations! aapka mobile number is week ke lucky draw mein select hua hai aur aapne {amount} pkr jeet liye hain. claim karne ke liye {phone} par abhi call karein.,synthetic
1,Phishing - Reward/Lottery Scam,Congratulations! Aapka mobile number is week ke lucky draw mein select hua hai aur aapne 500 PKR jeet liye hain. Claim karne ke liye 0334903402 par abhi call karein.,congratulations! aapka mobile number is week ke lucky draw mein select hua hai aur aapne {amount} pkr jeet liye hain. claim karne ke liye {phone} par abhi call karein.,synthetic
1,Phishing - Reward/Lottery Scam,"Congratulations! Aapka mobile number is week ke lucky draw mein select hua hai aur aapne 75,000 PKR jeet liye hain. Claim karne ke liye 0388038374 par abhi call karein.",congratulations! aapka mobile number is week ke lucky draw mein select hua hai aur aapne {amount} pkr jeet liye hain. claim karne ke liye {phone} par abhi call karein.,synthetic
1,Phishing - Reward/Lottery Scam,"HBL appreciation bonus: Loyal customer hone ki wajah se apko 2,500 PKR ka voucher mila hai. Redeem code hasil karne k liye is link par register karein: bit.ly/226772",{brand} appreciation bonus: loyal customer hone ki wajah se apko {amount} pkr ka voucher mila hai. redeem code hasil karne k liye is link par register karein: bit.ly/{num},synthetic
1,Phishing - Reward/Lottery Scam,"Bank Alfalah appreciation bonus: Loyal customer hone ki wajah se apko 10,000 PKR ka voucher mila hai. Redeem code hasil karne k liye is link par register karein: bit.ly/889662",{brand} appreciation bonus: loyal customer hone ki wajah se apko {amount} pkr ka voucher mila hai. redeem code hasil karne k liye is link par register karein: bit.ly/{num},synthetic
1,Phishing - Reward/Lottery Scam,"Bank Alfalah appreciation bonus: Loyal customer hone ki wajah se apko 50,000 PKR ka voucher mila hai. Redeem code hasil karne k liye is link par register karein: bit.ly/131889",{brand} appreciation bonus: loyal customer hone ki wajah se apko {amount} pkr ka voucher mila hai. redeem code hasil karne k liye is link par register karein: bit.ly/{num},synthetic
1,Phishing - Reward/Lottery Scam,"Askari Bank appreciation bonus: Loyal customer hone ki wajah se apko 10,000 PKR ka voucher mila hai. Redeem code hasil karne k liye is link par register karein: bit.ly/606397",{brand} appreciation bonus: loyal customer hone ki wajah se apko {amount} pkr ka voucher mila hai. redeem code hasil karne k liye is link par register karein: bit.ly/{num},synthetic
1,Phishing - Reward/Lottery Scam,"Khushkhabri! PSL lucky winner list mein apka naam shamil hai. Prize 7,500 PKR hai. Verification k liye apna CNIC number reply mein bhejein warna prize cancel ho jaye ga.",khushkhabri! psl lucky winner list mein apka naam shamil hai. prize {amount} pkr hai. verification k liye apna cnic number reply mein bhejein warna prize cancel ho jaye ga.,synthetic
1,Phishing - Reward/Lottery Scam,"Khushkhabri! PSL lucky winner list mein apka naam shamil hai. Prize 10,000 PKR hai. Verification k liye apna CNIC number reply mein bhejein warna prize cancel ho jaye ga.",khushkhabri! psl lucky winner list mein apka naam shamil hai. prize {amount} pkr hai. verification k liye apna cnic number reply mein bhejein warna prize cancel ho jaye ga.,synthetic
1,Phishing - Reward/Lottery Scam,"Khushkhabri! PSL lucky winner list mein apka naam shamil hai. Prize 1,000 PKR hai. Verification k liye apna CNIC number reply mein bhejein warna prize cancel ho jaye ga.",khushkhabri! psl lucky winner list mein apka naam shamil hai. prize {amount} pkr hai. verification k liye apna cnic number reply mein bhejein warna prize cancel ho jaye ga.,synthetic
1,Phishing - Reward/Lottery Scam,"Khushkhabri! PSL lucky winner list mein apka naam shamil hai. Prize 2,500 PKR hai. Verification k liye apna CNIC number reply mein bhejein warna prize cancel ho jaye ga.",khushkhabri! psl lucky winner list mein apka naam shamil hai. prize {amount} pkr hai. verification k liye apna cnic number reply mein bhejein warna prize cancel ho jaye ga.,synthetic
1,Phishing - Reward/Lottery Scam,"Assalam o Alaikum, hum Askari Bank ki taraf se bol rahe hain. Apka number Eid lucky draw mein nikla hai, inam 500 PKR ka hai. Foran apna account number confirm karwayen taake payment ho sake.","assalam o alaikum, hum {brand} ki taraf se bol rahe hain. apka number eid lucky draw mein nikla hai, inam {amount} pkr ka hai. foran apna account number confirm karwayen taake payment ho sake.",synthetic
1,Phishing - Reward/Lottery Scam,"Assalam o Alaikum, hum HBL ki taraf se bol rahe hain. Apka number Eid lucky draw mein nikla hai, inam 5,000 PKR ka hai. Foran apna account number confirm karwayen taake payment ho sake.","assalam o alaikum, hum {brand} ki taraf se bol rahe hain. apka number eid lucky draw mein nikla hai, inam {amount} pkr ka hai. foran apna account number confirm karwayen taake payment ho sake.",synthetic
1,Phishing - Reward/Lottery Scam,"Assalam o Alaikum, hum JazzCash ki taraf se bol rahe hain. Apka number Eid lucky draw mein nikla hai, inam 12,500 PKR ka hai. Foran apna account number confirm karwayen taake payment ho sake.","assalam o alaikum, hum {brand} ki taraf se bol rahe hain. apka number eid lucky draw mein nikla hai, inam {amount} pkr ka hai. foran apna account number confirm karwayen taake payment ho sake.",synthetic
1,Phishing - Reward/Lottery Scam,"Assalam o Alaikum, hum NayaPay ki taraf se bol rahe hain. Apka number Eid lucky draw mein nikla hai, inam 5,000 PKR ka hai. Foran apna account number confirm karwayen taake payment ho sake.","assalam o alaikum, hum {brand} ki taraf se bol rahe hain. apka number eid lucky draw mein nikla hai, inam {amount} pkr ka hai. foran apna account number confirm karwayen taake payment ho sake.",synthetic
1,Phishing - Reward/Lottery Scam,URGENT: Aap ne Easypaisa ka mega giveaway jeet liya hai! Sirf 24 ghante mein claim karna zaroori hai warna inam kisi aur ko chala jaye ga. Details k liye 0385408072 par whatsapp karein.,urgent: aap ne {brand} ka mega giveaway jeet liya hai! sirf 24 ghante mein claim karna zaroori hai warna inam kisi aur ko chala jaye ga. details k liye {phone} par whatsapp karein.,synthetic
1,Phishing - Reward/Lottery Scam,URGENT: Aap ne Bank Alfalah ka mega giveaway jeet liya hai! Sirf 24 ghante mein claim karna zaroori hai warna inam kisi aur ko chala jaye ga. Details k liye 0333320821 par whatsapp karein.,urgent: aap ne {brand} ka mega giveaway jeet liya hai! sirf 24 ghante mein claim karna zaroori hai warna inam kisi aur ko chala jaye ga. details k liye {phone} par whatsapp karein.,synthetic
1,Phishing - Reward/Lottery Scam,URGENT: Aap ne HBL ka mega giveaway jeet liya hai! Sirf 24 ghante mein claim karna zaroori hai warna inam kisi aur ko chala jaye ga. Details k liye 0313564251 par whatsapp karein.,urgent: aap ne {brand} ka mega giveaway jeet liya hai! sirf 24 ghante mein claim karna zaroori hai warna inam kisi aur ko chala jaye ga. details k liye {phone} par whatsapp karein.,synthetic
1,Phishing - Reward/Lottery Scam,URGENT: Aap ne UBL ka mega giveaway jeet liya hai! Sirf 24 ghante mein claim karna zaroori hai warna inam kisi aur ko chala jaye ga. Details k liye 0367402509 par whatsapp karein.,urgent: aap ne {brand} ka mega giveaway jeet liya hai! sirf 24 ghante mein claim karna zaroori hai warna inam kisi aur ko chala jaye ga. details k liye {phone} par whatsapp karein.,synthetic
1,Phishing - Reward/Lottery Scam,"Pyare customer, is mahine ka lucky number draw mein apko 7,500 PKR ka cash prize mila hai. Processing fee 7,500 PKR jama karwa kar apna prize nearest branch se collect karein.","pyare customer, is mahine ka lucky number draw mein apko {amount} pkr ka cash prize mila hai. processing fee {amount} pkr jama karwa kar apna prize nearest branch se collect karein.",synthetic
1,Phishing - Reward/Lottery Scam,"Pyare customer, is mahine ka lucky number draw mein apko 2,500 PKR ka cash prize mila hai. Processing fee 2,500 PKR jama karwa kar apna prize nearest branch se collect karein.","pyare customer, is mahine ka lucky number draw mein apko {amount} pkr ka cash prize mila hai. processing fee {amount} pkr jama karwa kar apna prize nearest branch se collect karein.",synthetic
1,Phishing - Reward/Lottery Scam,"Pyare customer, is mahine ka lucky number draw mein apko 1,000 PKR ka cash prize mila hai. Processing fee 1,000 PKR jama karwa kar apna prize nearest branch se collect karein.","pyare customer, is mahine ka lucky number draw mein apko {amount} pkr ka cash prize mila hai. processing fee {amount} pkr jama karwa kar apna prize nearest branch se collect karein.",synthetic
1,Phishing - Reward/Lottery Scam,"Pyare customer, is mahine ka lucky number draw mein apko 10,000 PKR ka cash prize mila hai. Processing fee 10,000 PKR jama karwa kar apna prize nearest branch se collect karein.","pyare customer, is mahine ka lucky number draw mein apko {amount} pkr ka cash prize mila hai. processing fee {amount} pkr jama karwa kar apna prize nearest branch se collect karein.",synthetic
1,Phishing - Account Block Threat,"HBL security alert: Apke account mein ghair mamooli activity dekhi gayi hai, is liye account temporarily block kar diya gaya hai. Reactivate karne k liye 0317089806 par apna OTP share karein.","{brand} security alert: apke account mein ghair mamooli activity dekhi gayi hai, is liye account temporarily block kar diya gaya hai. reactivate karne k liye {phone} par apna otp share karein.",synthetic
1,Phishing - Account Block Threat,"JazzCash security alert: Apke account mein ghair mamooli activity dekhi gayi hai, is liye account temporarily block kar diya gaya hai. Reactivate karne k liye 0312437026 par apna OTP share karein.","{brand} security alert: apke account mein ghair mamooli activity dekhi gayi hai, is liye account temporarily block kar diya gaya hai. reactivate karne k liye {phone} par apna otp share karein.",synthetic
1,Phishing - Account Block Threat,"Easypaisa security alert: Apke account mein ghair mamooli activity dekhi gayi hai, is liye account temporarily block kar diya gaya hai. Reactivate karne k liye 0323154051 par apna OTP share karein.","{brand} security alert: apke account mein ghair mamooli activity dekhi gayi hai, is liye account temporarily block kar diya gaya hai. reactivate karne k liye {phone} par apna otp share karein.",synthetic
1,Phishing - Account Block Threat,"Allied Bank security alert: Apke account mein ghair mamooli activity dekhi gayi hai, is liye account temporarily block kar diya gaya hai. Reactivate karne k liye 0388099076 par apna OTP share karein.","{brand} security alert: apke account mein ghair mamooli activity dekhi gayi hai, is liye account temporarily block kar diya gaya hai. reactivate karne k liye {phone} par apna otp share karein.",synthetic
1,Phishing - Account Block Threat,"Dear valued customer, aapka Allied Bank account KYC update na hone ki wajah se 48 ghanton mein block ho jaye ga. Update karne k liye yahan click karein: Allied Bank-verify.com","dear valued customer, aapka {brand} account kyc update na hone ki wajah se 48 ghanton mein block ho jaye ga. update karne k liye yahan click karein: {brand}-verify.com",synthetic
1,Phishing - Account Block Threat,"Dear valued customer, aapka Meezan Bank account KYC update na hone ki wajah se 48 ghanton mein block ho jaye ga. Update karne k liye yahan click karein: Meezan Bank-verify.com","dear valued customer, aapka {brand} account kyc update na hone ki wajah se 48 ghanton mein block ho jaye ga. update karne k liye yahan click karein: {brand}-verify.com",synthetic
1,Phishing - Account Block Threat,"Dear valued customer, aapka UBL account KYC update na hone ki wajah se 48 ghanton mein block ho jaye ga. Update karne k liye yahan click karein: UBL-verify.com","dear valued customer, aapka {brand} account kyc update na hone ki wajah se 48 ghanton mein block ho jaye ga. update karne k liye yahan click karein: {brand}-verify.com",synthetic
1,Phishing - Account Block Threat,"Dear valued customer, aapka NayaPay account KYC update na hone ki wajah se 48 ghanton mein block ho jaye ga. Update karne k liye yahan click karein: NayaPay-verify.com","dear valued customer, aapka {brand} account kyc update na hone ki wajah se 48 ghanton mein block ho jaye ga. update karne k liye yahan click karein: {brand}-verify.com",synthetic
1,Phishing - Account Block Threat,ALERT: Apka Faysal Bank account suspicious login ki waja se lock ho gaya hai. Turant apna password aur CNIC number is number par bhejein taake account unlock ho sake.,alert: apka {brand} account suspicious login ki waja se lock ho gaya hai. turant apna password aur cnic number is number par bhejein taake account unlock ho sake.,synthetic
1,Phishing - Account Block Threat,ALERT: Apka NayaPay account suspicious login ki waja se lock ho gaya hai. Turant apna password aur CNIC number is number par bhejein taake account unlock ho sake.,alert: apka {brand} account suspicious login ki waja se lock ho gaya hai. turant apna password aur cnic number is number par bhejein taake account unlock ho sake.,synthetic
1,Phishing - Account Block Threat,ALERT: Apka SadaPay account suspicious login ki waja se lock ho gaya hai. Turant apna password aur CNIC number is number par bhejein taake account unlock ho sake.,alert: apka {brand} account suspicious login ki waja se lock ho gaya hai. turant apna password aur cnic number is number par bhejein taake account unlock ho sake.,synthetic
1,Phishing - Account Block Threat,ALERT: Apka UBL account suspicious login ki waja se lock ho gaya hai. Turant apna password aur CNIC number is number par bhejein taake account unlock ho sake.,alert: apka {brand} account suspicious login ki waja se lock ho gaya hai. turant apna password aur cnic number is number par bhejein taake account unlock ho sake.,synthetic
1,Phishing - Account Block Threat,"Askari Bank se: Apka account maintenance ki waja se muaqqatan band hai. Dobara active karwane k liye branch visit ki zaroorat nahi, sirf apna debit card number confirm karein.","{brand} se: apka account maintenance ki waja se muaqqatan band hai. dobara active karwane k liye branch visit ki zaroorat nahi, sirf apna debit card number confirm karein.",synthetic
1,Phishing - Account Block Threat,"Easypaisa se: Apka account maintenance ki waja se muaqqatan band hai. Dobara active karwane k liye branch visit ki zaroorat nahi, sirf apna debit card number confirm karein.","{brand} se: apka account maintenance ki waja se muaqqatan band hai. dobara active karwane k liye branch visit ki zaroorat nahi, sirf apna debit card number confirm karein.",synthetic
1,Phishing - Account Block Threat,"Meezan Bank se: Apka account maintenance ki waja se muaqqatan band hai. Dobara active karwane k liye branch visit ki zaroorat nahi, sirf apna debit card number confirm karein.","{brand} se: apka account maintenance ki waja se muaqqatan band hai. dobara active karwane k liye branch visit ki zaroorat nahi, sirf apna debit card number confirm karein.",synthetic
1,Phishing - Account Block Threat,"Faysal Bank se: Apka account maintenance ki waja se muaqqatan band hai. Dobara active karwane k liye branch visit ki zaroorat nahi, sirf apna debit card number confirm karein.","{brand} se: apka account maintenance ki waja se muaqqatan band hai. dobara active karwane k liye branch visit ki zaroorat nahi, sirf apna debit card number confirm karein.",synthetic
1,Phishing - Account Block Threat,Warning: Aapke Meezan Bank account par 3 baar galat password enter hua hai. Agla attempt account ko permanently block kar dega. Apna account secure karne k liye is link par verify karein.,warning: aapke {brand} account par 3 baar galat password enter hua hai. agla attempt account ko permanently block kar dega. apna account secure karne k liye is link par verify karein.,synthetic
1,Phishing - Account Block Threat,Warning: Aapke SadaPay account par 3 baar galat password enter hua hai. Agla attempt account ko permanently block kar dega. Apna account secure karne k liye is link par verify karein.,warning: aapke {brand} account par 3 baar galat password enter hua hai. agla attempt account ko permanently block kar dega. apna account secure karne k liye is link par verify karein.,synthetic
1,Phishing - Account Block Threat,Warning: Aapke Easypaisa account par 3 baar galat password enter hua hai. Agla attempt account ko permanently block kar dega. Apna account secure karne k liye is link par verify karein.,warning: aapke {brand} account par 3 baar galat password enter hua hai. agla attempt account ko permanently block kar dega. apna account secure karne k liye is link par verify karein.,synthetic
1,Phishing - Account Block Threat,Warning: Aapke JazzCash account par 3 baar galat password enter hua hai. Agla attempt account ko permanently block kar dega. Apna account secure karne k liye is link par verify karein.,warning: aapke {brand} account par 3 baar galat password enter hua hai. agla attempt account ko permanently block kar dega. apna account secure karne k liye is link par verify karein.,synthetic
1,Phishing - Government Scheme Scam,"Government of Pakistan ki taraf se: Apka naam Ehsaas Rashan Program ki new list mein shamil hua hai. 12,500 PKR hasil karne k liye apna JazzCash account number aur pin 0391666754 par send karein.",government of pakistan ki taraf se: apka naam ehsaas rashan program ki new list mein shamil hua hai. {amount} pkr hasil karne k liye apna {brand} account number aur pin {phone} par send karein.,synthetic
1,Phishing - Government Scheme Scam,"Government of Pakistan ki taraf se: Apka naam Ehsaas Rashan Program ki new list mein shamil hua hai. 5,000 PKR hasil karne k liye apna JazzCash account number aur pin 0399770838 par send karein.",government of pakistan ki taraf se: apka naam ehsaas rashan program ki new list mein shamil hua hai. {amount} pkr hasil karne k liye apna {brand} account number aur pin {phone} par send karein.,synthetic
1,Phishing - Government Scheme Scam,"Government of Pakistan ki taraf se: Apka naam Ehsaas Rashan Program ki new list mein shamil hua hai. 2,500 PKR hasil karne k liye apna SadaPay account number aur pin 0355004485 par send karein.",government of pakistan ki taraf se: apka naam ehsaas rashan program ki new list mein shamil hua hai. {amount} pkr hasil karne k liye apna {brand} account number aur pin {phone} par send karein.,synthetic
1,Phishing - Government Scheme Scam,Government of Pakistan ki taraf se: Apka naam Ehsaas Rashan Program ki new list mein shamil hua hai. 500 PKR hasil karne k liye apna NayaPay account number aur pin 0348670955 par send karein.,government of pakistan ki taraf se: apka naam ehsaas rashan program ki new list mein shamil hua hai. {amount} pkr hasil karne k liye apna {brand} account number aur pin {phone} par send karein.,synthetic
1,Phishing - Government Scheme Scam,"BISP registration update: Apki application approve ho gayi hai. Pehli qist 5,000 PKR hai. Fund transfer k liye apna mobile wallet PIN is number par confirm karein: 0392677407.",{BRAND} registration update: apki application approve ho gayi hai. pehli qist {amount} pkr hai. fund transfer k liye apna mobile wallet pin is number par confirm karein: {phone}.,synthetic
1,Phishing - Government Scheme Scam,"BISP registration update: Apki application approve ho gayi hai. Pehli qist 10,000 PKR hai. Fund transfer k liye apna mobile wallet PIN is number par confirm karein: 0326855396.",{BRAND} registration update: apki application approve ho gayi hai. pehli qist {amount} pkr hai. fund transfer k liye apna mobile wallet pin is number par confirm karein: {phone}.,synthetic
1,Phishing - Government Scheme Scam,"BISP registration update: Apki application approve ho gayi hai. Pehli qist 50,000 PKR hai. Fund transfer k liye apna mobile wallet PIN is number par confirm karein: 0376075395.",{BRAND} registration update: apki application approve ho gayi hai. pehli qist {amount} pkr hai. fund transfer k liye apna mobile wallet pin is number par confirm karein: {phone}.,synthetic
1,Phishing - Government Scheme Scam,"BISP registration update: Apki application approve ho gayi hai. Pehli qist 2,500 PKR hai. Fund transfer k liye apna mobile wallet PIN is number par confirm karein: 0386022741.",{BRAND} registration update: apki application approve ho gayi hai. pehli qist {amount} pkr hai. fund transfer k liye apna mobile wallet pin is number par confirm karein: {phone}.,synthetic
1,Phishing - Government Scheme Scam,"Sarkar ki taraf se Kafalat Program shuru ho chuka hai. Har mustahiq family ko 75,000 PKR milen ge. Register karne k liye apna CNIC aur UBL number reply karein.",sarkar ki taraf se kafalat program shuru ho chuka hai. har mustahiq family ko {amount} pkr milen ge. register karne k liye apna cnic aur {brand} number reply karein.,synthetic
1,Phishing - Government Scheme Scam,"Sarkar ki taraf se Kafalat Program shuru ho chuka hai. Har mustahiq family ko 7,500 PKR milen ge. Register karne k liye apna CNIC aur SadaPay number reply karein.",sarkar ki taraf se kafalat program shuru ho chuka hai. har mustahiq family ko {amount} pkr milen ge. register karne k liye apna cnic aur {brand} number reply karein.,synthetic
1,Phishing - Government Scheme Scam,"Sarkar ki taraf se Kafalat Program shuru ho chuka hai. Har mustahiq family ko 12,500 PKR milen ge. Register karne k liye apna CNIC aur Faysal Bank number reply karein.",sarkar ki taraf se kafalat program shuru ho chuka hai. har mustahiq family ko {amount} pkr milen ge. register karne k liye apna cnic aur {brand} number reply karein.,synthetic
1,Phishing - Government Scheme Scam,"Sarkar ki taraf se Kafalat Program shuru ho chuka hai. Har mustahiq family ko 7,500 PKR milen ge. Register karne k liye apna CNIC aur Allied Bank number reply karein.",sarkar ki taraf se kafalat program shuru ho chuka hai. har mustahiq family ko {amount} pkr milen ge. register karne k liye apna cnic aur {brand} number reply karein.,synthetic
1,Phishing - Government Scheme Scam,"Attention: Punjab government ki free solar panel scheme mein apka number select hua hai. Delivery charges 1,000 PKR advance apne SadaPay account se is number par jama karwayen.",attention: punjab government ki free solar panel scheme mein apka number select hua hai. delivery charges {amount} pkr advance apne {brand} account se is number par jama karwayen.,synthetic
1,Phishing - Government Scheme Scam,"Attention: Punjab government ki free solar panel scheme mein apka number select hua hai. Delivery charges 50,000 PKR advance apne SadaPay account se is number par jama karwayen.",attention: punjab government ki free solar panel scheme mein apka number select hua hai. delivery charges {amount} pkr advance apne {brand} account se is number par jama karwayen.,synthetic
1,Phishing - Government Scheme Scam,Attention: Punjab government ki free solar panel scheme mein apka number select hua hai. Delivery charges 500 PKR advance apne Askari Bank account se is number par jama karwayen.,attention: punjab government ki free solar panel scheme mein apka number select hua hai. delivery charges {amount} pkr advance apne {brand} account se is number par jama karwayen.,synthetic
1,Phishing - Government Scheme Scam,"Attention: Punjab government ki free solar panel scheme mein apka number select hua hai. Delivery charges 10,000 PKR advance apne Bank Alfalah account se is number par jama karwayen.",attention: punjab government ki free solar panel scheme mein apka number select hua hai. delivery charges {amount} pkr advance apne {brand} account se is number par jama karwayen.,synthetic
1,Phishing - Account Freeze (FBR) Threat,FBR Notice: Apka Easypaisa account tax audit ki waja se freeze kiya gaya hai. Unfreeze karwane k liye 24 ghanton k andar apna NTN aur OTP is helpline par confirm karein: 0363592974.,{BRAND} notice: apka {brand} account tax audit ki waja se freeze kiya gaya hai. unfreeze karwane k liye 24 ghanton k andar apna ntn aur otp is helpline par confirm karein: {phone}.,synthetic
1,Phishing - Account Freeze (FBR) Threat,FBR Notice: Apka Askari Bank account tax audit ki waja se freeze kiya gaya hai. Unfreeze karwane k liye 24 ghanton k andar apna NTN aur OTP is helpline par confirm karein: 0304009172.,{BRAND} notice: apka {brand} account tax audit ki waja se freeze kiya gaya hai. unfreeze karwane k liye 24 ghanton k andar apna ntn aur otp is helpline par confirm karein: {phone}.,synthetic
1,Phishing - Account Freeze (FBR) Threat,FBR Notice: Apka NayaPay account tax audit ki waja se freeze kiya gaya hai. Unfreeze karwane k liye 24 ghanton k andar apna NTN aur OTP is helpline par confirm karein: 0335476257.,{BRAND} notice: apka {brand} account tax audit ki waja se freeze kiya gaya hai. unfreeze karwane k liye 24 ghanton k andar apna ntn aur otp is helpline par confirm karein: {phone}.,synthetic
1,Phishing - Account Freeze (FBR) Threat,FBR Notice: Apka HBL account tax audit ki waja se freeze kiya gaya hai. Unfreeze karwane k liye 24 ghanton k andar apna NTN aur OTP is helpline par confirm karein: 0374731818.,{BRAND} notice: apka {brand} account tax audit ki waja se freeze kiya gaya hai. unfreeze karwane k liye 24 ghanton k andar apna ntn aur otp is helpline par confirm karein: {phone}.,synthetic
1,Phishing - Account Freeze (FBR) Threat,"Federal Board of Revenue: Aapke Meezan Bank account mein tax discrepancy paayi gayi hai, isliye account hold par hai. Clear karwane k liye turant apna account PIN reply karein warna legal action liya jaye ga.","federal board of revenue: aapke {brand} account mein tax discrepancy paayi gayi hai, isliye account hold par hai. clear karwane k liye turant apna account pin reply karein warna legal action liya jaye ga.",synthetic
1,Phishing - Account Freeze (FBR) Threat,"Federal Board of Revenue: Aapke Allied Bank account mein tax discrepancy paayi gayi hai, isliye account hold par hai. Clear karwane k liye turant apna account PIN reply karein warna legal action liya jaye ga.","federal board of revenue: aapke {brand} account mein tax discrepancy paayi gayi hai, isliye account hold par hai. clear karwane k liye turant apna account pin reply karein warna legal action liya jaye ga.",synthetic
1,Phishing - Account Freeze (FBR) Threat,"Federal Board of Revenue: Aapke NayaPay account mein tax discrepancy paayi gayi hai, isliye account hold par hai. Clear karwane k liye turant apna account PIN reply karein warna legal action liya jaye ga.","federal board of revenue: aapke {brand} account mein tax discrepancy paayi gayi hai, isliye account hold par hai. clear karwane k liye turant apna account pin reply karein warna legal action liya jaye ga.",synthetic
1,Phishing - Account Freeze (FBR) Threat,"Federal Board of Revenue: Aapke JazzCash account mein tax discrepancy paayi gayi hai, isliye account hold par hai. Clear karwane k liye turant apna account PIN reply karein warna legal action liya jaye ga.","federal board of revenue: aapke {brand} account mein tax discrepancy paayi gayi hai, isliye account hold par hai. clear karwane k liye turant apna account pin reply karein warna legal action liya jaye ga.",synthetic
1,Phishing - Account Freeze (FBR) Threat,FBR se ittila: Apka SadaPay wallet non-filer status ki waja se suspend ho gaya hai. Filer banne aur wallet bahal karwane k liye is link par apni details fill karein.,{BRAND} se ittila: apka {brand} wallet non-filer status ki waja se suspend ho gaya hai. filer banne aur wallet bahal karwane k liye is link par apni details fill karein.,synthetic
1,Phishing - Account Freeze (FBR) Threat,FBR se ittila: Apka JazzCash wallet non-filer status ki waja se suspend ho gaya hai. Filer banne aur wallet bahal karwane k liye is link par apni details fill karein.,{BRAND} se ittila: apka {brand} wallet non-filer status ki waja se suspend ho gaya hai. filer banne aur wallet bahal karwane k liye is link par apni details fill karein.,synthetic
1,Phishing - Account Freeze (FBR) Threat,FBR se ittila: Apka Easypaisa wallet non-filer status ki waja se suspend ho gaya hai. Filer banne aur wallet bahal karwane k liye is link par apni details fill karein.,{BRAND} se ittila: apka {brand} wallet non-filer status ki waja se suspend ho gaya hai. filer banne aur wallet bahal karwane k liye is link par apni details fill karein.,synthetic
1,Phishing - Account Freeze (FBR) Threat,FBR se ittila: Apka Bank Alfalah wallet non-filer status ki waja se suspend ho gaya hai. Filer banne aur wallet bahal karwane k liye is link par apni details fill karein.,{BRAND} se ittila: apka {brand} wallet non-filer status ki waja se suspend ho gaya hai. filer banne aur wallet bahal karwane k liye is link par apni details fill karein.,synthetic
1,Phishing - Account Hack Warning,Security Breach Alert: Hamare system ne detect kiya hai ke koi apke Askari Bank account mein unauthorized access ki koshish kar raha hai. Foran apna password reset link ke zariye change karein: Askari Bank-secure.com,security breach alert: hamare system ne detect kiya hai ke koi apke {brand} account mein unauthorized access ki koshish kar raha hai. foran apna password reset link ke zariye change karein: {brand}-secure.com,synthetic
1,Phishing - Account Hack Warning,Security Breach Alert: Hamare system ne detect kiya hai ke koi apke SadaPay account mein unauthorized access ki koshish kar raha hai. Foran apna password reset link ke zariye change karein: SadaPay-secure.com,security breach alert: hamare system ne detect kiya hai ke koi apke {brand} account mein unauthorized access ki koshish kar raha hai. foran apna password reset link ke zariye change karein: {brand}-secure.com,synthetic
1,Phishing - Account Hack Warning,Security Breach Alert: Hamare system ne detect kiya hai ke koi apke Allied Bank account mein unauthorized access ki koshish kar raha hai. Foran apna password reset link ke zariye change karein: Allied Bank-secure.com,security breach alert: hamare system ne detect kiya hai ke koi apke {brand} account mein unauthorized access ki koshish kar raha hai. foran apna password reset link ke zariye change karein: {brand}-secure.com,synthetic
1,Phishing - Account Hack Warning,Security Breach Alert: Hamare system ne detect kiya hai ke koi apke Faysal Bank account mein unauthorized access ki koshish kar raha hai. Foran apna password reset link ke zariye change karein: Faysal Bank-secure.com,security breach alert: hamare system ne detect kiya hai ke koi apke {brand} account mein unauthorized access ki koshish kar raha hai. foran apna password reset link ke zariye change karein: {brand}-secure.com,synthetic
1,Phishing - Account Hack Warning,Khabardar! Apka UBL account kisi doosre device se login hua hai jo apka nahi tha. Agar yeh aap nahi the to abhi apna OTP is number par bhejein taake account secure ho: 0349647849.,khabardar! apka {brand} account kisi doosre device se login hua hai jo apka nahi tha. agar yeh aap nahi the to abhi apna otp is number par bhejein taake account secure ho: {phone}.,synthetic
1,Phishing - Account Hack Warning,Khabardar! Apka UBL account kisi doosre device se login hua hai jo apka nahi tha. Agar yeh aap nahi the to abhi apna OTP is number par bhejein taake account secure ho: 0336207974.,khabardar! apka {brand} account kisi doosre device se login hua hai jo apka nahi tha. agar yeh aap nahi the to abhi apna otp is number par bhejein taake account secure ho: {phone}.,synthetic
1,Phishing - Account Hack Warning,Khabardar! Apka HBL account kisi doosre device se login hua hai jo apka nahi tha. Agar yeh aap nahi the to abhi apna OTP is number par bhejein taake account secure ho: 0338971465.,khabardar! apka {brand} account kisi doosre device se login hua hai jo apka nahi tha. agar yeh aap nahi the to abhi apna otp is number par bhejein taake account secure ho: {phone}.,synthetic
1,Phishing - Account Hack Warning,Khabardar! Apka NayaPay account kisi doosre device se login hua hai jo apka nahi tha. Agar yeh aap nahi the to abhi apna OTP is number par bhejein taake account secure ho: 0394262081.,khabardar! apka {brand} account kisi doosre device se login hua hai jo apka nahi tha. agar yeh aap nahi the to abhi apna otp is number par bhejein taake account secure ho: {phone}.,synthetic
1,Phishing - Account Hack Warning,Meezan Bank fraud department: Apke account se ek shakki transaction hone wali thi jo humne rok di hai. Confirm karne k liye apna CNIC number aur account PIN verify karwayen.,{brand} fraud department: apke account se ek shakki transaction hone wali thi jo humne rok di hai. confirm karne k liye apna cnic number aur account pin verify karwayen.,synthetic
1,Phishing - Account Hack Warning,SadaPay fraud department: Apke account se ek shakki transaction hone wali thi jo humne rok di hai. Confirm karne k liye apna CNIC number aur account PIN verify karwayen.,{brand} fraud department: apke account se ek shakki transaction hone wali thi jo humne rok di hai. confirm karne k liye apna cnic number aur account pin verify karwayen.,synthetic
1,Phishing - Account Hack Warning,UBL fraud department: Apke account se ek shakki transaction hone wali thi jo humne rok di hai. Confirm karne k liye apna CNIC number aur account PIN verify karwayen.,{brand} fraud department: apke account se ek shakki transaction hone wali thi jo humne rok di hai. confirm karne k liye apna cnic number aur account pin verify karwayen.,synthetic
1,Phishing - Account Hack Warning,JazzCash fraud department: Apke account se ek shakki transaction hone wali thi jo humne rok di hai. Confirm karne k liye apna CNIC number aur account PIN verify karwayen.,{brand} fraud department: apke account se ek shakki transaction hone wali thi jo humne rok di hai. confirm karne k liye apna cnic number aur account pin verify karwayen.,synthetic
1,Phishing - Wrong Number Refund Scam,"Assalam o Alaikum, maine galti se apke Easypaisa account mein 25,000 PKR bhej diye hain jo mujhe apni behen ko bhejne the. Barah-e-meherbani wapis kar dein is number par: 0373670226.","assalam o alaikum, maine galti se apke {brand} account mein {amount} pkr bhej diye hain jo mujhe apni behen ko bhejne the. barah-e-meherbani wapis kar dein is number par: {phone}.",synthetic
1,Phishing - Wrong Number Refund Scam,"Assalam o Alaikum, maine galti se apke Meezan Bank account mein 5,000 PKR bhej diye hain jo mujhe apni behen ko bhejne the. Barah-e-meherbani wapis kar dein is number par: 0349745959.","assalam o alaikum, maine galti se apke {brand} account mein {amount} pkr bhej diye hain jo mujhe apni behen ko bhejne the. barah-e-meherbani wapis kar dein is number par: {phone}.",synthetic
1,Phishing - Wrong Number Refund Scam,"Assalam o Alaikum, maine galti se apke Faysal Bank account mein 10,000 PKR bhej diye hain jo mujhe apni behen ko bhejne the. Barah-e-meherbani wapis kar dein is number par: 0315793722.","assalam o alaikum, maine galti se apke {brand} account mein {amount} pkr bhej diye hain jo mujhe apni behen ko bhejne the. barah-e-meherbani wapis kar dein is number par: {phone}.",synthetic
1,Phishing - Wrong Number Refund Scam,"Assalam o Alaikum, maine galti se apke Easypaisa account mein 12,500 PKR bhej diye hain jo mujhe apni behen ko bhejne the. Barah-e-meherbani wapis kar dein is number par: 0313321531.","assalam o alaikum, maine galti se apke {brand} account mein {amount} pkr bhej diye hain jo mujhe apni behen ko bhejne the. barah-e-meherbani wapis kar dein is number par: {phone}.",synthetic
1,Phishing - Wrong Number Refund Scam,"Sorry bhai, wrong number par 10,000 PKR transfer ho gaye mujh se. Please jaldi wapis send kar dein, mujhe urgent zaroorat hai. Trx ID: 64707061","sorry bhai, wrong number par {amount} pkr transfer ho gaye mujh se. please jaldi wapis send kar dein, mujhe urgent zaroorat hai. trx id: {trxid}",synthetic
1,Phishing - Wrong Number Refund Scam,"Sorry bhai, wrong number par 12,500 PKR transfer ho gaye mujh se. Please jaldi wapis send kar dein, mujhe urgent zaroorat hai. Trx ID: 66390708","sorry bhai, wrong number par {amount} pkr transfer ho gaye mujh se. please jaldi wapis send kar dein, mujhe urgent zaroorat hai. trx id: {trxid}",synthetic
1,Phishing - Wrong Number Refund Scam,"Sorry bhai, wrong number par 10,000 PKR transfer ho gaye mujh se. Please jaldi wapis send kar dein, mujhe urgent zaroorat hai. Trx ID: 10791358","sorry bhai, wrong number par {amount} pkr transfer ho gaye mujh se. please jaldi wapis send kar dein, mujhe urgent zaroorat hai. trx id: {trxid}",synthetic
1,Phishing - Wrong Number Refund Scam,"Sorry bhai, wrong number par 7,500 PKR transfer ho gaye mujh se. Please jaldi wapis send kar dein, mujhe urgent zaroorat hai. Trx ID: 39450273","sorry bhai, wrong number par {amount} pkr transfer ho gaye mujh se. please jaldi wapis send kar dein, mujhe urgent zaroorat hai. trx id: {trxid}",synthetic
1,Phishing - Wrong Number Refund Scam,"Mera beta hospital mein hai aur maine jaldi mein apko 12,500 PKR ghalti se bhej diye. Khuda k liye wapis kar dein is Faysal Bank account par: 0307523941.",mera beta hospital mein hai aur maine jaldi mein apko {amount} pkr ghalti se bhej diye. khuda k liye wapis kar dein is {brand} account par: {phone}.,synthetic
1,Phishing - Wrong Number Refund Scam,Mera beta hospital mein hai aur maine jaldi mein apko 500 PKR ghalti se bhej diye. Khuda k liye wapis kar dein is MCB account par: 0373141239.,mera beta hospital mein hai aur maine jaldi mein apko {amount} pkr ghalti se bhej diye. khuda k liye wapis kar dein is {brand} account par: {phone}.,synthetic
1,Phishing - Wrong Number Refund Scam,"Mera beta hospital mein hai aur maine jaldi mein apko 12,500 PKR ghalti se bhej diye. Khuda k liye wapis kar dein is Askari Bank account par: 0391454696.",mera beta hospital mein hai aur maine jaldi mein apko {amount} pkr ghalti se bhej diye. khuda k liye wapis kar dein is {brand} account par: {phone}.,synthetic
1,Phishing - Wrong Number Refund Scam,"Mera beta hospital mein hai aur maine jaldi mein apko 10,000 PKR ghalti se bhej diye. Khuda k liye wapis kar dein is Faysal Bank account par: 0321843636.",mera beta hospital mein hai aur maine jaldi mein apko {amount} pkr ghalti se bhej diye. khuda k liye wapis kar dein is {brand} account par: {phone}.,synthetic
1,Phishing - ATM Card Suspend Link,Faysal Bank ATM Alert: Apka debit card 24 ghanton mein suspend ho jaye ga kyunke apki details update nahi hain. Update karne k liye click karein: Faysal Bank-update.com,{brand} atm alert: apka debit card 24 ghanton mein suspend ho jaye ga kyunke apki details update nahi hain. update karne k liye click karein: {brand}-update.com,synthetic
1,Phishing - ATM Card Suspend Link,UBL ATM Alert: Apka debit card 24 ghanton mein suspend ho jaye ga kyunke apki details update nahi hain. Update karne k liye click karein: UBL-update.com,{brand} atm alert: apka debit card 24 ghanton mein suspend ho jaye ga kyunke apki details update nahi hain. update karne k liye click karein: {brand}-update.com,synthetic
1,Phishing - ATM Card Suspend Link,NayaPay ATM Alert: Apka debit card 24 ghanton mein suspend ho jaye ga kyunke apki details update nahi hain. Update karne k liye click karein: NayaPay-update.com,{brand} atm alert: apka debit card 24 ghanton mein suspend ho jaye ga kyunke apki details update nahi hain. update karne k liye click karein: {brand}-update.com,synthetic
1,Phishing - ATM Card Suspend Link,HBL ATM Alert: Apka debit card 24 ghanton mein suspend ho jaye ga kyunke apki details update nahi hain. Update karne k liye click karein: HBL-update.com,{brand} atm alert: apka debit card 24 ghanton mein suspend ho jaye ga kyunke apki details update nahi hain. update karne k liye click karein: {brand}-update.com,synthetic
1,Phishing - ATM Card Suspend Link,Important: Apka UBL ATM card block hone wala hai security reasons ki waja se. Card ko active rakhne k liye is link par apni card details enter karein.,important: apka {brand} atm card block hone wala hai security reasons ki waja se. card ko active rakhne k liye is link par apni card details enter karein.,synthetic
1,Phishing - ATM Card Suspend Link,Important: Apka JazzCash ATM card block hone wala hai security reasons ki waja se. Card ko active rakhne k liye is link par apni card details enter karein.,important: apka {brand} atm card block hone wala hai security reasons ki waja se. card ko active rakhne k liye is link par apni card details enter karein.,synthetic
1,Phishing - ATM Card Suspend Link,Important: Apka HBL ATM card block hone wala hai security reasons ki waja se. Card ko active rakhne k liye is link par apni card details enter karein.,important: apka {brand} atm card block hone wala hai security reasons ki waja se. card ko active rakhne k liye is link par apni card details enter karein.,synthetic
1,Phishing - ATM Card Suspend Link,Important: Apka SadaPay ATM card block hone wala hai security reasons ki waja se. Card ko active rakhne k liye is link par apni card details enter karein.,important: apka {brand} atm card block hone wala hai security reasons ki waja se. card ko active rakhne k liye is link par apni card details enter karein.,synthetic
1,Phishing - ATM Card Suspend Link,"Dear customer, apka ATM card expire hone wala hai. Naya card free mein hasil karne k liye yahan apply karein: UBL-cards.com/apply","dear customer, apka atm card expire hone wala hai. naya card free mein hasil karne k liye yahan apply karein: {brand}-cards.com/apply",synthetic
1,Phishing - ATM Card Suspend Link,"Dear customer, apka ATM card expire hone wala hai. Naya card free mein hasil karne k liye yahan apply karein: Bank Alfalah-cards.com/apply","dear customer, apka atm card expire hone wala hai. naya card free mein hasil karne k liye yahan apply karein: {brand}-cards.com/apply",synthetic
1,Phishing - ATM Card Suspend Link,"Dear customer, apka ATM card expire hone wala hai. Naya card free mein hasil karne k liye yahan apply karein: Askari Bank-cards.com/apply","dear customer, apka atm card expire hone wala hai. naya card free mein hasil karne k liye yahan apply karein: {brand}-cards.com/apply",synthetic
1,Phishing - ATM Card Suspend Link,"Dear customer, apka ATM card expire hone wala hai. Naya card free mein hasil karne k liye yahan apply karein: MCB-cards.com/apply","dear customer, apka atm card expire hone wala hai. naya card free mein hasil karne k liye yahan apply karein: {brand}-cards.com/apply",synthetic
0,Bank OTP Message,58561818 is your OTP for Easypaisa login. Valid for 5 minutes. Do not share with anyone.,{otp} is your otp for {brand} login. valid for 5 minutes. do not share with anyone.,synthetic
0,Bank OTP Message,60605620 is your OTP for Meezan Bank login. Valid for 5 minutes. Do not share with anyone.,{otp} is your otp for {brand} login. valid for 5 minutes. do not share with anyone.,synthetic
0,Bank OTP Message,3952048 is your OTP for JazzCash login. Valid for 5 minutes. Do not share with anyone.,{otp} is your otp for {brand} login. valid for 5 minutes. do not share with anyone.,synthetic
0,Bank OTP Message,34775473 is your OTP for Faysal Bank login. Valid for 5 minutes. Do not share with anyone.,{otp} is your otp for {brand} login. valid for 5 minutes. do not share with anyone.,synthetic
0,Bank OTP Message,"Apka JazzCash verification code 69440535 hai. Kisi ke sath share na karein, yeh confidential hai.","apka {brand} verification code {otp} hai. kisi ke sath share na karein, yeh confidential hai.",synthetic
0,Bank OTP Message,"Apka SadaPay verification code 74614489 hai. Kisi ke sath share na karein, yeh confidential hai.","apka {brand} verification code {otp} hai. kisi ke sath share na karein, yeh confidential hai.",synthetic
0,Bank OTP Message,"Apka SadaPay verification code 2414351 hai. Kisi ke sath share na karein, yeh confidential hai.","apka {brand} verification code {otp} hai. kisi ke sath share na karein, yeh confidential hai.",synthetic
0,Bank OTP Message,"Apka Askari Bank verification code 89215205 hai. Kisi ke sath share na karein, yeh confidential hai.","apka {brand} verification code {otp} hai. kisi ke sath share na karein, yeh confidential hai.",synthetic
0,Bank OTP Message,Use OTP 57210154 to complete your Easypaisa transaction. This code will expire in 10 minutes.,use otp {otp} to complete your {brand} transaction. this code will expire in 10 minutes.,synthetic
0,Bank OTP Message,Use OTP 41254241 to complete your SadaPay transaction. This code will expire in 10 minutes.,use otp {otp} to complete your {brand} transaction. this code will expire in 10 minutes.,synthetic
0,Bank OTP Message,Use OTP 16146365 to complete your SadaPay transaction. This code will expire in 10 minutes.,use otp {otp} to complete your {brand} transaction. this code will expire in 10 minutes.,synthetic
0,Bank OTP Message,Use OTP 97352152 to complete your Meezan Bank transaction. This code will expire in 10 minutes.,use otp {otp} to complete your {brand} transaction. this code will expire in 10 minutes.,synthetic
0,Bank OTP Message,Allied Bank: Aapka one-time password 39861527 hai. Bank staff kabhi bhi OTP nahi mangta.,{brand}: aapka one-time password {otp} hai. bank staff kabhi bhi otp nahi mangta.,synthetic
0,Bank OTP Message,Allied Bank: Aapka one-time password 17089677 hai. Bank staff kabhi bhi OTP nahi mangta.,{brand}: aapka one-time password {otp} hai. bank staff kabhi bhi otp nahi mangta.,synthetic
0,Bank OTP Message,Easypaisa: Aapka one-time password 85713415 hai. Bank staff kabhi bhi OTP nahi mangta.,{brand}: aapka one-time password {otp} hai. bank staff kabhi bhi otp nahi mangta.,synthetic
0,Bank OTP Message,HBL: Aapka one-time password 63101391 hai. Bank staff kabhi bhi OTP nahi mangta.,{brand}: aapka one-time password {otp} hai. bank staff kabhi bhi otp nahi mangta.,synthetic
0,Mobile Wallet Transfer Confirmation,"MCB Confirmation: 1,000 PKR successfully sent. Transaction ID: 25312516. Balance available: 1,000 PKR.",{brand} confirmation: {amount} pkr successfully sent. transaction id: {trxid}. balance available: {amount} pkr.,synthetic
0,Mobile Wallet Transfer Confirmation,"Faysal Bank Confirmation: 75,000 PKR successfully sent. Transaction ID: 30024960. Balance available: 75,000 PKR.",{brand} confirmation: {amount} pkr successfully sent. transaction id: {trxid}. balance available: {amount} pkr.,synthetic
0,Mobile Wallet Transfer Confirmation,"Allied Bank Confirmation: 12,500 PKR successfully sent. Transaction ID: 84903294. Balance available: 12,500 PKR.",{brand} confirmation: {amount} pkr successfully sent. transaction id: {trxid}. balance available: {amount} pkr.,synthetic
0,Mobile Wallet Transfer Confirmation,"JazzCash Confirmation: 25,000 PKR successfully sent. Transaction ID: 61053474. Balance available: 25,000 PKR.",{brand} confirmation: {amount} pkr successfully sent. transaction id: {trxid}. balance available: {amount} pkr.,synthetic
0,Mobile Wallet Transfer Confirmation,"Payment of 75,000 PKR received in your Faysal Bank wallet. Ref: 86320155.",payment of {amount} pkr received in your {brand} wallet. ref: {trxid}.,synthetic
0,Mobile Wallet Transfer Confirmation,"Payment of 7,500 PKR received in your JazzCash wallet. Ref: 38323322.",payment of {amount} pkr received in your {brand} wallet. ref: {trxid}.,synthetic
0,Mobile Wallet Transfer Confirmation,"Payment of 1,000 PKR received in your UBL wallet. Ref: 84087145.",payment of {amount} pkr received in your {brand} wallet. ref: {trxid}.,synthetic
0,Mobile Wallet Transfer Confirmation,"Payment of 25,000 PKR received in your HBL wallet. Ref: 89699989.",payment of {amount} pkr received in your {brand} wallet. ref: {trxid}.,synthetic
0,Mobile Wallet Transfer Confirmation,"Aapki HBL se 25,000 PKR ki transaction mukammal ho gayi hai. TRX: 47945817. Shukriya.",aapki {brand} se {amount} pkr ki transaction mukammal ho gayi hai. trx: {trxid}. shukriya.,synthetic
0,Mobile Wallet Transfer Confirmation,"Aapki NayaPay se 5,000 PKR ki transaction mukammal ho gayi hai. TRX: 89160218. Shukriya.",aapki {brand} se {amount} pkr ki transaction mukammal ho gayi hai. trx: {trxid}. shukriya.,synthetic
0,Mobile Wallet Transfer Confirmation,"Aapki UBL se 7,500 PKR ki transaction mukammal ho gayi hai. TRX: 29997018. Shukriya.",aapki {brand} se {amount} pkr ki transaction mukammal ho gayi hai. trx: {trxid}. shukriya.,synthetic
0,Mobile Wallet Transfer Confirmation,"Aapki MCB se 75,000 PKR ki transaction mukammal ho gayi hai. TRX: 51286958. Shukriya.",aapki {brand} se {amount} pkr ki transaction mukammal ho gayi hai. trx: {trxid}. shukriya.,synthetic
0,Bank Tax Deduction Notification,"JazzCash: 7,500 PKR withholding tax deduct kiya gaya hai apke account se mutabiq FBR regulations k.",{brand}: {amount} pkr withholding tax deduct kiya gaya hai apke account se mutabiq {BRAND} regulations k.,synthetic
0,Bank Tax Deduction Notification,"Askari Bank: 25,000 PKR withholding tax deduct kiya gaya hai apke account se mutabiq FBR regulations k.",{brand}: {amount} pkr withholding tax deduct kiya gaya hai apke account se mutabiq {BRAND} regulations k.,synthetic
0,Bank Tax Deduction Notification,"JazzCash: 75,000 PKR withholding tax deduct kiya gaya hai apke account se mutabiq FBR regulations k.",{brand}: {amount} pkr withholding tax deduct kiya gaya hai apke account se mutabiq {BRAND} regulations k.,synthetic
0,Bank Tax Deduction Notification,"HBL: 75,000 PKR withholding tax deduct kiya gaya hai apke account se mutabiq FBR regulations k.",{brand}: {amount} pkr withholding tax deduct kiya gaya hai apke account se mutabiq {BRAND} regulations k.,synthetic
0,Bank Tax Deduction Notification,"Notice: Advance tax of 50,000 PKR has been deducted from your HBL account as per government policy.",notice: advance tax of {amount} pkr has been deducted from your {brand} account as per government policy.,synthetic
0,Bank Tax Deduction Notification,"Notice: Advance tax of 25,000 PKR has been deducted from your Faysal Bank account as per government policy.",notice: advance tax of {amount} pkr has been deducted from your {brand} account as per government policy.,synthetic
0,Bank Tax Deduction Notification,"Notice: Advance tax of 1,000 PKR has been deducted from your Faysal Bank account as per government policy.",notice: advance tax of {amount} pkr has been deducted from your {brand} account as per government policy.,synthetic
0,Bank Tax Deduction Notification,"Notice: Advance tax of 7,500 PKR has been deducted from your MCB account as per government policy.",notice: advance tax of {amount} pkr has been deducted from your {brand} account as per government policy.,synthetic
0,Bank Deposit Notification,"Askari Bank: 10,000 PKR aapke account mein deposit hue hain. New balance: 10,000 PKR.",{brand}: {amount} pkr aapke account mein deposit hue hain. new balance: {amount} pkr.,synthetic
0,Bank Deposit Notification,"Bank Alfalah: 50,000 PKR aapke account mein deposit hue hain. New balance: 50,000 PKR.",{brand}: {amount} pkr aapke account mein deposit hue hain. new balance: {amount} pkr.,synthetic
0,Bank Deposit Notification,"Askari Bank: 75,000 PKR aapke account mein deposit hue hain. New balance: 75,000 PKR.",{brand}: {amount} pkr aapke account mein deposit hue hain. new balance: {amount} pkr.,synthetic
0,Bank Deposit Notification,"Faysal Bank: 50,000 PKR aapke account mein deposit hue hain. New balance: 50,000 PKR.",{brand}: {amount} pkr aapke account mein deposit hue hain. new balance: {amount} pkr.,synthetic
0,Bank Deposit Notification,"Cash deposit of 75,000 PKR credited to your Allied Bank account successfully.",cash deposit of {amount} pkr credited to your {brand} account successfully.,synthetic
0,Bank Deposit Notification,"Cash deposit of 50,000 PKR credited to your Meezan Bank account successfully.",cash deposit of {amount} pkr credited to your {brand} account successfully.,synthetic
0,Bank Deposit Notification,"Cash deposit of 2,500 PKR credited to your UBL account successfully.",cash deposit of {amount} pkr credited to your {brand} account successfully.,synthetic
0,Bank Deposit Notification,"Cash deposit of 12,500 PKR credited to your SadaPay account successfully.",cash deposit of {amount} pkr credited to your {brand} account successfully.,synthetic
0,Salary Credit Notification,"Dear customer, apki salary 2,500 PKR apke Faysal Bank account mein credit ho chuki hai.","dear customer, apki salary {amount} pkr apke {brand} account mein credit ho chuki hai.",synthetic
0,Salary Credit Notification,"Dear customer, apki salary 7,500 PKR apke Meezan Bank account mein credit ho chuki hai.","dear customer, apki salary {amount} pkr apke {brand} account mein credit ho chuki hai.",synthetic
0,Salary Credit Notification,"Dear customer, apki salary 7,500 PKR apke Askari Bank account mein credit ho chuki hai.","dear customer, apki salary {amount} pkr apke {brand} account mein credit ho chuki hai.",synthetic
0,Salary Credit Notification,"Dear customer, apki salary 50,000 PKR apke Allied Bank account mein credit ho chuki hai.","dear customer, apki salary {amount} pkr apke {brand} account mein credit ho chuki hai.",synthetic
0,Salary Credit Notification,"Bank Alfalah: Your monthly salary of 5,000 PKR has been credited. Thank you for banking with us.",{brand}: your monthly salary of {amount} pkr has been credited. thank you for banking with us.,synthetic
0,Salary Credit Notification,Meezan Bank: Your monthly salary of 500 PKR has been credited. Thank you for banking with us.,{brand}: your monthly salary of {amount} pkr has been credited. thank you for banking with us.,synthetic
0,Salary Credit Notification,"SadaPay: Your monthly salary of 2,500 PKR has been credited. Thank you for banking with us.",{brand}: your monthly salary of {amount} pkr has been credited. thank you for banking with us.,synthetic
0,Salary Credit Notification,"HBL: Your monthly salary of 1,000 PKR has been credited. Thank you for banking with us.",{brand}: your monthly salary of {amount} pkr has been credited. thank you for banking with us.,synthetic
0,Bank ATM Transaction Alert,"Faysal Bank ATM withdrawal alert: 2,500 PKR withdrawn from your account. If this wasn't you, call helpline immediately.","{brand} atm withdrawal alert: {amount} pkr withdrawn from your account. if this wasn't you, call helpline immediately.",synthetic
0,Bank ATM Transaction Alert,"NayaPay ATM withdrawal alert: 10,000 PKR withdrawn from your account. If this wasn't you, call helpline immediately.","{brand} atm withdrawal alert: {amount} pkr withdrawn from your account. if this wasn't you, call helpline immediately.",synthetic
0,Bank ATM Transaction Alert,"SadaPay ATM withdrawal alert: 12,500 PKR withdrawn from your account. If this wasn't you, call helpline immediately.","{brand} atm withdrawal alert: {amount} pkr withdrawn from your account. if this wasn't you, call helpline immediately.",synthetic
0,Bank ATM Transaction Alert,"NayaPay ATM withdrawal alert: 5,000 PKR withdrawn from your account. If this wasn't you, call helpline immediately.","{brand} atm withdrawal alert: {amount} pkr withdrawn from your account. if this wasn't you, call helpline immediately.",synthetic
0,Bank ATM Transaction Alert,"Aapke NayaPay card se ATM par 1,000 PKR nikale gaye hain. Agar yeh transaction apne nahi ki to foran report karein.",aapke {brand} card se atm par {amount} pkr nikale gaye hain. agar yeh transaction apne nahi ki to foran report karein.,synthetic
0,Bank ATM Transaction Alert,Aapke NayaPay card se ATM par 500 PKR nikale gaye hain. Agar yeh transaction apne nahi ki to foran report karein.,aapke {brand} card se atm par {amount} pkr nikale gaye hain. agar yeh transaction apne nahi ki to foran report karein.,synthetic
0,Bank ATM Transaction Alert,"Aapke Bank Alfalah card se ATM par 12,500 PKR nikale gaye hain. Agar yeh transaction apne nahi ki to foran report karein.",aapke {brand} card se atm par {amount} pkr nikale gaye hain. agar yeh transaction apne nahi ki to foran report karein.,synthetic
0,Bank ATM Transaction Alert,"Aapke Meezan Bank card se ATM par 2,500 PKR nikale gaye hain. Agar yeh transaction apne nahi ki to foran report karein.",aapke {brand} card se atm par {amount} pkr nikale gaye hain. agar yeh transaction apne nahi ki to foran report karein.,synthetic
0,Utility Bill Payment Reminder,"UBL bill reminder: Apka current bill 25,000 PKR hai, due date qareeb hai. Late payment se bachne k liye waqt par ada karein.","{brand} bill reminder: apka current bill {amount} pkr hai, due date qareeb hai. late payment se bachne k liye waqt par ada karein.",synthetic
0,Utility Bill Payment Reminder,"JazzCash bill reminder: Apka current bill 7,500 PKR hai, due date qareeb hai. Late payment se bachne k liye waqt par ada karein.","{brand} bill reminder: apka current bill {amount} pkr hai, due date qareeb hai. late payment se bachne k liye waqt par ada karein.",synthetic
0,Utility Bill Payment Reminder,"Allied Bank bill reminder: Apka current bill 2,500 PKR hai, due date qareeb hai. Late payment se bachne k liye waqt par ada karein.","{brand} bill reminder: apka current bill {amount} pkr hai, due date qareeb hai. late payment se bachne k liye waqt par ada karein.",synthetic
0,Utility Bill Payment Reminder,"Faysal Bank bill reminder: Apka current bill 7,500 PKR hai, due date qareeb hai. Late payment se bachne k liye waqt par ada karein.","{brand} bill reminder: apka current bill {amount} pkr hai, due date qareeb hai. late payment se bachne k liye waqt par ada karein.",synthetic
0,Utility Bill Payment Reminder,"Dear consumer, your Allied Bank bill of 5,000 PKR is due soon. Pay online to avoid surcharge.","dear consumer, your {brand} bill of {amount} pkr is due soon. pay online to avoid surcharge.",synthetic
0,Utility Bill Payment Reminder,"Dear consumer, your JazzCash bill of 500 PKR is due soon. Pay online to avoid surcharge.","dear consumer, your {brand} bill of {amount} pkr is due soon. pay online to avoid surcharge.",synthetic
0,Utility Bill Payment Reminder,"Dear consumer, your NayaPay bill of 500 PKR is due soon. Pay online to avoid surcharge.","dear consumer, your {brand} bill of {amount} pkr is due soon. pay online to avoid surcharge.",synthetic
0,Utility Bill Payment Reminder,"Dear consumer, your JazzCash bill of 10,000 PKR is due soon. Pay online to avoid surcharge.","dear consumer, your {brand} bill of {amount} pkr is due soon. pay online to avoid surcharge.",synthetic
0,Traffic Challan Notification,"Traffic Police: Apki gari ka challan 2,500 PKR generate hua hai speed limit violation ki waja se. PSCA app se pay karein.",traffic police: apki gari ka challan {amount} pkr generate hua hai speed limit violation ki waja se. {BRAND} app se pay karein.,synthetic
0,Traffic Challan Notification,"Traffic Police: Apki gari ka challan 75,000 PKR generate hua hai speed limit violation ki waja se. PSCA app se pay karein.",traffic police: apki gari ka challan {amount} pkr generate hua hai speed limit violation ki waja se. {BRAND} app se pay karein.,synthetic
0,Traffic Challan Notification,"Traffic Police: Apki gari ka challan 12,500 PKR generate hua hai speed limit violation ki waja se. PSCA app se pay karein.",traffic police: apki gari ka challan {amount} pkr generate hua hai speed limit violation ki waja se. {BRAND} app se pay karein.,synthetic
0,Traffic Challan Notification,"Traffic Police: Apki gari ka challan 7,500 PKR generate hua hai speed limit violation ki waja se. PSCA app se pay karein.",traffic police: apki gari ka challan {amount} pkr generate hua hai speed limit violation ki waja se. {BRAND} app se pay karein.,synthetic
0,Traffic Challan Notification,"E-Challan Alert: Amount 1,000 PKR due for signal violation. Pay before due date to avoid penalty.",e-challan alert: amount {amount} pkr due for signal violation. pay before due date to avoid penalty.,synthetic
0,Traffic Challan Notification,"E-Challan Alert: Amount 50,000 PKR due for signal violation. Pay before due date to avoid penalty.",e-challan alert: amount {amount} pkr due for signal violation. pay before due date to avoid penalty.,synthetic
0,Traffic Challan Notification,"E-Challan Alert: Amount 10,000 PKR due for signal violation. Pay before due date to avoid penalty.",e-challan alert: amount {amount} pkr due for signal violation. pay before due date to avoid penalty.,synthetic
0,Traffic Challan Notification,"E-Challan Alert: Amount 7,500 PKR due for signal violation. Pay before due date to avoid penalty.",e-challan alert: amount {amount} pkr due for signal violation. pay before due date to avoid penalty.,synthetic
0,Utility Bill Cleared Notification,Askari Bank Alert: Apka bill successfully clear ho gaya hai. Current balance: 0 PKR. Shukriya.,{brand} alert: apka bill successfully clear ho gaya hai. current balance: {AMOUNT} pkr. shukriya.,synthetic
0,Utility Bill Cleared Notification,UBL Alert: Apka bill successfully clear ho gaya hai. Current balance: 0 PKR. Shukriya.,{brand} alert: apka bill successfully clear ho gaya hai. current balance: {AMOUNT} pkr. shukriya.,synthetic
0,Utility Bill Cleared Notification,Bank Alfalah Alert: Apka bill successfully clear ho gaya hai. Current balance: 0 PKR. Shukriya.,{brand} alert: apka bill successfully clear ho gaya hai. current balance: {AMOUNT} pkr. shukriya.,synthetic
0,Utility Bill Cleared Notification,Faysal Bank Alert: Apka bill successfully clear ho gaya hai. Current balance: 0 PKR. Shukriya.,{brand} alert: apka bill successfully clear ho gaya hai. current balance: {AMOUNT} pkr. shukriya.,synthetic
0,Utility Bill Cleared Notification,Payment received. Your NayaPay account balance is now 0 PKR.,payment received. your {brand} account balance is now {AMOUNT} pkr.,synthetic
0,Utility Bill Cleared Notification,Payment received. Your Faysal Bank account balance is now 0 PKR.,payment received. your {brand} account balance is now {AMOUNT} pkr.,synthetic
0,Utility Bill Cleared Notification,Payment received. Your HBL account balance is now 0 PKR.,payment received. your {brand} account balance is now {AMOUNT} pkr.,synthetic
0,Utility Bill Cleared Notification,Payment received. Your Easypaisa account balance is now 0 PKR.,payment received. your {brand} account balance is now {AMOUNT} pkr.,synthetic
0,Bank OTP Message,JazzCash se online payment ki tasdeeq ke liye OTP 19519691 hai. Yeh code kisi ko mat batana.,{brand} se online payment ki tasdeeq ke liye otp {otp} hai. yeh code kisi ko mat batana.,synthetic
0,Bank OTP Message,MCB se online payment ki tasdeeq ke liye OTP 17790330 hai. Yeh code kisi ko mat batana.,{brand} se online payment ki tasdeeq ke liye otp {otp} hai. yeh code kisi ko mat batana.,synthetic
0,Bank OTP Message,Meezan Bank se online payment ki tasdeeq ke liye OTP 2218101 hai. Yeh code kisi ko mat batana.,{brand} se online payment ki tasdeeq ke liye otp {otp} hai. yeh code kisi ko mat batana.,synthetic
0,Bank OTP Message,MCB se online payment ki tasdeeq ke liye OTP 15353751 hai. Yeh code kisi ko mat batana.,{brand} se online payment ki tasdeeq ke liye otp {otp} hai. yeh code kisi ko mat batana.,synthetic
0,Bank OTP Message,Bank Alfalah par naya beneficiary add karne ki darkhwast ki gayi hai. Tasdeeq ke liye OTP 60767140 istemal karein.,{brand} par naya beneficiary add karne ki darkhwast ki gayi hai. tasdeeq ke liye otp {otp} istemal karein.,synthetic
0,Bank OTP Message,JazzCash par naya beneficiary add karne ki darkhwast ki gayi hai. Tasdeeq ke liye OTP 40584137 istemal karein.,{brand} par naya beneficiary add karne ki darkhwast ki gayi hai. tasdeeq ke liye otp {otp} istemal karein.,synthetic
0,Bank OTP Message,Faysal Bank par naya beneficiary add karne ki darkhwast ki gayi hai. Tasdeeq ke liye OTP 92186447 istemal karein.,{brand} par naya beneficiary add karne ki darkhwast ki gayi hai. tasdeeq ke liye otp {otp} istemal karein.,synthetic
0,Bank OTP Message,Faysal Bank par naya beneficiary add karne ki darkhwast ki gayi hai. Tasdeeq ke liye OTP 43333116 istemal karein.,{brand} par naya beneficiary add karne ki darkhwast ki gayi hai. tasdeeq ke liye otp {otp} istemal karein.,synthetic
0,Bank OTP Message,"MCB: aap ke account mein login ki koshish ki gayi hai, tasdeeq ka code 51224122 hai. Agar aap ne login nahi kiya to code share na karein.","{brand}: aap ke account mein login ki koshish ki gayi hai, tasdeeq ka code {otp} hai. agar aap ne login nahi kiya to code share na karein.",synthetic
0,Bank OTP Message,"Faysal Bank: aap ke account mein login ki koshish ki gayi hai, tasdeeq ka code 13411507 hai. Agar aap ne login nahi kiya to code share na karein.","{brand}: aap ke account mein login ki koshish ki gayi hai, tasdeeq ka code {otp} hai. agar aap ne login nahi kiya to code share na karein.",synthetic
0,Bank OTP Message,"Meezan Bank: aap ke account mein login ki koshish ki gayi hai, tasdeeq ka code 30767888 hai. Agar aap ne login nahi kiya to code share na karein.","{brand}: aap ke account mein login ki koshish ki gayi hai, tasdeeq ka code {otp} hai. agar aap ne login nahi kiya to code share na karein.",synthetic
0,Bank OTP Message,"Faysal Bank: aap ke account mein login ki koshish ki gayi hai, tasdeeq ka code 98026933 hai. Agar aap ne login nahi kiya to code share na karein.","{brand}: aap ke account mein login ki koshish ki gayi hai, tasdeeq ka code {otp} hai. agar aap ne login nahi kiya to code share na karein.",synthetic
0,Bank OTP Message,Online khareedari ke liye Bank Alfalah ka tasdeeqi code 20586849 hai. Is code ko mehfooz rakhein.,online khareedari ke liye {brand} ka tasdeeqi code {otp} hai. is code ko mehfooz rakhein.,synthetic
0,Bank OTP Message,Online khareedari ke liye UBL ka tasdeeqi code 13060658 hai. Is code ko mehfooz rakhein.,online khareedari ke liye {brand} ka tasdeeqi code {otp} hai. is code ko mehfooz rakhein.,synthetic
0,Bank OTP Message,Online khareedari ke liye HBL ka tasdeeqi code 90027658 hai. Is code ko mehfooz rakhein.,online khareedari ke liye {brand} ka tasdeeqi code {otp} hai. is code ko mehfooz rakhein.,synthetic
0,Bank OTP Message,Online khareedari ke liye NayaPay ka tasdeeqi code 38704965 hai. Is code ko mehfooz rakhein.,online khareedari ke liye {brand} ka tasdeeqi code {otp} hai. is code ko mehfooz rakhein.,synthetic
0,Bank OTP Message,UBL account ki security tasdeeq ke liye 28653319 darj karein. OTP kisi ghair shakhs ko na dein.,{brand} account ki security tasdeeq ke liye {otp} darj karein. otp kisi ghair shakhs ko na dein.,synthetic
0,Bank OTP Message,UBL account ki security tasdeeq ke liye 15519645 darj karein. OTP kisi ghair shakhs ko na dein.,{brand} account ki security tasdeeq ke liye {otp} darj karein. otp kisi ghair shakhs ko na dein.,synthetic
0,Bank OTP Message,Askari Bank account ki security tasdeeq ke liye 81837913 darj karein. OTP kisi ghair shakhs ko na dein.,{brand} account ki security tasdeeq ke liye {otp} darj karein. otp kisi ghair shakhs ko na dein.,synthetic
0,Bank OTP Message,MCB account ki security tasdeeq ke liye 45710493 darj karein. OTP kisi ghair shakhs ko na dein.,{brand} account ki security tasdeeq ke liye {otp} darj karein. otp kisi ghair shakhs ko na dein.,synthetic
0,Bank OTP Message,Aap ki MCB card payment ko mukammal karne ke liye code 9439597 darkar hai. Code sirf apne liye rakhein.,aap ki {brand} card payment ko mukammal karne ke liye code {otp} darkar hai. code sirf apne liye rakhein.,synthetic
0,Bank OTP Message,Aap ki SadaPay card payment ko mukammal karne ke liye code 50591958 darkar hai. Code sirf apne liye rakhein.,aap ki {brand} card payment ko mukammal karne ke liye code {otp} darkar hai. code sirf apne liye rakhein.,synthetic
0,Bank OTP Message,Aap ki MCB card payment ko mukammal karne ke liye code 96950971 darkar hai. Code sirf apne liye rakhein.,aap ki {brand} card payment ko mukammal karne ke liye code {otp} darkar hai. code sirf apne liye rakhein.,synthetic
0,Bank OTP Message,Aap ki UBL card payment ko mukammal karne ke liye code 21227198 darkar hai. Code sirf apne liye rakhein.,aap ki {brand} card payment ko mukammal karne ke liye code {otp} darkar hai. code sirf apne liye rakhein.,synthetic
0,Bank OTP Message,UBL ki janib se account tasdeeq ka OTP 88943907 bheja gaya hai. Kisi call par bhi yeh code na batayein.,{brand} ki janib se account tasdeeq ka otp {otp} bheja gaya hai. kisi call par bhi yeh code na batayein.,synthetic
0,Bank OTP Message,Faysal Bank ki janib se account tasdeeq ka OTP 29033176 bheja gaya hai. Kisi call par bhi yeh code na batayein.,{brand} ki janib se account tasdeeq ka otp {otp} bheja gaya hai. kisi call par bhi yeh code na batayein.,synthetic
0,Bank OTP Message,Askari Bank ki janib se account tasdeeq ka OTP 91128864 bheja gaya hai. Kisi call par bhi yeh code na batayein.,{brand} ki janib se account tasdeeq ka otp {otp} bheja gaya hai. kisi call par bhi yeh code na batayein.,synthetic
0,Bank OTP Message,NayaPay ki janib se account tasdeeq ka OTP 29697483 bheja gaya hai. Kisi call par bhi yeh code na batayein.,{brand} ki janib se account tasdeeq ka otp {otp} bheja gaya hai. kisi call par bhi yeh code na batayein.,synthetic
0,Bank OTP Message,Aap ne HBL par online transaction shuru ki hai. Us ki tasdeeq ke liye OTP 28451344 hai.,aap ne {brand} par online transaction shuru ki hai. us ki tasdeeq ke liye otp {otp} hai.,synthetic
0,Bank OTP Message,Aap ne Bank Alfalah par online transaction shuru ki hai. Us ki tasdeeq ke liye OTP 66857928 hai.,aap ne {brand} par online transaction shuru ki hai. us ki tasdeeq ke liye otp {otp} hai.,synthetic
0,Bank OTP Message,Aap ne Askari Bank par online transaction shuru ki hai. Us ki tasdeeq ke liye OTP 67244075 hai.,aap ne {brand} par online transaction shuru ki hai. us ki tasdeeq ke liye otp {otp} hai.,synthetic
0,Bank OTP Message,Aap ne Askari Bank par online transaction shuru ki hai. Us ki tasdeeq ke liye OTP 2615446 hai.,aap ne {brand} par online transaction shuru ki hai. us ki tasdeeq ke liye otp {otp} hai.,synthetic
0,Bank OTP Message,Bank Alfalah: digital banking mein tabdeeli ki tasdeeq ke liye 77060402 istemal hoga. Isay kisi ke sath share na karein.,{brand}: digital banking mein tabdeeli ki tasdeeq ke liye {otp} istemal hoga. isay kisi ke sath share na karein.,synthetic
0,Bank OTP Message,UBL: digital banking mein tabdeeli ki tasdeeq ke liye 43689647 istemal hoga. Isay kisi ke sath share na karein.,{brand}: digital banking mein tabdeeli ki tasdeeq ke liye {otp} istemal hoga. isay kisi ke sath share na karein.,synthetic
0,Bank OTP Message,SadaPay: digital banking mein tabdeeli ki tasdeeq ke liye 58714462 istemal hoga. Isay kisi ke sath share na karein.,{brand}: digital banking mein tabdeeli ki tasdeeq ke liye {otp} istemal hoga. isay kisi ke sath share na karein.,synthetic
0,Bank OTP Message,JazzCash: digital banking mein tabdeeli ki tasdeeq ke liye 10655833 istemal hoga. Isay kisi ke sath share na karein.,{brand}: digital banking mein tabdeeli ki tasdeeq ke liye {otp} istemal hoga. isay kisi ke sath share na karein.,synthetic
0,Bank OTP Message,Aap ke Bank Alfalah account se online transaction ki tasdeeq mangi gayi hai. OTP 22666390 hai.,aap ke {brand} account se online transaction ki tasdeeq mangi gayi hai. otp {otp} hai.,synthetic
0,Bank OTP Message,Aap ke UBL account se online transaction ki tasdeeq mangi gayi hai. OTP 26125314 hai.,aap ke {brand} account se online transaction ki tasdeeq mangi gayi hai. otp {otp} hai.,synthetic
0,Bank OTP Message,Aap ke NayaPay account se online transaction ki tasdeeq mangi gayi hai. OTP 13898190 hai.,aap ke {brand} account se online transaction ki tasdeeq mangi gayi hai. otp {otp} hai.,synthetic
0,Bank OTP Message,Aap ke MCB account se online transaction ki tasdeeq mangi gayi hai. OTP 88080930 hai.,aap ke {brand} account se online transaction ki tasdeeq mangi gayi hai. otp {otp} hai.,synthetic
0,Bank OTP Message,NayaPay mobile banking ki nayi device tasdeeq ke liye code 75763295 hai. Yeh code sirf aap ke liye hai.,{brand} mobile banking ki nayi device tasdeeq ke liye code {otp} hai. yeh code sirf aap ke liye hai.,synthetic
0,Bank OTP Message,JazzCash mobile banking ki nayi device tasdeeq ke liye code 84283695 hai. Yeh code sirf aap ke liye hai.,{brand} mobile banking ki nayi device tasdeeq ke liye code {otp} hai. yeh code sirf aap ke liye hai.,synthetic
0,Bank OTP Message,UBL mobile banking ki nayi device tasdeeq ke liye code 84843076 hai. Yeh code sirf aap ke liye hai.,{brand} mobile banking ki nayi device tasdeeq ke liye code {otp} hai. yeh code sirf aap ke liye hai.,synthetic
0,Bank OTP Message,HBL mobile banking ki nayi device tasdeeq ke liye code 10057701 hai. Yeh code sirf aap ke liye hai.,{brand} mobile banking ki nayi device tasdeeq ke liye code {otp} hai. yeh code sirf aap ke liye hai.,synthetic
0,Bank OTP Message,Account security check ke liye HBL ka one-time code 38630827 hai. Meherbani karke isay kisi ko na dein.,account security check ke liye {brand} ka one-time code {otp} hai. meherbani karke isay kisi ko na dein.,synthetic
0,Bank OTP Message,Account security check ke liye JazzCash ka one-time code 62204107 hai. Meherbani karke isay kisi ko na dein.,account security check ke liye {brand} ka one-time code {otp} hai. meherbani karke isay kisi ko na dein.,synthetic
0,Bank OTP Message,Account security check ke liye SadaPay ka one-time code 76826461 hai. Meherbani karke isay kisi ko na dein.,account security check ke liye {brand} ka one-time code {otp} hai. meherbani karke isay kisi ko na dein.,synthetic
0,Bank OTP Message,Account security check ke liye JazzCash ka one-time code 20348230 hai. Meherbani karke isay kisi ko na dein.,account security check ke liye {brand} ka one-time code {otp} hai. meherbani karke isay kisi ko na dein.,synthetic
0,Bank OTP Message,Bank Alfalah se card payment ki tasdeeq ka paigham hai: OTP 86821710. Agar payment aap ne nahi ki to code istemal na karein.,{brand} se card payment ki tasdeeq ka paigham hai: otp {otp}. agar payment aap ne nahi ki to code istemal na karein.,synthetic
0,Bank OTP Message,SadaPay se card payment ki tasdeeq ka paigham hai: OTP 70439290. Agar payment aap ne nahi ki to code istemal na karein.,{brand} se card payment ki tasdeeq ka paigham hai: otp {otp}. agar payment aap ne nahi ki to code istemal na karein.,synthetic
0,Bank OTP Message,Bank Alfalah se card payment ki tasdeeq ka paigham hai: OTP 52098170. Agar payment aap ne nahi ki to code istemal na karein.,{brand} se card payment ki tasdeeq ka paigham hai: otp {otp}. agar payment aap ne nahi ki to code istemal na karein.,synthetic
0,Bank OTP Message,JazzCash se card payment ki tasdeeq ka paigham hai: OTP 8946539. Agar payment aap ne nahi ki to code istemal na karein.,{brand} se card payment ki tasdeeq ka paigham hai: otp {otp}. agar payment aap ne nahi ki to code istemal na karein.,synthetic
0,Bank OTP Message,Aap ke NayaPay account par beneficiary ki maloomat badalne ki tasdeeq chahiye. OTP 33922301 hai.,aap ke {brand} account par beneficiary ki maloomat badalne ki tasdeeq chahiye. otp {otp} hai.,synthetic
0,Bank OTP Message,Aap ke MCB account par beneficiary ki maloomat badalne ki tasdeeq chahiye. OTP 78313973 hai.,aap ke {brand} account par beneficiary ki maloomat badalne ki tasdeeq chahiye. otp {otp} hai.,synthetic
0,Bank OTP Message,Aap ke Bank Alfalah account par beneficiary ki maloomat badalne ki tasdeeq chahiye. OTP 17407598 hai.,aap ke {brand} account par beneficiary ki maloomat badalne ki tasdeeq chahiye. otp {otp} hai.,synthetic
0,Bank OTP Message,Aap ke Easypaisa account par beneficiary ki maloomat badalne ki tasdeeq chahiye. OTP 17252188 hai.,aap ke {brand} account par beneficiary ki maloomat badalne ki tasdeeq chahiye. otp {otp} hai.,synthetic
0,Bank OTP Message,"NayaPay: online transaction rokne se bachne ke liye nahi, balkay uski tasdeeq ke liye OTP 48663745 diya gaya hai. Isay raaz rakhein.","{brand}: online transaction rokne se bachne ke liye nahi, balkay uski tasdeeq ke liye otp {otp} diya gaya hai. isay raaz rakhein.",synthetic
0,Bank OTP Message,"MCB: online transaction rokne se bachne ke liye nahi, balkay uski tasdeeq ke liye OTP 65366178 diya gaya hai. Isay raaz rakhein.","{brand}: online transaction rokne se bachne ke liye nahi, balkay uski tasdeeq ke liye otp {otp} diya gaya hai. isay raaz rakhein.",synthetic
0,Bank OTP Message,"MCB: online transaction rokne se bachne ke liye nahi, balkay uski tasdeeq ke liye OTP 13674883 diya gaya hai. Isay raaz rakhein.","{brand}: online transaction rokne se bachne ke liye nahi, balkay uski tasdeeq ke liye otp {otp} diya gaya hai. isay raaz rakhein.",synthetic
0,Bank OTP Message,"SadaPay: online transaction rokne se bachne ke liye nahi, balkay uski tasdeeq ke liye OTP 88942638 diya gaya hai. Isay raaz rakhein.","{brand}: online transaction rokne se bachne ke liye nahi, balkay uski tasdeeq ke liye otp {otp} diya gaya hai. isay raaz rakhein.",synthetic
0,Bank OTP Message,JazzCash account ke liye security code 21876452 hai. Yeh code sirf is waqt ki tasdeeq ke liye hai.,{brand} account ke liye security code {otp} hai. yeh code sirf is waqt ki tasdeeq ke liye hai.,synthetic
0,Bank OTP Message,MCB account ke liye security code 55244509 hai. Yeh code sirf is waqt ki tasdeeq ke liye hai.,{brand} account ke liye security code {otp} hai. yeh code sirf is waqt ki tasdeeq ke liye hai.,synthetic
0,Bank OTP Message,JazzCash account ke liye security code 31507343 hai. Yeh code sirf is waqt ki tasdeeq ke liye hai.,{brand} account ke liye security code {otp} hai. yeh code sirf is waqt ki tasdeeq ke liye hai.,synthetic
0,Bank OTP Message,Faysal Bank account ke liye security code 91140800 hai. Yeh code sirf is waqt ki tasdeeq ke liye hai.,{brand} account ke liye security code {otp} hai. yeh code sirf is waqt ki tasdeeq ke liye hai.,synthetic
0,Bank OTP Message,Aap ki Allied Bank digital banking request ki tasdeeq ke liye 70894454 code hai. Kisi aur ko mat batayein.,aap ki {brand} digital banking request ki tasdeeq ke liye {otp} code hai. kisi aur ko mat batayein.,synthetic
0,Bank OTP Message,Aap ki Meezan Bank digital banking request ki tasdeeq ke liye 33654863 code hai. Kisi aur ko mat batayein.,aap ki {brand} digital banking request ki tasdeeq ke liye {otp} code hai. kisi aur ko mat batayein.,synthetic
0,Bank OTP Message,Aap ki Bank Alfalah digital banking request ki tasdeeq ke liye 95582622 code hai. Kisi aur ko mat batayein.,aap ki {brand} digital banking request ki tasdeeq ke liye {otp} code hai. kisi aur ko mat batayein.,synthetic
0,Bank OTP Message,Aap ki UBL digital banking request ki tasdeeq ke liye 60406604 code hai. Kisi aur ko mat batayein.,aap ki {brand} digital banking request ki tasdeeq ke liye {otp} code hai. kisi aur ko mat batayein.,synthetic
0,Bank OTP Message,Askari Bank par aap ki card transaction ki tasdeeq darkar hai. Is ke liye OTP 60649373 hai.,{brand} par aap ki card transaction ki tasdeeq darkar hai. is ke liye otp {otp} hai.,synthetic
0,Bank OTP Message,HBL par aap ki card transaction ki tasdeeq darkar hai. Is ke liye OTP 50292261 hai.,{brand} par aap ki card transaction ki tasdeeq darkar hai. is ke liye otp {otp} hai.,synthetic
0,Bank OTP Message,Bank Alfalah par aap ki card transaction ki tasdeeq darkar hai. Is ke liye OTP 42873159 hai.,{brand} par aap ki card transaction ki tasdeeq darkar hai. is ke liye otp {otp} hai.,synthetic
0,Bank OTP Message,MCB par aap ki card transaction ki tasdeeq darkar hai. Is ke liye OTP 38604300 hai.,{brand} par aap ki card transaction ki tasdeeq darkar hai. is ke liye otp {otp} hai.,synthetic
0,Mobile Wallet Transfer Confirmation,"SadaPay: aap ke wallet se 1,000 PKR ki raqam bhej di gayi hai. Transaction ID 10704803 hai.",{brand}: aap ke wallet se {amount} pkr ki raqam bhej di gayi hai. transaction id {trxid} hai.,synthetic
0,Mobile Wallet Transfer Confirmation,"Allied Bank: aap ke wallet se 50,000 PKR ki raqam bhej di gayi hai. Transaction ID 91722503 hai.",{brand}: aap ke wallet se {amount} pkr ki raqam bhej di gayi hai. transaction id {trxid} hai.,synthetic
0,Mobile Wallet Transfer Confirmation,UBL: aap ke wallet se 500 PKR ki raqam bhej di gayi hai. Transaction ID 26354208 hai.,{brand}: aap ke wallet se {amount} pkr ki raqam bhej di gayi hai. transaction id {trxid} hai.,synthetic
0,Mobile Wallet Transfer Confirmation,"Askari Bank: aap ke wallet se 25,000 PKR ki raqam bhej di gayi hai. Transaction ID 24879094 hai.",{brand}: aap ke wallet se {amount} pkr ki raqam bhej di gayi hai. transaction id {trxid} hai.,synthetic
0,Mobile Wallet Transfer Confirmation,"Easypaisa wallet se 2,500 PKR ki muntaqili kamyabi se mukammal ho gayi. Shanakhti number 42472386 hai.",{brand} wallet se {amount} pkr ki muntaqili kamyabi se mukammal ho gayi. shanakhti number {trxid} hai.,synthetic
0,Mobile Wallet Transfer Confirmation,"Askari Bank wallet se 12,500 PKR ki muntaqili kamyabi se mukammal ho gayi. Shanakhti number 86593187 hai.",{brand} wallet se {amount} pkr ki muntaqili kamyabi se mukammal ho gayi. shanakhti number {trxid} hai.,synthetic
0,Mobile Wallet Transfer Confirmation,"NayaPay wallet se 50,000 PKR ki muntaqili kamyabi se mukammal ho gayi. Shanakhti number 19083764 hai.",{brand} wallet se {amount} pkr ki muntaqili kamyabi se mukammal ho gayi. shanakhti number {trxid} hai.,synthetic
0,Mobile Wallet Transfer Confirmation,Easypaisa wallet se 500 PKR ki muntaqili kamyabi se mukammal ho gayi. Shanakhti number 73100462 hai.,{brand} wallet se {amount} pkr ki muntaqili kamyabi se mukammal ho gayi. shanakhti number {trxid} hai.,synthetic
0,Mobile Wallet Transfer Confirmation,"Aap ne Askari Bank ke zariye 1,000 PKR bheje hain. Is len den ka ID 57928328 hai.",aap ne {brand} ke zariye {amount} pkr bheje hain. is len den ka id {trxid} hai.,synthetic
0,Mobile Wallet Transfer Confirmation,"Aap ne Meezan Bank ke zariye 10,000 PKR bheje hain. Is len den ka ID 15950635 hai.",aap ne {brand} ke zariye {amount} pkr bheje hain. is len den ka id {trxid} hai.,synthetic
0,Mobile Wallet Transfer Confirmation,"Aap ne Bank Alfalah ke zariye 2,500 PKR bheje hain. Is len den ka ID 74227366 hai.",aap ne {brand} ke zariye {amount} pkr bheje hain. is len den ka id {trxid} hai.,synthetic
0,Mobile Wallet Transfer Confirmation,"Aap ne MCB ke zariye 5,000 PKR bheje hain. Is len den ka ID 49385195 hai.",aap ne {brand} ke zariye {amount} pkr bheje hain. is len den ka id {trxid} hai.,synthetic
0,Mobile Wallet Transfer Confirmation,"Meezan Bank mein aap ki 12,500 PKR transfer darkhwast poori ho gayi hai. Record ke liye 79173614 sambhal kar rakhein.",{brand} mein aap ki {amount} pkr transfer darkhwast poori ho gayi hai. record ke liye {trxid} sambhal kar rakhein.,synthetic
0,Mobile Wallet Transfer Confirmation,"Easypaisa mein aap ki 5,000 PKR transfer darkhwast poori ho gayi hai. Record ke liye 96825515 sambhal kar rakhein.",{brand} mein aap ki {amount} pkr transfer darkhwast poori ho gayi hai. record ke liye {trxid} sambhal kar rakhein.,synthetic
0,Mobile Wallet Transfer Confirmation,"Bank Alfalah mein aap ki 10,000 PKR transfer darkhwast poori ho gayi hai. Record ke liye 26706752 sambhal kar rakhein.",{brand} mein aap ki {amount} pkr transfer darkhwast poori ho gayi hai. record ke liye {trxid} sambhal kar rakhein.,synthetic
0,Mobile Wallet Transfer Confirmation,"Askari Bank mein aap ki 25,000 PKR transfer darkhwast poori ho gayi hai. Record ke liye 35074182 sambhal kar rakhein.",{brand} mein aap ki {amount} pkr transfer darkhwast poori ho gayi hai. record ke liye {trxid} sambhal kar rakhein.,synthetic
0,Mobile Wallet Transfer Confirmation,"12,500 PKR aap ke Faysal Bank wallet se muntaqil kar diye gaye hain. Transaction ka hawala 21087928 hai.",{amount} pkr aap ke {brand} wallet se muntaqil kar diye gaye hain. transaction ka hawala {trxid} hai.,synthetic
0,Mobile Wallet Transfer Confirmation,"10,000 PKR aap ke Askari Bank wallet se muntaqil kar diye gaye hain. Transaction ka hawala 49428661 hai.",{amount} pkr aap ke {brand} wallet se muntaqil kar diye gaye hain. transaction ka hawala {trxid} hai.,synthetic
0,Mobile Wallet Transfer Confirmation,"75,000 PKR aap ke UBL wallet se muntaqil kar diye gaye hain. Transaction ka hawala 69849800 hai.",{amount} pkr aap ke {brand} wallet se muntaqil kar diye gaye hain. transaction ka hawala {trxid} hai.,synthetic
0,Mobile Wallet Transfer Confirmation,500 PKR aap ke Askari Bank wallet se muntaqil kar diye gaye hain. Transaction ka hawala 70012727 hai.,{amount} pkr aap ke {brand} wallet se muntaqil kar diye gaye hain. transaction ka hawala {trxid} hai.,synthetic
0,Mobile Wallet Transfer Confirmation,"Bank Alfalah: raqam bhejne ka amal mukammal hua, kul raqam 500 PKR hai. Hawala number 95828117.","{brand}: raqam bhejne ka amal mukammal hua, kul raqam {amount} pkr hai. hawala number {trxid}.",synthetic
0,Mobile Wallet Transfer Confirmation,"NayaPay: raqam bhejne ka amal mukammal hua, kul raqam 500 PKR hai. Hawala number 31473054.","{brand}: raqam bhejne ka amal mukammal hua, kul raqam {amount} pkr hai. hawala number {trxid}.",synthetic
0,Mobile Wallet Transfer Confirmation,"JazzCash: raqam bhejne ka amal mukammal hua, kul raqam 5,000 PKR hai. Hawala number 19023909.","{brand}: raqam bhejne ka amal mukammal hua, kul raqam {amount} pkr hai. hawala number {trxid}.",synthetic
0,Mobile Wallet Transfer Confirmation,"NayaPay: raqam bhejne ka amal mukammal hua, kul raqam 500 PKR hai. Hawala number 86134287.","{brand}: raqam bhejne ka amal mukammal hua, kul raqam {amount} pkr hai. hawala number {trxid}.",synthetic
0,Mobile Wallet Transfer Confirmation,"Aap ke MCB wallet se paisay nikal kar bhej diye gaye hain: 1,000 PKR. Transaction 69584522 ke naam se darj hai.",aap ke {brand} wallet se paisay nikal kar bhej diye gaye hain: {amount} pkr. transaction {trxid} ke naam se darj hai.,synthetic
0,Mobile Wallet Transfer Confirmation,"Aap ke MCB wallet se paisay nikal kar bhej diye gaye hain: 7,500 PKR. Transaction 52196099 ke naam se darj hai.",aap ke {brand} wallet se paisay nikal kar bhej diye gaye hain: {amount} pkr. transaction {trxid} ke naam se darj hai.,synthetic
0,Mobile Wallet Transfer Confirmation,"Aap ke UBL wallet se paisay nikal kar bhej diye gaye hain: 12,500 PKR. Transaction 79490594 ke naam se darj hai.",aap ke {brand} wallet se paisay nikal kar bhej diye gaye hain: {amount} pkr. transaction {trxid} ke naam se darj hai.,synthetic
0,Mobile Wallet Transfer Confirmation,"Aap ke Easypaisa wallet se paisay nikal kar bhej diye gaye hain: 5,000 PKR. Transaction 69897763 ke naam se darj hai.",aap ke {brand} wallet se paisay nikal kar bhej diye gaye hain: {amount} pkr. transaction {trxid} ke naam se darj hai.,synthetic
0,Mobile Wallet Transfer Confirmation,"Allied Bank transfer ki tasdeeq: 1,000 PKR kamyabi se muntaqil hue. ID 28217159 hai.",{brand} transfer ki tasdeeq: {amount} pkr kamyabi se muntaqil hue. id {trxid} hai.,synthetic
0,Mobile Wallet Transfer Confirmation,"MCB transfer ki tasdeeq: 10,000 PKR kamyabi se muntaqil hue. ID 52894344 hai.",{brand} transfer ki tasdeeq: {amount} pkr kamyabi se muntaqil hue. id {trxid} hai.,synthetic
0,Mobile Wallet Transfer Confirmation,"UBL transfer ki tasdeeq: 2,500 PKR kamyabi se muntaqil hue. ID 31139996 hai.",{brand} transfer ki tasdeeq: {amount} pkr kamyabi se muntaqil hue. id {trxid} hai.,synthetic
0,Mobile Wallet Transfer Confirmation,"Bank Alfalah transfer ki tasdeeq: 2,500 PKR kamyabi se muntaqil hue. ID 36975128 hai.",{brand} transfer ki tasdeeq: {amount} pkr kamyabi se muntaqil hue. id {trxid} hai.,synthetic
0,Mobile Wallet Transfer Confirmation,"10,000 PKR ki wallet transfer Faysal Bank par mukammal ho chuki hai. Mazeed maloomat ke liye ID 86809773 dekhein.",{amount} pkr ki wallet transfer {brand} par mukammal ho chuki hai. mazeed maloomat ke liye id {trxid} dekhein.,synthetic
0,Mobile Wallet Transfer Confirmation,"12,500 PKR ki wallet transfer Easypaisa par mukammal ho chuki hai. Mazeed maloomat ke liye ID 51512297 dekhein.",{amount} pkr ki wallet transfer {brand} par mukammal ho chuki hai. mazeed maloomat ke liye id {trxid} dekhein.,synthetic
0,Mobile Wallet Transfer Confirmation,"75,000 PKR ki wallet transfer SadaPay par mukammal ho chuki hai. Mazeed maloomat ke liye ID 64953237 dekhein.",{amount} pkr ki wallet transfer {brand} par mukammal ho chuki hai. mazeed maloomat ke liye id {trxid} dekhein.,synthetic
0,Mobile Wallet Transfer Confirmation,"50,000 PKR ki wallet transfer MCB par mukammal ho chuki hai. Mazeed maloomat ke liye ID 72523073 dekhein.",{amount} pkr ki wallet transfer {brand} par mukammal ho chuki hai. mazeed maloomat ke liye id {trxid} dekhein.,synthetic
0,Mobile Wallet Transfer Confirmation,"MCB: aap ki bheji hui raqam 50,000 PKR receiver tak muntaqil ho gayi. Transaction ID 68065043 hai.",{brand}: aap ki bheji hui raqam {amount} pkr receiver tak muntaqil ho gayi. transaction id {trxid} hai.,synthetic
0,Mobile Wallet Transfer Confirmation,"HBL: aap ki bheji hui raqam 2,500 PKR receiver tak muntaqil ho gayi. Transaction ID 50818905 hai.",{brand}: aap ki bheji hui raqam {amount} pkr receiver tak muntaqil ho gayi. transaction id {trxid} hai.,synthetic
0,Mobile Wallet Transfer Confirmation,"Bank Alfalah: aap ki bheji hui raqam 1,000 PKR receiver tak muntaqil ho gayi. Transaction ID 48124318 hai.",{brand}: aap ki bheji hui raqam {amount} pkr receiver tak muntaqil ho gayi. transaction id {trxid} hai.,synthetic
0,Mobile Wallet Transfer Confirmation,"Meezan Bank: aap ki bheji hui raqam 7,500 PKR receiver tak muntaqil ho gayi. Transaction ID 93889081 hai.",{brand}: aap ki bheji hui raqam {amount} pkr receiver tak muntaqil ho gayi. transaction id {trxid} hai.,synthetic
0,Mobile Wallet Transfer Confirmation,"Wallet se raqam bhejne ka amal Easypaisa par poora ho gaya. Raqam 75,000 PKR aur hawala 32633927 hai.",wallet se raqam bhejne ka amal {brand} par poora ho gaya. raqam {amount} pkr aur hawala {trxid} hai.,synthetic
0,Mobile Wallet Transfer Confirmation,"Wallet se raqam bhejne ka amal JazzCash par poora ho gaya. Raqam 75,000 PKR aur hawala 93816177 hai.",wallet se raqam bhejne ka amal {brand} par poora ho gaya. raqam {amount} pkr aur hawala {trxid} hai.,synthetic
0,Mobile Wallet Transfer Confirmation,"Wallet se raqam bhejne ka amal JazzCash par poora ho gaya. Raqam 75,000 PKR aur hawala 16101779 hai.",wallet se raqam bhejne ka amal {brand} par poora ho gaya. raqam {amount} pkr aur hawala {trxid} hai.,synthetic
0,Mobile Wallet Transfer Confirmation,Wallet se raqam bhejne ka amal NayaPay par poora ho gaya. Raqam 500 PKR aur hawala 95763946 hai.,wallet se raqam bhejne ka amal {brand} par poora ho gaya. raqam {amount} pkr aur hawala {trxid} hai.,synthetic
0,Mobile Wallet Transfer Confirmation,"NayaPay account: 25,000 PKR ki muntaqili kamyab rahi. Is transaction ka record number 50546385 hai.",{brand} account: {amount} pkr ki muntaqili kamyab rahi. is transaction ka record number {trxid} hai.,synthetic
0,Mobile Wallet Transfer Confirmation,NayaPay account: 500 PKR ki muntaqili kamyab rahi. Is transaction ka record number 19794273 hai.,{brand} account: {amount} pkr ki muntaqili kamyab rahi. is transaction ka record number {trxid} hai.,synthetic
0,Mobile Wallet Transfer Confirmation,"Faysal Bank account: 10,000 PKR ki muntaqili kamyab rahi. Is transaction ka record number 37383505 hai.",{brand} account: {amount} pkr ki muntaqili kamyab rahi. is transaction ka record number {trxid} hai.,synthetic
0,Mobile Wallet Transfer Confirmation,"MCB account: 12,500 PKR ki muntaqili kamyab rahi. Is transaction ka record number 56354851 hai.",{brand} account: {amount} pkr ki muntaqili kamyab rahi. is transaction ka record number {trxid} hai.,synthetic
0,Mobile Wallet Transfer Confirmation,"Aap ki Bank Alfalah se 25,000 PKR transfer karne ki darkhwast qabool ho gayi. ID 42445506 hai.",aap ki {brand} se {amount} pkr transfer karne ki darkhwast qabool ho gayi. id {trxid} hai.,synthetic
0,Mobile Wallet Transfer Confirmation,Aap ki Allied Bank se 500 PKR transfer karne ki darkhwast qabool ho gayi. ID 22993840 hai.,aap ki {brand} se {amount} pkr transfer karne ki darkhwast qabool ho gayi. id {trxid} hai.,synthetic
0,Mobile Wallet Transfer Confirmation,"Aap ki Askari Bank se 10,000 PKR transfer karne ki darkhwast qabool ho gayi. ID 31434525 hai.",aap ki {brand} se {amount} pkr transfer karne ki darkhwast qabool ho gayi. id {trxid} hai.,synthetic
0,Mobile Wallet Transfer Confirmation,"Aap ki JazzCash se 50,000 PKR transfer karne ki darkhwast qabool ho gayi. ID 76876068 hai.",aap ki {brand} se {amount} pkr transfer karne ki darkhwast qabool ho gayi. id {trxid} hai.,synthetic
0,Mobile Wallet Transfer Confirmation,"Faysal Bank par 12,500 PKR ki bheji hui raqam ka len den poora ho chuka hai. Hawala number 22086184 hai.",{brand} par {amount} pkr ki bheji hui raqam ka len den poora ho chuka hai. hawala number {trxid} hai.,synthetic
0,Mobile Wallet Transfer Confirmation,Faysal Bank par 500 PKR ki bheji hui raqam ka len den poora ho chuka hai. Hawala number 57364777 hai.,{brand} par {amount} pkr ki bheji hui raqam ka len den poora ho chuka hai. hawala number {trxid} hai.,synthetic
0,Mobile Wallet Transfer Confirmation,Allied Bank par 500 PKR ki bheji hui raqam ka len den poora ho chuka hai. Hawala number 82033413 hai.,{brand} par {amount} pkr ki bheji hui raqam ka len den poora ho chuka hai. hawala number {trxid} hai.,synthetic
0,Mobile Wallet Transfer Confirmation,"UBL par 12,500 PKR ki bheji hui raqam ka len den poora ho chuka hai. Hawala number 59093843 hai.",{brand} par {amount} pkr ki bheji hui raqam ka len den poora ho chuka hai. hawala number {trxid} hai.,synthetic
0,Mobile Wallet Transfer Confirmation,"5,000 PKR aap ke HBL wallet se transfer hone ki tasdeeq mil gayi hai. Transaction number 85405783.",{amount} pkr aap ke {brand} wallet se transfer hone ki tasdeeq mil gayi hai. transaction number {trxid}.,synthetic
0,Mobile Wallet Transfer Confirmation,"25,000 PKR aap ke Easypaisa wallet se transfer hone ki tasdeeq mil gayi hai. Transaction number 77680031.",{amount} pkr aap ke {brand} wallet se transfer hone ki tasdeeq mil gayi hai. transaction number {trxid}.,synthetic
0,Mobile Wallet Transfer Confirmation,"12,500 PKR aap ke Easypaisa wallet se transfer hone ki tasdeeq mil gayi hai. Transaction number 22976369.",{amount} pkr aap ke {brand} wallet se transfer hone ki tasdeeq mil gayi hai. transaction number {trxid}.,synthetic
0,Mobile Wallet Transfer Confirmation,"75,000 PKR aap ke Bank Alfalah wallet se transfer hone ki tasdeeq mil gayi hai. Transaction number 36717096.",{amount} pkr aap ke {brand} wallet se transfer hone ki tasdeeq mil gayi hai. transaction number {trxid}.,synthetic
0,Mobile Wallet Transfer Confirmation,"Askari Bank: transfer ka natija kamyab raha aur 2,500 PKR bhej diye gaye. ID 15222944 mehfooz kar lein.",{brand}: transfer ka natija kamyab raha aur {amount} pkr bhej diye gaye. id {trxid} mehfooz kar lein.,synthetic
0,Mobile Wallet Transfer Confirmation,"Bank Alfalah: transfer ka natija kamyab raha aur 75,000 PKR bhej diye gaye. ID 29990477 mehfooz kar lein.",{brand}: transfer ka natija kamyab raha aur {amount} pkr bhej diye gaye. id {trxid} mehfooz kar lein.,synthetic
0,Mobile Wallet Transfer Confirmation,"Easypaisa: transfer ka natija kamyab raha aur 2,500 PKR bhej diye gaye. ID 52752377 mehfooz kar lein.",{brand}: transfer ka natija kamyab raha aur {amount} pkr bhej diye gaye. id {trxid} mehfooz kar lein.,synthetic
0,Mobile Wallet Transfer Confirmation,"JazzCash: transfer ka natija kamyab raha aur 50,000 PKR bhej diye gaye. ID 78412668 mehfooz kar lein.",{brand}: transfer ka natija kamyab raha aur {amount} pkr bhej diye gaye. id {trxid} mehfooz kar lein.,synthetic
0,Mobile Wallet Transfer Confirmation,"Aap ke wallet SadaPay se 10,000 PKR ki payment muntaqil ho gayi hai. Is ki pehchan 12232974 hai.",aap ke wallet {brand} se {amount} pkr ki payment muntaqil ho gayi hai. is ki pehchan {trxid} hai.,synthetic
0,Mobile Wallet Transfer Confirmation,Aap ke wallet NayaPay se 500 PKR ki payment muntaqil ho gayi hai. Is ki pehchan 51295819 hai.,aap ke wallet {brand} se {amount} pkr ki payment muntaqil ho gayi hai. is ki pehchan {trxid} hai.,synthetic
0,Mobile Wallet Transfer Confirmation,"Aap ke wallet Faysal Bank se 75,000 PKR ki payment muntaqil ho gayi hai. Is ki pehchan 16892773 hai.",aap ke wallet {brand} se {amount} pkr ki payment muntaqil ho gayi hai. is ki pehchan {trxid} hai.,synthetic
0,Mobile Wallet Transfer Confirmation,Aap ke wallet MCB se 500 PKR ki payment muntaqil ho gayi hai. Is ki pehchan 42507072 hai.,aap ke wallet {brand} se {amount} pkr ki payment muntaqil ho gayi hai. is ki pehchan {trxid} hai.,synthetic
0,Mobile Wallet Transfer Confirmation,"SadaPay ki taraf se transfer ki ittila: 10,000 PKR bheje ja chuke hain. Len den ka number 69195194 hai.",{brand} ki taraf se transfer ki ittila: {amount} pkr bheje ja chuke hain. len den ka number {trxid} hai.,synthetic
0,Mobile Wallet Transfer Confirmation,"MCB ki taraf se transfer ki ittila: 75,000 PKR bheje ja chuke hain. Len den ka number 77353073 hai.",{brand} ki taraf se transfer ki ittila: {amount} pkr bheje ja chuke hain. len den ka number {trxid} hai.,synthetic
0,Mobile Wallet Transfer Confirmation,"Faysal Bank ki taraf se transfer ki ittila: 50,000 PKR bheje ja chuke hain. Len den ka number 37828932 hai.",{brand} ki taraf se transfer ki ittila: {amount} pkr bheje ja chuke hain. len den ka number {trxid} hai.,synthetic
0,Mobile Wallet Transfer Confirmation,"NayaPay ki taraf se transfer ki ittila: 2,500 PKR bheje ja chuke hain. Len den ka number 52111160 hai.",{brand} ki taraf se transfer ki ittila: {amount} pkr bheje ja chuke hain. len den ka number {trxid} hai.,synthetic
0,Bank Tax Deduction Notification,"Easypaisa account se 7,500 PKR tax ki mad mein kaat liye gaye hain.",{brand} account se {amount} pkr tax ki mad mein kaat liye gaye hain.,synthetic
0,Bank Tax Deduction Notification,"Faysal Bank account se 7,500 PKR tax ki mad mein kaat liye gaye hain.",{brand} account se {amount} pkr tax ki mad mein kaat liye gaye hain.,synthetic
0,Bank Tax Deduction Notification,"Allied Bank account se 10,000 PKR tax ki mad mein kaat liye gaye hain.",{brand} account se {amount} pkr tax ki mad mein kaat liye gaye hain.,synthetic
0,Bank Tax Deduction Notification,"Bank Alfalah account se 75,000 PKR tax ki mad mein kaat liye gaye hain.",{brand} account se {amount} pkr tax ki mad mein kaat liye gaye hain.,synthetic
0,Bank Tax Deduction Notification,"7,500 PKR aap ke Easypaisa account se tax ke silsile mein munha kar diye gaye. Yeh raqam bank record mein darj hai.",{amount} pkr aap ke {brand} account se tax ke silsile mein munha kar diye gaye. yeh raqam bank record mein darj hai.,synthetic
0,Bank Tax Deduction Notification,"7,500 PKR aap ke Allied Bank account se tax ke silsile mein munha kar diye gaye. Yeh raqam bank record mein darj hai.",{amount} pkr aap ke {brand} account se tax ke silsile mein munha kar diye gaye. yeh raqam bank record mein darj hai.,synthetic
0,Bank Tax Deduction Notification,"50,000 PKR aap ke Faysal Bank account se tax ke silsile mein munha kar diye gaye. Yeh raqam bank record mein darj hai.",{amount} pkr aap ke {brand} account se tax ke silsile mein munha kar diye gaye. yeh raqam bank record mein darj hai.,synthetic
0,Bank Tax Deduction Notification,"5,000 PKR aap ke Allied Bank account se tax ke silsile mein munha kar diye gaye. Yeh raqam bank record mein darj hai.",{amount} pkr aap ke {brand} account se tax ke silsile mein munha kar diye gaye. yeh raqam bank record mein darj hai.,synthetic
0,Bank Tax Deduction Notification,HBL: tax ki adaigi ke liye aap ke account se 500 PKR ki katoti hui hai.,{brand}: tax ki adaigi ke liye aap ke account se {amount} pkr ki katoti hui hai.,synthetic
0,Bank Tax Deduction Notification,Askari Bank: tax ki adaigi ke liye aap ke account se 500 PKR ki katoti hui hai.,{brand}: tax ki adaigi ke liye aap ke account se {amount} pkr ki katoti hui hai.,synthetic
0,Bank Tax Deduction Notification,"MCB: tax ki adaigi ke liye aap ke account se 5,000 PKR ki katoti hui hai.",{brand}: tax ki adaigi ke liye aap ke account se {amount} pkr ki katoti hui hai.,synthetic
0,Bank Tax Deduction Notification,"Allied Bank: tax ki adaigi ke liye aap ke account se 1,000 PKR ki katoti hui hai.",{brand}: tax ki adaigi ke liye aap ke account se {amount} pkr ki katoti hui hai.,synthetic
0,Bank Tax Deduction Notification,"Aap ke JazzCash account mein tax ke naam par 2,500 PKR ki deduction darj hui hai.",aap ke {brand} account mein tax ke naam par {amount} pkr ki deduction darj hui hai.,synthetic
0,Bank Tax Deduction Notification,"Aap ke MCB account mein tax ke naam par 7,500 PKR ki deduction darj hui hai.",aap ke {brand} account mein tax ke naam par {amount} pkr ki deduction darj hui hai.,synthetic
0,Bank Tax Deduction Notification,"Aap ke HBL account mein tax ke naam par 1,000 PKR ki deduction darj hui hai.",aap ke {brand} account mein tax ke naam par {amount} pkr ki deduction darj hui hai.,synthetic
0,Bank Tax Deduction Notification,"Aap ke Bank Alfalah account mein tax ke naam par 50,000 PKR ki deduction darj hui hai.",aap ke {brand} account mein tax ke naam par {amount} pkr ki deduction darj hui hai.,synthetic
0,Bank Tax Deduction Notification,"1,000 PKR ki tax katoti aap ke MCB account par amal mein aa gayi hai.",{amount} pkr ki tax katoti aap ke {brand} account par amal mein aa gayi hai.,synthetic
0,Bank Tax Deduction Notification,500 PKR ki tax katoti aap ke MCB account par amal mein aa gayi hai.,{amount} pkr ki tax katoti aap ke {brand} account par amal mein aa gayi hai.,synthetic
0,Bank Tax Deduction Notification,"12,500 PKR ki tax katoti aap ke Bank Alfalah account par amal mein aa gayi hai.",{amount} pkr ki tax katoti aap ke {brand} account par amal mein aa gayi hai.,synthetic
0,Bank Tax Deduction Notification,"1,000 PKR ki tax katoti aap ke Askari Bank account par amal mein aa gayi hai.",{amount} pkr ki tax katoti aap ke {brand} account par amal mein aa gayi hai.,synthetic
0,Bank Tax Deduction Notification,"MCB ne tax ke hawale se 7,500 PKR account se kaat liye hain. Mazeed tafseel statement mein dekhein.",{brand} ne tax ke hawale se {amount} pkr account se kaat liye hain. mazeed tafseel statement mein dekhein.,synthetic
0,Bank Tax Deduction Notification,"Meezan Bank ne tax ke hawale se 75,000 PKR account se kaat liye hain. Mazeed tafseel statement mein dekhein.",{brand} ne tax ke hawale se {amount} pkr account se kaat liye hain. mazeed tafseel statement mein dekhein.,synthetic
0,Bank Tax Deduction Notification,"JazzCash ne tax ke hawale se 5,000 PKR account se kaat liye hain. Mazeed tafseel statement mein dekhein.",{brand} ne tax ke hawale se {amount} pkr account se kaat liye hain. mazeed tafseel statement mein dekhein.,synthetic
0,Bank Tax Deduction Notification,"NayaPay ne tax ke hawale se 12,500 PKR account se kaat liye hain. Mazeed tafseel statement mein dekhein.",{brand} ne tax ke hawale se {amount} pkr account se kaat liye hain. mazeed tafseel statement mein dekhein.,synthetic
0,Bank Tax Deduction Notification,"Aap ke account Easypaisa se sarkari tax ki mad mein 10,000 PKR minus hue hain.",aap ke account {brand} se sarkari tax ki mad mein {amount} pkr minus hue hain.,synthetic
0,Bank Tax Deduction Notification,"Aap ke account Meezan Bank se sarkari tax ki mad mein 25,000 PKR minus hue hain.",aap ke account {brand} se sarkari tax ki mad mein {amount} pkr minus hue hain.,synthetic
0,Bank Tax Deduction Notification,"Aap ke account JazzCash se sarkari tax ki mad mein 25,000 PKR minus hue hain.",aap ke account {brand} se sarkari tax ki mad mein {amount} pkr minus hue hain.,synthetic
0,Bank Tax Deduction Notification,"Aap ke account Easypaisa se sarkari tax ki mad mein 1,000 PKR minus hue hain.",aap ke account {brand} se sarkari tax ki mad mein {amount} pkr minus hue hain.,synthetic
0,Bank Tax Deduction Notification,"Faysal Bank: account balance se 1,000 PKR tax ke taur par wasool kiye gaye hain.",{brand}: account balance se {amount} pkr tax ke taur par wasool kiye gaye hain.,synthetic
0,Bank Tax Deduction Notification,"Easypaisa: account balance se 2,500 PKR tax ke taur par wasool kiye gaye hain.",{brand}: account balance se {amount} pkr tax ke taur par wasool kiye gaye hain.,synthetic
0,Bank Tax Deduction Notification,"Bank Alfalah: account balance se 75,000 PKR tax ke taur par wasool kiye gaye hain.",{brand}: account balance se {amount} pkr tax ke taur par wasool kiye gaye hain.,synthetic
0,Bank Tax Deduction Notification,"UBL: account balance se 2,500 PKR tax ke taur par wasool kiye gaye hain.",{brand}: account balance se {amount} pkr tax ke taur par wasool kiye gaye hain.,synthetic
0,Bank Tax Deduction Notification,"Tax adjustment ke baad Askari Bank account se 7,500 PKR ki katoti record hui hai.",tax adjustment ke baad {brand} account se {amount} pkr ki katoti record hui hai.,synthetic
0,Bank Tax Deduction Notification,"Tax adjustment ke baad HBL account se 75,000 PKR ki katoti record hui hai.",tax adjustment ke baad {brand} account se {amount} pkr ki katoti record hui hai.,synthetic
0,Bank Tax Deduction Notification,"Tax adjustment ke baad HBL account se 50,000 PKR ki katoti record hui hai.",tax adjustment ke baad {brand} account se {amount} pkr ki katoti record hui hai.,synthetic
0,Bank Tax Deduction Notification,"Tax adjustment ke baad UBL account se 2,500 PKR ki katoti record hui hai.",tax adjustment ke baad {brand} account se {amount} pkr ki katoti record hui hai.,synthetic
0,Bank Tax Deduction Notification,"12,500 PKR ki raqam MCB account mein tax deduction ke taur par darj kar di gayi hai.",{amount} pkr ki raqam {brand} account mein tax deduction ke taur par darj kar di gayi hai.,synthetic
0,Bank Tax Deduction Notification,"1,000 PKR ki raqam UBL account mein tax deduction ke taur par darj kar di gayi hai.",{amount} pkr ki raqam {brand} account mein tax deduction ke taur par darj kar di gayi hai.,synthetic
0,Bank Tax Deduction Notification,500 PKR ki raqam Easypaisa account mein tax deduction ke taur par darj kar di gayi hai.,{amount} pkr ki raqam {brand} account mein tax deduction ke taur par darj kar di gayi hai.,synthetic
0,Bank Tax Deduction Notification,"12,500 PKR ki raqam HBL account mein tax deduction ke taur par darj kar di gayi hai.",{amount} pkr ki raqam {brand} account mein tax deduction ke taur par darj kar di gayi hai.,synthetic
0,Bank Tax Deduction Notification,"Aap ke Askari Bank account ki aaj ki activity mein 2,500 PKR tax katoti shamil hai.",aap ke {brand} account ki aaj ki activity mein {amount} pkr tax katoti shamil hai.,synthetic
0,Bank Tax Deduction Notification,"Aap ke Meezan Bank account ki aaj ki activity mein 75,000 PKR tax katoti shamil hai.",aap ke {brand} account ki aaj ki activity mein {amount} pkr tax katoti shamil hai.,synthetic
0,Bank Tax Deduction Notification,"Aap ke HBL account ki aaj ki activity mein 75,000 PKR tax katoti shamil hai.",aap ke {brand} account ki aaj ki activity mein {amount} pkr tax katoti shamil hai.,synthetic
0,Bank Tax Deduction Notification,"Aap ke Faysal Bank account ki aaj ki activity mein 12,500 PKR tax katoti shamil hai.",aap ke {brand} account ki aaj ki activity mein {amount} pkr tax katoti shamil hai.,synthetic
0,Bank Tax Deduction Notification,"Meezan Bank account se tax ke liye 50,000 PKR nikalne ki ittila hai.",{brand} account se tax ke liye {amount} pkr nikalne ki ittila hai.,synthetic
0,Bank Tax Deduction Notification,"Meezan Bank account se tax ke liye 10,000 PKR nikalne ki ittila hai.",{brand} account se tax ke liye {amount} pkr nikalne ki ittila hai.,synthetic
0,Bank Tax Deduction Notification,"Allied Bank account se tax ke liye 7,500 PKR nikalne ki ittila hai.",{brand} account se tax ke liye {amount} pkr nikalne ki ittila hai.,synthetic
0,Bank Tax Deduction Notification,"HBL account se tax ke liye 50,000 PKR nikalne ki ittila hai.",{brand} account se tax ke liye {amount} pkr nikalne ki ittila hai.,synthetic
0,Bank Tax Deduction Notification,"Tax se mutaliq 12,500 PKR ki katoti aap ke HBL account par mukammal ho chuki hai.",tax se mutaliq {amount} pkr ki katoti aap ke {brand} account par mukammal ho chuki hai.,synthetic
0,Bank Tax Deduction Notification,"Tax se mutaliq 25,000 PKR ki katoti aap ke MCB account par mukammal ho chuki hai.",tax se mutaliq {amount} pkr ki katoti aap ke {brand} account par mukammal ho chuki hai.,synthetic
0,Bank Tax Deduction Notification,"Tax se mutaliq 50,000 PKR ki katoti aap ke Meezan Bank account par mukammal ho chuki hai.",tax se mutaliq {amount} pkr ki katoti aap ke {brand} account par mukammal ho chuki hai.,synthetic
0,Bank Tax Deduction Notification,"Tax se mutaliq 5,000 PKR ki katoti aap ke Askari Bank account par mukammal ho chuki hai.",tax se mutaliq {amount} pkr ki katoti aap ke {brand} account par mukammal ho chuki hai.,synthetic
0,Bank Tax Deduction Notification,"Meezan Bank: 1,000 PKR tax ki mad mein account balance se adjust kar diye gaye hain.",{brand}: {amount} pkr tax ki mad mein account balance se adjust kar diye gaye hain.,synthetic
0,Bank Tax Deduction Notification,"SadaPay: 75,000 PKR tax ki mad mein account balance se adjust kar diye gaye hain.",{brand}: {amount} pkr tax ki mad mein account balance se adjust kar diye gaye hain.,synthetic
0,Bank Tax Deduction Notification,"HBL: 5,000 PKR tax ki mad mein account balance se adjust kar diye gaye hain.",{brand}: {amount} pkr tax ki mad mein account balance se adjust kar diye gaye hain.,synthetic
0,Bank Tax Deduction Notification,"Meezan Bank: 5,000 PKR tax ki mad mein account balance se adjust kar diye gaye hain.",{brand}: {amount} pkr tax ki mad mein account balance se adjust kar diye gaye hain.,synthetic
0,Bank Tax Deduction Notification,"Aap ki banking statement mein 5,000 PKR tax deduction ke taur par nazar aayegi. Account UBL hai.",aap ki banking statement mein {amount} pkr tax deduction ke taur par nazar aayegi. account {brand} hai.,synthetic
0,Bank Tax Deduction Notification,"Aap ki banking statement mein 25,000 PKR tax deduction ke taur par nazar aayegi. Account Meezan Bank hai.",aap ki banking statement mein {amount} pkr tax deduction ke taur par nazar aayegi. account {brand} hai.,synthetic
0,Bank Tax Deduction Notification,"Aap ki banking statement mein 50,000 PKR tax deduction ke taur par nazar aayegi. Account NayaPay hai.",aap ki banking statement mein {amount} pkr tax deduction ke taur par nazar aayegi. account {brand} hai.,synthetic
0,Bank Tax Deduction Notification,"Aap ki banking statement mein 10,000 PKR tax deduction ke taur par nazar aayegi. Account Faysal Bank hai.",aap ki banking statement mein {amount} pkr tax deduction ke taur par nazar aayegi. account {brand} hai.,synthetic
0,Bank Tax Deduction Notification,"Meezan Bank mein tax ki katoti ka amal poora ho gaya; 75,000 PKR account se kam hue hain.",{brand} mein tax ki katoti ka amal poora ho gaya; {amount} pkr account se kam hue hain.,synthetic
0,Bank Tax Deduction Notification,"SadaPay mein tax ki katoti ka amal poora ho gaya; 10,000 PKR account se kam hue hain.",{brand} mein tax ki katoti ka amal poora ho gaya; {amount} pkr account se kam hue hain.,synthetic
0,Bank Tax Deduction Notification,"Askari Bank mein tax ki katoti ka amal poora ho gaya; 10,000 PKR account se kam hue hain.",{brand} mein tax ki katoti ka amal poora ho gaya; {amount} pkr account se kam hue hain.,synthetic
0,Bank Tax Deduction Notification,"Faysal Bank mein tax ki katoti ka amal poora ho gaya; 2,500 PKR account se kam hue hain.",{brand} mein tax ki katoti ka amal poora ho gaya; {amount} pkr account se kam hue hain.,synthetic
0,Bank Tax Deduction Notification,500 PKR aap ke SadaPay account se tax ki surat mein munha kiye gaye hain.,{amount} pkr aap ke {brand} account se tax ki surat mein munha kiye gaye hain.,synthetic
0,Bank Tax Deduction Notification,"2,500 PKR aap ke HBL account se tax ki surat mein munha kiye gaye hain.",{amount} pkr aap ke {brand} account se tax ki surat mein munha kiye gaye hain.,synthetic
0,Bank Tax Deduction Notification,500 PKR aap ke NayaPay account se tax ki surat mein munha kiye gaye hain.,{amount} pkr aap ke {brand} account se tax ki surat mein munha kiye gaye hain.,synthetic
0,Bank Tax Deduction Notification,"75,000 PKR aap ke Easypaisa account se tax ki surat mein munha kiye gaye hain.",{amount} pkr aap ke {brand} account se tax ki surat mein munha kiye gaye hain.,synthetic
0,Bank Tax Deduction Notification,"Faysal Bank: tax deduction ki raqam 50,000 PKR hai aur yeh aap ke account se adjust ho chuki hai.",{brand}: tax deduction ki raqam {amount} pkr hai aur yeh aap ke account se adjust ho chuki hai.,synthetic
0,Bank Tax Deduction Notification,"HBL: tax deduction ki raqam 50,000 PKR hai aur yeh aap ke account se adjust ho chuki hai.",{brand}: tax deduction ki raqam {amount} pkr hai aur yeh aap ke account se adjust ho chuki hai.,synthetic
0,Bank Tax Deduction Notification,"HBL: tax deduction ki raqam 1,000 PKR hai aur yeh aap ke account se adjust ho chuki hai.",{brand}: tax deduction ki raqam {amount} pkr hai aur yeh aap ke account se adjust ho chuki hai.,synthetic
0,Bank Tax Deduction Notification,"MCB: tax deduction ki raqam 7,500 PKR hai aur yeh aap ke account se adjust ho chuki hai.",{brand}: tax deduction ki raqam {amount} pkr hai aur yeh aap ke account se adjust ho chuki hai.,synthetic
0,Bank Deposit Notification,"Bank Alfalah account mein 12,500 PKR jama ho gaye hain. Naya balance statement mein dekhein.",{brand} account mein {amount} pkr jama ho gaye hain. naya balance statement mein dekhein.,synthetic
0,Bank Deposit Notification,JazzCash account mein 500 PKR jama ho gaye hain. Naya balance statement mein dekhein.,{brand} account mein {amount} pkr jama ho gaye hain. naya balance statement mein dekhein.,synthetic
0,Bank Deposit Notification,Askari Bank account mein 500 PKR jama ho gaye hain. Naya balance statement mein dekhein.,{brand} account mein {amount} pkr jama ho gaye hain. naya balance statement mein dekhein.,synthetic
0,Bank Deposit Notification,"HBL account mein 10,000 PKR jama ho gaye hain. Naya balance statement mein dekhein.",{brand} account mein {amount} pkr jama ho gaye hain. naya balance statement mein dekhein.,synthetic
0,Bank Deposit Notification,"75,000 PKR aap ke UBL account mein jama hone ki ittila hai.",{amount} pkr aap ke {brand} account mein jama hone ki ittila hai.,synthetic
0,Bank Deposit Notification,"50,000 PKR aap ke Allied Bank account mein jama hone ki ittila hai.",{amount} pkr aap ke {brand} account mein jama hone ki ittila hai.,synthetic
0,Bank Deposit Notification,"5,000 PKR aap ke NayaPay account mein jama hone ki ittila hai.",{amount} pkr aap ke {brand} account mein jama hone ki ittila hai.,synthetic
0,Bank Deposit Notification,"75,000 PKR aap ke MCB account mein jama hone ki ittila hai.",{amount} pkr aap ke {brand} account mein jama hone ki ittila hai.,synthetic
0,Bank Deposit Notification,"JazzCash: aap ke account mein 1,000 PKR ki jama raqam darj kar di gayi hai.",{brand}: aap ke account mein {amount} pkr ki jama raqam darj kar di gayi hai.,synthetic
0,Bank Deposit Notification,"SadaPay: aap ke account mein 5,000 PKR ki jama raqam darj kar di gayi hai.",{brand}: aap ke account mein {amount} pkr ki jama raqam darj kar di gayi hai.,synthetic
0,Bank Deposit Notification,"UBL: aap ke account mein 7,500 PKR ki jama raqam darj kar di gayi hai.",{brand}: aap ke account mein {amount} pkr ki jama raqam darj kar di gayi hai.,synthetic
0,Bank Deposit Notification,"Faysal Bank: aap ke account mein 12,500 PKR ki jama raqam darj kar di gayi hai.",{brand}: aap ke account mein {amount} pkr ki jama raqam darj kar di gayi hai.,synthetic
0,Bank Deposit Notification,"Aap ke MCB account mein 7,500 PKR deposit kiye gaye hain. Raqam account mein shamil ho chuki hai.",aap ke {brand} account mein {amount} pkr deposit kiye gaye hain. raqam account mein shamil ho chuki hai.,synthetic
0,Bank Deposit Notification,"Aap ke Meezan Bank account mein 12,500 PKR deposit kiye gaye hain. Raqam account mein shamil ho chuki hai.",aap ke {brand} account mein {amount} pkr deposit kiye gaye hain. raqam account mein shamil ho chuki hai.,synthetic
0,Bank Deposit Notification,"Aap ke NayaPay account mein 1,000 PKR deposit kiye gaye hain. Raqam account mein shamil ho chuki hai.",aap ke {brand} account mein {amount} pkr deposit kiye gaye hain. raqam account mein shamil ho chuki hai.,synthetic
0,Bank Deposit Notification,"Aap ke HBL account mein 1,000 PKR deposit kiye gaye hain. Raqam account mein shamil ho chuki hai.",aap ke {brand} account mein {amount} pkr deposit kiye gaye hain. raqam account mein shamil ho chuki hai.,synthetic
0,Bank Deposit Notification,"50,000 PKR ki jama shuda raqam UBL account mein nazar aa rahi hai.",{amount} pkr ki jama shuda raqam {brand} account mein nazar aa rahi hai.,synthetic
0,Bank Deposit Notification,"50,000 PKR ki jama shuda raqam Askari Bank account mein nazar aa rahi hai.",{amount} pkr ki jama shuda raqam {brand} account mein nazar aa rahi hai.,synthetic
0,Bank Deposit Notification,"7,500 PKR ki jama shuda raqam JazzCash account mein nazar aa rahi hai.",{amount} pkr ki jama shuda raqam {brand} account mein nazar aa rahi hai.,synthetic
0,Bank Deposit Notification,"2,500 PKR ki jama shuda raqam Askari Bank account mein nazar aa rahi hai.",{amount} pkr ki jama shuda raqam {brand} account mein nazar aa rahi hai.,synthetic
0,Bank Deposit Notification,"Askari Bank mein paisay jama karne ka amal mukammal ho gaya. Jama raqam 7,500 PKR hai.",{brand} mein paisay jama karne ka amal mukammal ho gaya. jama raqam {amount} pkr hai.,synthetic
0,Bank Deposit Notification,"MCB mein paisay jama karne ka amal mukammal ho gaya. Jama raqam 12,500 PKR hai.",{brand} mein paisay jama karne ka amal mukammal ho gaya. jama raqam {amount} pkr hai.,synthetic
0,Bank Deposit Notification,"Faysal Bank mein paisay jama karne ka amal mukammal ho gaya. Jama raqam 25,000 PKR hai.",{brand} mein paisay jama karne ka amal mukammal ho gaya. jama raqam {amount} pkr hai.,synthetic
0,Bank Deposit Notification,"JazzCash mein paisay jama karne ka amal mukammal ho gaya. Jama raqam 7,500 PKR hai.",{brand} mein paisay jama karne ka amal mukammal ho gaya. jama raqam {amount} pkr hai.,synthetic
0,Bank Deposit Notification,"Aap ke account Askari Bank mein 10,000 PKR receive hone ka record ban gaya hai.",aap ke account {brand} mein {amount} pkr receive hone ka record ban gaya hai.,synthetic
0,Bank Deposit Notification,"Aap ke account NayaPay mein 75,000 PKR receive hone ka record ban gaya hai.",aap ke account {brand} mein {amount} pkr receive hone ka record ban gaya hai.,synthetic
0,Bank Deposit Notification,"Aap ke account SadaPay mein 12,500 PKR receive hone ka record ban gaya hai.",aap ke account {brand} mein {amount} pkr receive hone ka record ban gaya hai.,synthetic
0,Bank Deposit Notification,"Aap ke account Allied Bank mein 7,500 PKR receive hone ka record ban gaya hai.",aap ke account {brand} mein {amount} pkr receive hone ka record ban gaya hai.,synthetic
0,Bank Deposit Notification,"Askari Bank: 75,000 PKR account balance mein shamil kar diye gaye hain.",{brand}: {amount} pkr account balance mein shamil kar diye gaye hain.,synthetic
0,Bank Deposit Notification,"MCB: 5,000 PKR account balance mein shamil kar diye gaye hain.",{brand}: {amount} pkr account balance mein shamil kar diye gaye hain.,synthetic
0,Bank Deposit Notification,"Allied Bank: 2,500 PKR account balance mein shamil kar diye gaye hain.",{brand}: {amount} pkr account balance mein shamil kar diye gaye hain.,synthetic
0,Bank Deposit Notification,"Allied Bank: 12,500 PKR account balance mein shamil kar diye gaye hain.",{brand}: {amount} pkr account balance mein shamil kar diye gaye hain.,synthetic
0,Bank Deposit Notification,"75,000 PKR ki nayi jama raqam aap ke Askari Bank account ke ledger mein darj hai.",{amount} pkr ki nayi jama raqam aap ke {brand} account ke ledger mein darj hai.,synthetic
0,Bank Deposit Notification,"10,000 PKR ki nayi jama raqam aap ke Easypaisa account ke ledger mein darj hai.",{amount} pkr ki nayi jama raqam aap ke {brand} account ke ledger mein darj hai.,synthetic
0,Bank Deposit Notification,"12,500 PKR ki nayi jama raqam aap ke NayaPay account ke ledger mein darj hai.",{amount} pkr ki nayi jama raqam aap ke {brand} account ke ledger mein darj hai.,synthetic
0,Bank Deposit Notification,"7,500 PKR ki nayi jama raqam aap ke Bank Alfalah account ke ledger mein darj hai.",{amount} pkr ki nayi jama raqam aap ke {brand} account ke ledger mein darj hai.,synthetic
0,Bank Deposit Notification,"Deposit ki ittila: Easypaisa account mein 12,500 PKR aa gaye hain.",deposit ki ittila: {brand} account mein {amount} pkr aa gaye hain.,synthetic
0,Bank Deposit Notification,Deposit ki ittila: NayaPay account mein 500 PKR aa gaye hain.,deposit ki ittila: {brand} account mein {amount} pkr aa gaye hain.,synthetic
0,Bank Deposit Notification,"Deposit ki ittila: UBL account mein 2,500 PKR aa gaye hain.",deposit ki ittila: {brand} account mein {amount} pkr aa gaye hain.,synthetic
0,Bank Deposit Notification,"Deposit ki ittila: Allied Bank account mein 25,000 PKR aa gaye hain.",deposit ki ittila: {brand} account mein {amount} pkr aa gaye hain.,synthetic
0,Bank Deposit Notification,"Aap ke Faysal Bank bank account mein 10,000 PKR jama hone ki tasdeeq mil gayi hai.",aap ke {brand} bank account mein {amount} pkr jama hone ki tasdeeq mil gayi hai.,synthetic
0,Bank Deposit Notification,"Aap ke Allied Bank bank account mein 1,000 PKR jama hone ki tasdeeq mil gayi hai.",aap ke {brand} bank account mein {amount} pkr jama hone ki tasdeeq mil gayi hai.,synthetic
0,Bank Deposit Notification,"Aap ke MCB bank account mein 2,500 PKR jama hone ki tasdeeq mil gayi hai.",aap ke {brand} bank account mein {amount} pkr jama hone ki tasdeeq mil gayi hai.,synthetic
0,Bank Deposit Notification,"Aap ke Easypaisa bank account mein 2,500 PKR jama hone ki tasdeeq mil gayi hai.",aap ke {brand} bank account mein {amount} pkr jama hone ki tasdeeq mil gayi hai.,synthetic
0,Bank Deposit Notification,"NayaPay account ki jama raqam mein 5,000 PKR ka izafa hua hai.",{brand} account ki jama raqam mein {amount} pkr ka izafa hua hai.,synthetic
0,Bank Deposit Notification,"JazzCash account ki jama raqam mein 5,000 PKR ka izafa hua hai.",{brand} account ki jama raqam mein {amount} pkr ka izafa hua hai.,synthetic
0,Bank Deposit Notification,"SadaPay account ki jama raqam mein 10,000 PKR ka izafa hua hai.",{brand} account ki jama raqam mein {amount} pkr ka izafa hua hai.,synthetic
0,Bank Deposit Notification,"Meezan Bank account ki jama raqam mein 50,000 PKR ka izafa hua hai.",{brand} account ki jama raqam mein {amount} pkr ka izafa hua hai.,synthetic
0,Bank Deposit Notification,"75,000 PKR aap ke Bank Alfalah account ke liye jama transaction ke zariye receive hue.",{amount} pkr aap ke {brand} account ke liye jama transaction ke zariye receive hue.,synthetic
0,Bank Deposit Notification,"7,500 PKR aap ke Bank Alfalah account ke liye jama transaction ke zariye receive hue.",{amount} pkr aap ke {brand} account ke liye jama transaction ke zariye receive hue.,synthetic
0,Bank Deposit Notification,"10,000 PKR aap ke JazzCash account ke liye jama transaction ke zariye receive hue.",{amount} pkr aap ke {brand} account ke liye jama transaction ke zariye receive hue.,synthetic
0,Bank Deposit Notification,"2,500 PKR aap ke Meezan Bank account ke liye jama transaction ke zariye receive hue.",{amount} pkr aap ke {brand} account ke liye jama transaction ke zariye receive hue.,synthetic
0,Bank Deposit Notification,"Askari Bank: account mein aane wali 12,500 PKR ki raqam successfully jama ho gayi hai.",{brand}: account mein aane wali {amount} pkr ki raqam successfully jama ho gayi hai.,synthetic
0,Bank Deposit Notification,"Faysal Bank: account mein aane wali 25,000 PKR ki raqam successfully jama ho gayi hai.",{brand}: account mein aane wali {amount} pkr ki raqam successfully jama ho gayi hai.,synthetic
0,Bank Deposit Notification,MCB: account mein aane wali 500 PKR ki raqam successfully jama ho gayi hai.,{brand}: account mein aane wali {amount} pkr ki raqam successfully jama ho gayi hai.,synthetic
0,Bank Deposit Notification,"Bank Alfalah: account mein aane wali 12,500 PKR ki raqam successfully jama ho gayi hai.",{brand}: account mein aane wali {amount} pkr ki raqam successfully jama ho gayi hai.,synthetic
0,Bank Deposit Notification,"Aaj Easypaisa account mein 12,500 PKR deposit hone ka record bana hai.",aaj {brand} account mein {amount} pkr deposit hone ka record bana hai.,synthetic
0,Bank Deposit Notification,Aaj Faysal Bank account mein 500 PKR deposit hone ka record bana hai.,aaj {brand} account mein {amount} pkr deposit hone ka record bana hai.,synthetic
0,Bank Deposit Notification,"Aaj Meezan Bank account mein 50,000 PKR deposit hone ka record bana hai.",aaj {brand} account mein {amount} pkr deposit hone ka record bana hai.,synthetic
0,Bank Deposit Notification,"Aaj MCB account mein 1,000 PKR deposit hone ka record bana hai.",aaj {brand} account mein {amount} pkr deposit hone ka record bana hai.,synthetic
0,Bank Deposit Notification,"25,000 PKR jama kar diye gaye hain aur yeh raqam aap ke UBL account mein maujood hai.",{amount} pkr jama kar diye gaye hain aur yeh raqam aap ke {brand} account mein maujood hai.,synthetic
0,Bank Deposit Notification,"5,000 PKR jama kar diye gaye hain aur yeh raqam aap ke Meezan Bank account mein maujood hai.",{amount} pkr jama kar diye gaye hain aur yeh raqam aap ke {brand} account mein maujood hai.,synthetic
0,Bank Deposit Notification,"25,000 PKR jama kar diye gaye hain aur yeh raqam aap ke HBL account mein maujood hai.",{amount} pkr jama kar diye gaye hain aur yeh raqam aap ke {brand} account mein maujood hai.,synthetic
0,Bank Deposit Notification,"10,000 PKR jama kar diye gaye hain aur yeh raqam aap ke UBL account mein maujood hai.",{amount} pkr jama kar diye gaye hain aur yeh raqam aap ke {brand} account mein maujood hai.,synthetic
0,Bank Deposit Notification,"SadaPay par jama transaction mukammal hai; account mein 2,500 PKR add hue hain.",{brand} par jama transaction mukammal hai; account mein {amount} pkr add hue hain.,synthetic
0,Bank Deposit Notification,"Meezan Bank par jama transaction mukammal hai; account mein 50,000 PKR add hue hain.",{brand} par jama transaction mukammal hai; account mein {amount} pkr add hue hain.,synthetic
0,Bank Deposit Notification,"JazzCash par jama transaction mukammal hai; account mein 7,500 PKR add hue hain.",{brand} par jama transaction mukammal hai; account mein {amount} pkr add hue hain.,synthetic
0,Bank Deposit Notification,Allied Bank par jama transaction mukammal hai; account mein 500 PKR add hue hain.,{brand} par jama transaction mukammal hai; account mein {amount} pkr add hue hain.,synthetic
0,Bank Deposit Notification,"Aap ke NayaPay account ke liye 10,000 PKR ki deposit entry lag gayi hai.",aap ke {brand} account ke liye {amount} pkr ki deposit entry lag gayi hai.,synthetic
0,Bank Deposit Notification,"Aap ke Meezan Bank account ke liye 7,500 PKR ki deposit entry lag gayi hai.",aap ke {brand} account ke liye {amount} pkr ki deposit entry lag gayi hai.,synthetic
0,Bank Deposit Notification,"Aap ke Askari Bank account ke liye 1,000 PKR ki deposit entry lag gayi hai.",aap ke {brand} account ke liye {amount} pkr ki deposit entry lag gayi hai.,synthetic
0,Bank Deposit Notification,"Aap ke Easypaisa account ke liye 10,000 PKR ki deposit entry lag gayi hai.",aap ke {brand} account ke liye {amount} pkr ki deposit entry lag gayi hai.,synthetic
0,Salary Credit Notification,"HBL account mein aap ki tankhwa 10,000 PKR jama kar di gayi hai.",{brand} account mein aap ki tankhwa {amount} pkr jama kar di gayi hai.,synthetic
0,Salary Credit Notification,"UBL account mein aap ki tankhwa 5,000 PKR jama kar di gayi hai.",{brand} account mein aap ki tankhwa {amount} pkr jama kar di gayi hai.,synthetic
0,Salary Credit Notification,"Allied Bank account mein aap ki tankhwa 75,000 PKR jama kar di gayi hai.",{brand} account mein aap ki tankhwa {amount} pkr jama kar di gayi hai.,synthetic
0,Salary Credit Notification,JazzCash account mein aap ki tankhwa 500 PKR jama kar di gayi hai.,{brand} account mein aap ki tankhwa {amount} pkr jama kar di gayi hai.,synthetic
0,Salary Credit Notification,"Aap ki mahana tankhwa 25,000 PKR NayaPay account mein receive ho gayi hai.",aap ki mahana tankhwa {amount} pkr {brand} account mein receive ho gayi hai.,synthetic
0,Salary Credit Notification,"Aap ki mahana tankhwa 7,500 PKR HBL account mein receive ho gayi hai.",aap ki mahana tankhwa {amount} pkr {brand} account mein receive ho gayi hai.,synthetic
0,Salary Credit Notification,"Aap ki mahana tankhwa 10,000 PKR Allied Bank account mein receive ho gayi hai.",aap ki mahana tankhwa {amount} pkr {brand} account mein receive ho gayi hai.,synthetic
0,Salary Credit Notification,"Aap ki mahana tankhwa 7,500 PKR NayaPay account mein receive ho gayi hai.",aap ki mahana tankhwa {amount} pkr {brand} account mein receive ho gayi hai.,synthetic
0,Salary Credit Notification,"SadaPay: salary credit ki ittila, 1,000 PKR account mein jama hue hain.","{brand}: salary credit ki ittila, {amount} pkr account mein jama hue hain.",synthetic
0,Salary Credit Notification,"Meezan Bank: salary credit ki ittila, 5,000 PKR account mein jama hue hain.","{brand}: salary credit ki ittila, {amount} pkr account mein jama hue hain.",synthetic
0,Salary Credit Notification,"NayaPay: salary credit ki ittila, 1,000 PKR account mein jama hue hain.","{brand}: salary credit ki ittila, {amount} pkr account mein jama hue hain.",synthetic
0,Salary Credit Notification,"Askari Bank: salary credit ki ittila, 12,500 PKR account mein jama hue hain.","{brand}: salary credit ki ittila, {amount} pkr account mein jama hue hain.",synthetic
0,Salary Credit Notification,"7,500 PKR ki tankhwa aap ke SadaPay account mein daal di gayi hai.",{amount} pkr ki tankhwa aap ke {brand} account mein daal di gayi hai.,synthetic
0,Salary Credit Notification,"75,000 PKR ki tankhwa aap ke Askari Bank account mein daal di gayi hai.",{amount} pkr ki tankhwa aap ke {brand} account mein daal di gayi hai.,synthetic
0,Salary Credit Notification,"2,500 PKR ki tankhwa aap ke JazzCash account mein daal di gayi hai.",{amount} pkr ki tankhwa aap ke {brand} account mein daal di gayi hai.,synthetic
0,Salary Credit Notification,"1,000 PKR ki tankhwa aap ke Askari Bank account mein daal di gayi hai.",{amount} pkr ki tankhwa aap ke {brand} account mein daal di gayi hai.,synthetic
0,Salary Credit Notification,"Aap ke UBL account mein is mahine ki salary 10,000 PKR credit hui hai.",aap ke {brand} account mein is mahine ki salary {amount} pkr credit hui hai.,synthetic
0,Salary Credit Notification,"Aap ke MCB account mein is mahine ki salary 5,000 PKR credit hui hai.",aap ke {brand} account mein is mahine ki salary {amount} pkr credit hui hai.,synthetic
0,Salary Credit Notification,"Aap ke JazzCash account mein is mahine ki salary 7,500 PKR credit hui hai.",aap ke {brand} account mein is mahine ki salary {amount} pkr credit hui hai.,synthetic
0,Salary Credit Notification,"Aap ke Easypaisa account mein is mahine ki salary 7,500 PKR credit hui hai.",aap ke {brand} account mein is mahine ki salary {amount} pkr credit hui hai.,synthetic
0,Salary Credit Notification,"Tankhwa ki raqam 5,000 PKR aap ke HBL account mein aa gayi hai.",tankhwa ki raqam {amount} pkr aap ke {brand} account mein aa gayi hai.,synthetic
0,Salary Credit Notification,"Tankhwa ki raqam 10,000 PKR aap ke NayaPay account mein aa gayi hai.",tankhwa ki raqam {amount} pkr aap ke {brand} account mein aa gayi hai.,synthetic
0,Salary Credit Notification,"Tankhwa ki raqam 10,000 PKR aap ke Bank Alfalah account mein aa gayi hai.",tankhwa ki raqam {amount} pkr aap ke {brand} account mein aa gayi hai.,synthetic
0,Salary Credit Notification,"Tankhwa ki raqam 75,000 PKR aap ke NayaPay account mein aa gayi hai.",tankhwa ki raqam {amount} pkr aap ke {brand} account mein aa gayi hai.,synthetic
0,Salary Credit Notification,"HBL account: mahana ujrat ki 12,500 PKR raqam jama ho chuki hai.",{brand} account: mahana ujrat ki {amount} pkr raqam jama ho chuki hai.,synthetic
0,Salary Credit Notification,"Allied Bank account: mahana ujrat ki 1,000 PKR raqam jama ho chuki hai.",{brand} account: mahana ujrat ki {amount} pkr raqam jama ho chuki hai.,synthetic
0,Salary Credit Notification,"Easypaisa account: mahana ujrat ki 7,500 PKR raqam jama ho chuki hai.",{brand} account: mahana ujrat ki {amount} pkr raqam jama ho chuki hai.,synthetic
0,Salary Credit Notification,"Easypaisa account: mahana ujrat ki 12,500 PKR raqam jama ho chuki hai.",{brand} account: mahana ujrat ki {amount} pkr raqam jama ho chuki hai.,synthetic
0,Salary Credit Notification,"Aap ki salary ka 5,000 PKR wala credit NayaPay account mein darj ho gaya hai.",aap ki salary ka {amount} pkr wala credit {brand} account mein darj ho gaya hai.,synthetic
0,Salary Credit Notification,"Aap ki salary ka 75,000 PKR wala credit Meezan Bank account mein darj ho gaya hai.",aap ki salary ka {amount} pkr wala credit {brand} account mein darj ho gaya hai.,synthetic
0,Salary Credit Notification,"Aap ki salary ka 2,500 PKR wala credit HBL account mein darj ho gaya hai.",aap ki salary ka {amount} pkr wala credit {brand} account mein darj ho gaya hai.,synthetic
0,Salary Credit Notification,"Aap ki salary ka 50,000 PKR wala credit HBL account mein darj ho gaya hai.",aap ki salary ka {amount} pkr wala credit {brand} account mein darj ho gaya hai.,synthetic
0,Salary Credit Notification,"SadaPay mein tankhwa jama hone ki tasdeeq ho gayi. Raqam 7,500 PKR hai.",{brand} mein tankhwa jama hone ki tasdeeq ho gayi. raqam {amount} pkr hai.,synthetic
0,Salary Credit Notification,"UBL mein tankhwa jama hone ki tasdeeq ho gayi. Raqam 50,000 PKR hai.",{brand} mein tankhwa jama hone ki tasdeeq ho gayi. raqam {amount} pkr hai.,synthetic
0,Salary Credit Notification,"Allied Bank mein tankhwa jama hone ki tasdeeq ho gayi. Raqam 50,000 PKR hai.",{brand} mein tankhwa jama hone ki tasdeeq ho gayi. raqam {amount} pkr hai.,synthetic
0,Salary Credit Notification,"HBL mein tankhwa jama hone ki tasdeeq ho gayi. Raqam 7,500 PKR hai.",{brand} mein tankhwa jama hone ki tasdeeq ho gayi. raqam {amount} pkr hai.,synthetic
0,Salary Credit Notification,500 PKR salary ke taur par aap ke UBL account mein receive hue.,{amount} pkr salary ke taur par aap ke {brand} account mein receive hue.,synthetic
0,Salary Credit Notification,"12,500 PKR salary ke taur par aap ke HBL account mein receive hue.",{amount} pkr salary ke taur par aap ke {brand} account mein receive hue.,synthetic
0,Salary Credit Notification,"12,500 PKR salary ke taur par aap ke MCB account mein receive hue.",{amount} pkr salary ke taur par aap ke {brand} account mein receive hue.,synthetic
0,Salary Credit Notification,"7,500 PKR salary ke taur par aap ke Bank Alfalah account mein receive hue.",{amount} pkr salary ke taur par aap ke {brand} account mein receive hue.,synthetic
0,Salary Credit Notification,Aaj aap ke UBL account mein tankhwa ki 500 PKR entry hui hai.,aaj aap ke {brand} account mein tankhwa ki {amount} pkr entry hui hai.,synthetic
0,Salary Credit Notification,"Aaj aap ke Meezan Bank account mein tankhwa ki 25,000 PKR entry hui hai.",aaj aap ke {brand} account mein tankhwa ki {amount} pkr entry hui hai.,synthetic
0,Salary Credit Notification,"Aaj aap ke Allied Bank account mein tankhwa ki 25,000 PKR entry hui hai.",aaj aap ke {brand} account mein tankhwa ki {amount} pkr entry hui hai.,synthetic
0,Salary Credit Notification,"Aaj aap ke Bank Alfalah account mein tankhwa ki 75,000 PKR entry hui hai.",aaj aap ke {brand} account mein tankhwa ki {amount} pkr entry hui hai.,synthetic
0,Salary Credit Notification,"Faysal Bank: aap ki naukri ki mahana tankhwa 5,000 PKR account balance mein shamil hai.",{brand}: aap ki naukri ki mahana tankhwa {amount} pkr account balance mein shamil hai.,synthetic
0,Salary Credit Notification,"HBL: aap ki naukri ki mahana tankhwa 10,000 PKR account balance mein shamil hai.",{brand}: aap ki naukri ki mahana tankhwa {amount} pkr account balance mein shamil hai.,synthetic
0,Salary Credit Notification,"SadaPay: aap ki naukri ki mahana tankhwa 12,500 PKR account balance mein shamil hai.",{brand}: aap ki naukri ki mahana tankhwa {amount} pkr account balance mein shamil hai.,synthetic
0,Salary Credit Notification,"SadaPay: aap ki naukri ki mahana tankhwa 5,000 PKR account balance mein shamil hai.",{brand}: aap ki naukri ki mahana tankhwa {amount} pkr account balance mein shamil hai.,synthetic
0,Salary Credit Notification,"Salary payment 1,000 PKR aap ke Faysal Bank account tak pohanch gayi hai.",salary payment {amount} pkr aap ke {brand} account tak pohanch gayi hai.,synthetic
0,Salary Credit Notification,"Salary payment 25,000 PKR aap ke Meezan Bank account tak pohanch gayi hai.",salary payment {amount} pkr aap ke {brand} account tak pohanch gayi hai.,synthetic
0,Salary Credit Notification,"Salary payment 12,500 PKR aap ke UBL account tak pohanch gayi hai.",salary payment {amount} pkr aap ke {brand} account tak pohanch gayi hai.,synthetic
0,Salary Credit Notification,"Salary payment 2,500 PKR aap ke JazzCash account tak pohanch gayi hai.",salary payment {amount} pkr aap ke {brand} account tak pohanch gayi hai.,synthetic
0,Salary Credit Notification,"10,000 PKR ki salary Allied Bank account mein credit kar di gayi hai.",{amount} pkr ki salary {brand} account mein credit kar di gayi hai.,synthetic
0,Salary Credit Notification,"75,000 PKR ki salary Allied Bank account mein credit kar di gayi hai.",{amount} pkr ki salary {brand} account mein credit kar di gayi hai.,synthetic
0,Salary Credit Notification,"10,000 PKR ki salary MCB account mein credit kar di gayi hai.",{amount} pkr ki salary {brand} account mein credit kar di gayi hai.,synthetic
0,Salary Credit Notification,"7,500 PKR ki salary UBL account mein credit kar di gayi hai.",{amount} pkr ki salary {brand} account mein credit kar di gayi hai.,synthetic
0,Salary Credit Notification,"Aap ke Allied Bank account mein tankhwa ka credit record 75,000 PKR ke sath bana hai.",aap ke {brand} account mein tankhwa ka credit record {amount} pkr ke sath bana hai.,synthetic
0,Salary Credit Notification,"Aap ke Meezan Bank account mein tankhwa ka credit record 10,000 PKR ke sath bana hai.",aap ke {brand} account mein tankhwa ka credit record {amount} pkr ke sath bana hai.,synthetic
0,Salary Credit Notification,Aap ke Easypaisa account mein tankhwa ka credit record 500 PKR ke sath bana hai.,aap ke {brand} account mein tankhwa ka credit record {amount} pkr ke sath bana hai.,synthetic
0,Salary Credit Notification,"Aap ke Askari Bank account mein tankhwa ka credit record 1,000 PKR ke sath bana hai.",aap ke {brand} account mein tankhwa ka credit record {amount} pkr ke sath bana hai.,synthetic
0,Salary Credit Notification,"MCB account mein is mahine ki tankhwa mil gayi; jama raqam 2,500 PKR hai.",{brand} account mein is mahine ki tankhwa mil gayi; jama raqam {amount} pkr hai.,synthetic
0,Salary Credit Notification,"Askari Bank account mein is mahine ki tankhwa mil gayi; jama raqam 7,500 PKR hai.",{brand} account mein is mahine ki tankhwa mil gayi; jama raqam {amount} pkr hai.,synthetic
0,Salary Credit Notification,"UBL account mein is mahine ki tankhwa mil gayi; jama raqam 25,000 PKR hai.",{brand} account mein is mahine ki tankhwa mil gayi; jama raqam {amount} pkr hai.,synthetic
0,Salary Credit Notification,"MCB account mein is mahine ki tankhwa mil gayi; jama raqam 25,000 PKR hai.",{brand} account mein is mahine ki tankhwa mil gayi; jama raqam {amount} pkr hai.,synthetic
0,Salary Credit Notification,"Tankhwa ki adaigi poori ho gayi hai: 25,000 PKR aap ke MCB account mein jama hui hai.",tankhwa ki adaigi poori ho gayi hai: {amount} pkr aap ke {brand} account mein jama hui hai.,synthetic
0,Salary Credit Notification,"Tankhwa ki adaigi poori ho gayi hai: 2,500 PKR aap ke Askari Bank account mein jama hui hai.",tankhwa ki adaigi poori ho gayi hai: {amount} pkr aap ke {brand} account mein jama hui hai.,synthetic
0,Salary Credit Notification,"Tankhwa ki adaigi poori ho gayi hai: 75,000 PKR aap ke Allied Bank account mein jama hui hai.",tankhwa ki adaigi poori ho gayi hai: {amount} pkr aap ke {brand} account mein jama hui hai.,synthetic
0,Salary Credit Notification,"Tankhwa ki adaigi poori ho gayi hai: 25,000 PKR aap ke Meezan Bank account mein jama hui hai.",tankhwa ki adaigi poori ho gayi hai: {amount} pkr aap ke {brand} account mein jama hui hai.,synthetic
0,Salary Credit Notification,"UBL: salary ki 5,000 PKR raqam account mein shamil hone ki ittila hai.",{brand}: salary ki {amount} pkr raqam account mein shamil hone ki ittila hai.,synthetic
0,Salary Credit Notification,"Easypaisa: salary ki 25,000 PKR raqam account mein shamil hone ki ittila hai.",{brand}: salary ki {amount} pkr raqam account mein shamil hone ki ittila hai.,synthetic
0,Salary Credit Notification,"Faysal Bank: salary ki 7,500 PKR raqam account mein shamil hone ki ittila hai.",{brand}: salary ki {amount} pkr raqam account mein shamil hone ki ittila hai.,synthetic
0,Salary Credit Notification,HBL: salary ki 500 PKR raqam account mein shamil hone ki ittila hai.,{brand}: salary ki {amount} pkr raqam account mein shamil hone ki ittila hai.,synthetic
0,Bank ATM Transaction Alert,"Faysal Bank card se ATM par 2,500 PKR ki raqam nikali gayi hai. Agar yeh aap ka amal nahi tha to bank se rabta karein.",{brand} card se atm par {amount} pkr ki raqam nikali gayi hai. agar yeh aap ka amal nahi tha to bank se rabta karein.,synthetic
0,Bank ATM Transaction Alert,"Meezan Bank card se ATM par 5,000 PKR ki raqam nikali gayi hai. Agar yeh aap ka amal nahi tha to bank se rabta karein.",{brand} card se atm par {amount} pkr ki raqam nikali gayi hai. agar yeh aap ka amal nahi tha to bank se rabta karein.,synthetic
0,Bank ATM Transaction Alert,"Askari Bank card se ATM par 75,000 PKR ki raqam nikali gayi hai. Agar yeh aap ka amal nahi tha to bank se rabta karein.",{brand} card se atm par {amount} pkr ki raqam nikali gayi hai. agar yeh aap ka amal nahi tha to bank se rabta karein.,synthetic
0,Bank ATM Transaction Alert,"SadaPay card se ATM par 75,000 PKR ki raqam nikali gayi hai. Agar yeh aap ka amal nahi tha to bank se rabta karein.",{brand} card se atm par {amount} pkr ki raqam nikali gayi hai. agar yeh aap ka amal nahi tha to bank se rabta karein.,synthetic
0,Bank ATM Transaction Alert,"ATM transaction ke zariye MCB account se 7,500 PKR nikle hain. Isay apni activity se milayein.",atm transaction ke zariye {brand} account se {amount} pkr nikle hain. isay apni activity se milayein.,synthetic
0,Bank ATM Transaction Alert,"ATM transaction ke zariye Faysal Bank account se 75,000 PKR nikle hain. Isay apni activity se milayein.",atm transaction ke zariye {brand} account se {amount} pkr nikle hain. isay apni activity se milayein.,synthetic
0,Bank ATM Transaction Alert,"ATM transaction ke zariye HBL account se 75,000 PKR nikle hain. Isay apni activity se milayein.",atm transaction ke zariye {brand} account se {amount} pkr nikle hain. isay apni activity se milayein.,synthetic
0,Bank ATM Transaction Alert,ATM transaction ke zariye MCB account se 500 PKR nikle hain. Isay apni activity se milayein.,atm transaction ke zariye {brand} account se {amount} pkr nikle hain. isay apni activity se milayein.,synthetic
0,Bank ATM Transaction Alert,"JazzCash: aap ke card par ATM cash withdrawal 1,000 PKR ki record hui hai. Na ki ho to foran ittila dein.",{brand}: aap ke card par atm cash withdrawal {amount} pkr ki record hui hai. na ki ho to foran ittila dein.,synthetic
0,Bank ATM Transaction Alert,"SadaPay: aap ke card par ATM cash withdrawal 10,000 PKR ki record hui hai. Na ki ho to foran ittila dein.",{brand}: aap ke card par atm cash withdrawal {amount} pkr ki record hui hai. na ki ho to foran ittila dein.,synthetic
0,Bank ATM Transaction Alert,"MCB: aap ke card par ATM cash withdrawal 2,500 PKR ki record hui hai. Na ki ho to foran ittila dein.",{brand}: aap ke card par atm cash withdrawal {amount} pkr ki record hui hai. na ki ho to foran ittila dein.,synthetic
0,Bank ATM Transaction Alert,"Easypaisa: aap ke card par ATM cash withdrawal 75,000 PKR ki record hui hai. Na ki ho to foran ittila dein.",{brand}: aap ke card par atm cash withdrawal {amount} pkr ki record hui hai. na ki ho to foran ittila dein.,synthetic
0,Bank ATM Transaction Alert,"Aap ke MCB debit card se ATM par 2,500 PKR nikalne ka len den darj hua hai.",aap ke {brand} debit card se atm par {amount} pkr nikalne ka len den darj hua hai.,synthetic
0,Bank ATM Transaction Alert,"Aap ke SadaPay debit card se ATM par 2,500 PKR nikalne ka len den darj hua hai.",aap ke {brand} debit card se atm par {amount} pkr nikalne ka len den darj hua hai.,synthetic
0,Bank ATM Transaction Alert,"Aap ke Bank Alfalah debit card se ATM par 1,000 PKR nikalne ka len den darj hua hai.",aap ke {brand} debit card se atm par {amount} pkr nikalne ka len den darj hua hai.,synthetic
0,Bank ATM Transaction Alert,"Aap ke Faysal Bank debit card se ATM par 10,000 PKR nikalne ka len den darj hua hai.",aap ke {brand} debit card se atm par {amount} pkr nikalne ka len den darj hua hai.,synthetic
0,Bank ATM Transaction Alert,"7,500 PKR ki cash withdrawal MCB card ke zariye hui hai. Agar aap ne nahi nikale to bank ko batayein.",{amount} pkr ki cash withdrawal {brand} card ke zariye hui hai. agar aap ne nahi nikale to bank ko batayein.,synthetic
0,Bank ATM Transaction Alert,500 PKR ki cash withdrawal Meezan Bank card ke zariye hui hai. Agar aap ne nahi nikale to bank ko batayein.,{amount} pkr ki cash withdrawal {brand} card ke zariye hui hai. agar aap ne nahi nikale to bank ko batayein.,synthetic
0,Bank ATM Transaction Alert,"25,000 PKR ki cash withdrawal Askari Bank card ke zariye hui hai. Agar aap ne nahi nikale to bank ko batayein.",{amount} pkr ki cash withdrawal {brand} card ke zariye hui hai. agar aap ne nahi nikale to bank ko batayein.,synthetic
0,Bank ATM Transaction Alert,"75,000 PKR ki cash withdrawal Askari Bank card ke zariye hui hai. Agar aap ne nahi nikale to bank ko batayein.",{amount} pkr ki cash withdrawal {brand} card ke zariye hui hai. agar aap ne nahi nikale to bank ko batayein.,synthetic
0,Bank ATM Transaction Alert,NayaPay ATM alert: card se 500 PKR cash hasil kiya gaya hai. Yeh transaction aap ki hai to nazarandaz karein.,{brand} atm alert: card se {amount} pkr cash hasil kiya gaya hai. yeh transaction aap ki hai to nazarandaz karein.,synthetic
0,Bank ATM Transaction Alert,"HBL ATM alert: card se 10,000 PKR cash hasil kiya gaya hai. Yeh transaction aap ki hai to nazarandaz karein.",{brand} atm alert: card se {amount} pkr cash hasil kiya gaya hai. yeh transaction aap ki hai to nazarandaz karein.,synthetic
0,Bank ATM Transaction Alert,"Askari Bank ATM alert: card se 10,000 PKR cash hasil kiya gaya hai. Yeh transaction aap ki hai to nazarandaz karein.",{brand} atm alert: card se {amount} pkr cash hasil kiya gaya hai. yeh transaction aap ki hai to nazarandaz karein.,synthetic
0,Bank ATM Transaction Alert,"JazzCash ATM alert: card se 2,500 PKR cash hasil kiya gaya hai. Yeh transaction aap ki hai to nazarandaz karein.",{brand} atm alert: card se {amount} pkr cash hasil kiya gaya hai. yeh transaction aap ki hai to nazarandaz karein.,synthetic
0,Bank ATM Transaction Alert,"ATM se 5,000 PKR ki raqam aap ke Askari Bank card account par charge hui hai.",atm se {amount} pkr ki raqam aap ke {brand} card account par charge hui hai.,synthetic
0,Bank ATM Transaction Alert,"ATM se 7,500 PKR ki raqam aap ke Askari Bank card account par charge hui hai.",atm se {amount} pkr ki raqam aap ke {brand} card account par charge hui hai.,synthetic
0,Bank ATM Transaction Alert,"ATM se 25,000 PKR ki raqam aap ke UBL card account par charge hui hai.",atm se {amount} pkr ki raqam aap ke {brand} card account par charge hui hai.,synthetic
0,Bank ATM Transaction Alert,"ATM se 7,500 PKR ki raqam aap ke HBL card account par charge hui hai.",atm se {amount} pkr ki raqam aap ke {brand} card account par charge hui hai.,synthetic
0,Bank ATM Transaction Alert,NayaPay: ATM cash transaction 500 PKR ki hai. Apne account record mein is ki tasdeeq kar lein.,{brand}: atm cash transaction {amount} pkr ki hai. apne account record mein is ki tasdeeq kar lein.,synthetic
0,Bank ATM Transaction Alert,"MCB: ATM cash transaction 7,500 PKR ki hai. Apne account record mein is ki tasdeeq kar lein.",{brand}: atm cash transaction {amount} pkr ki hai. apne account record mein is ki tasdeeq kar lein.,synthetic
0,Bank ATM Transaction Alert,"Askari Bank: ATM cash transaction 1,000 PKR ki hai. Apne account record mein is ki tasdeeq kar lein.",{brand}: atm cash transaction {amount} pkr ki hai. apne account record mein is ki tasdeeq kar lein.,synthetic
0,Bank ATM Transaction Alert,"Easypaisa: ATM cash transaction 10,000 PKR ki hai. Apne account record mein is ki tasdeeq kar lein.",{brand}: atm cash transaction {amount} pkr ki hai. apne account record mein is ki tasdeeq kar lein.,synthetic
0,Bank ATM Transaction Alert,"Aap ke card Faysal Bank se ATM withdrawal ki ittila mili hai; raqam 7,500 PKR hai.",aap ke card {brand} se atm withdrawal ki ittila mili hai; raqam {amount} pkr hai.,synthetic
0,Bank ATM Transaction Alert,"Aap ke card Allied Bank se ATM withdrawal ki ittila mili hai; raqam 1,000 PKR hai.",aap ke card {brand} se atm withdrawal ki ittila mili hai; raqam {amount} pkr hai.,synthetic
0,Bank ATM Transaction Alert,"Aap ke card NayaPay se ATM withdrawal ki ittila mili hai; raqam 50,000 PKR hai.",aap ke card {brand} se atm withdrawal ki ittila mili hai; raqam {amount} pkr hai.,synthetic
0,Bank ATM Transaction Alert,"Aap ke card Askari Bank se ATM withdrawal ki ittila mili hai; raqam 75,000 PKR hai.",aap ke card {brand} se atm withdrawal ki ittila mili hai; raqam {amount} pkr hai.,synthetic
0,Bank ATM Transaction Alert,500 PKR ATM se nikalne ka record Meezan Bank account par ban gaya hai.,{amount} pkr atm se nikalne ka record {brand} account par ban gaya hai.,synthetic
0,Bank ATM Transaction Alert,"2,500 PKR ATM se nikalne ka record JazzCash account par ban gaya hai.",{amount} pkr atm se nikalne ka record {brand} account par ban gaya hai.,synthetic
0,Bank ATM Transaction Alert,"12,500 PKR ATM se nikalne ka record MCB account par ban gaya hai.",{amount} pkr atm se nikalne ka record {brand} account par ban gaya hai.,synthetic
0,Bank ATM Transaction Alert,"75,000 PKR ATM se nikalne ka record NayaPay account par ban gaya hai.",{amount} pkr atm se nikalne ka record {brand} account par ban gaya hai.,synthetic
0,Bank ATM Transaction Alert,"Bank Alfalah debit card ki ATM activity mein 12,500 PKR ki cash nikasi darj hui.",{brand} debit card ki atm activity mein {amount} pkr ki cash nikasi darj hui.,synthetic
0,Bank ATM Transaction Alert,"Bank Alfalah debit card ki ATM activity mein 75,000 PKR ki cash nikasi darj hui.",{brand} debit card ki atm activity mein {amount} pkr ki cash nikasi darj hui.,synthetic
0,Bank ATM Transaction Alert,"Easypaisa debit card ki ATM activity mein 2,500 PKR ki cash nikasi darj hui.",{brand} debit card ki atm activity mein {amount} pkr ki cash nikasi darj hui.,synthetic
0,Bank ATM Transaction Alert,"JazzCash debit card ki ATM activity mein 1,000 PKR ki cash nikasi darj hui.",{brand} debit card ki atm activity mein {amount} pkr ki cash nikasi darj hui.,synthetic
0,Bank ATM Transaction Alert,"ATM par aap ke Allied Bank card ki transaction hui aur 12,500 PKR nikale gaye.",atm par aap ke {brand} card ki transaction hui aur {amount} pkr nikale gaye.,synthetic
0,Bank ATM Transaction Alert,"ATM par aap ke Faysal Bank card ki transaction hui aur 7,500 PKR nikale gaye.",atm par aap ke {brand} card ki transaction hui aur {amount} pkr nikale gaye.,synthetic
0,Bank ATM Transaction Alert,"ATM par aap ke MCB card ki transaction hui aur 10,000 PKR nikale gaye.",atm par aap ke {brand} card ki transaction hui aur {amount} pkr nikale gaye.,synthetic
0,Bank ATM Transaction Alert,ATM par aap ke Meezan Bank card ki transaction hui aur 500 PKR nikale gaye.,atm par aap ke {brand} card ki transaction hui aur {amount} pkr nikale gaye.,synthetic
0,Bank ATM Transaction Alert,"Allied Bank: card se cash nikalne ki request poori hui, kul raqam 5,000 PKR hai.","{brand}: card se cash nikalne ki request poori hui, kul raqam {amount} pkr hai.",synthetic
0,Bank ATM Transaction Alert,"Allied Bank: card se cash nikalne ki request poori hui, kul raqam 75,000 PKR hai.","{brand}: card se cash nikalne ki request poori hui, kul raqam {amount} pkr hai.",synthetic
0,Bank ATM Transaction Alert,"UBL: card se cash nikalne ki request poori hui, kul raqam 25,000 PKR hai.","{brand}: card se cash nikalne ki request poori hui, kul raqam {amount} pkr hai.",synthetic
0,Bank ATM Transaction Alert,"Easypaisa: card se cash nikalne ki request poori hui, kul raqam 1,000 PKR hai.","{brand}: card se cash nikalne ki request poori hui, kul raqam {amount} pkr hai.",synthetic
0,Bank ATM Transaction Alert,"Aap ke SadaPay card ki ATM withdrawal 75,000 PKR ke sath mukammal hui hai.",aap ke {brand} card ki atm withdrawal {amount} pkr ke sath mukammal hui hai.,synthetic
0,Bank ATM Transaction Alert,Aap ke MCB card ki ATM withdrawal 500 PKR ke sath mukammal hui hai.,aap ke {brand} card ki atm withdrawal {amount} pkr ke sath mukammal hui hai.,synthetic
0,Bank ATM Transaction Alert,"Aap ke HBL card ki ATM withdrawal 25,000 PKR ke sath mukammal hui hai.",aap ke {brand} card ki atm withdrawal {amount} pkr ke sath mukammal hui hai.,synthetic
0,Bank ATM Transaction Alert,"Aap ke Askari Bank card ki ATM withdrawal 25,000 PKR ke sath mukammal hui hai.",aap ke {brand} card ki atm withdrawal {amount} pkr ke sath mukammal hui hai.,synthetic
0,Bank ATM Transaction Alert,"10,000 PKR ki ATM cash nikasi aap ke Faysal Bank account ki transaction list mein shamil hai.",{amount} pkr ki atm cash nikasi aap ke {brand} account ki transaction list mein shamil hai.,synthetic
0,Bank ATM Transaction Alert,"12,500 PKR ki ATM cash nikasi aap ke MCB account ki transaction list mein shamil hai.",{amount} pkr ki atm cash nikasi aap ke {brand} account ki transaction list mein shamil hai.,synthetic
0,Bank ATM Transaction Alert,"5,000 PKR ki ATM cash nikasi aap ke MCB account ki transaction list mein shamil hai.",{amount} pkr ki atm cash nikasi aap ke {brand} account ki transaction list mein shamil hai.,synthetic
0,Bank ATM Transaction Alert,500 PKR ki ATM cash nikasi aap ke Meezan Bank account ki transaction list mein shamil hai.,{amount} pkr ki atm cash nikasi aap ke {brand} account ki transaction list mein shamil hai.,synthetic
0,Bank ATM Transaction Alert,"MCB account se ATM ke zariye 75,000 PKR cash withdrawal hui hai. Apni activity check karein.",{brand} account se atm ke zariye {amount} pkr cash withdrawal hui hai. apni activity check karein.,synthetic
0,Bank ATM Transaction Alert,"Allied Bank account se ATM ke zariye 25,000 PKR cash withdrawal hui hai. Apni activity check karein.",{brand} account se atm ke zariye {amount} pkr cash withdrawal hui hai. apni activity check karein.,synthetic
0,Bank ATM Transaction Alert,"Meezan Bank account se ATM ke zariye 75,000 PKR cash withdrawal hui hai. Apni activity check karein.",{brand} account se atm ke zariye {amount} pkr cash withdrawal hui hai. apni activity check karein.,synthetic
0,Bank ATM Transaction Alert,"JazzCash account se ATM ke zariye 10,000 PKR cash withdrawal hui hai. Apni activity check karein.",{brand} account se atm ke zariye {amount} pkr cash withdrawal hui hai. apni activity check karein.,synthetic
0,Bank ATM Transaction Alert,"ATM alert: NayaPay card par 25,000 PKR ki cash transaction darj hui hai.",atm alert: {brand} card par {amount} pkr ki cash transaction darj hui hai.,synthetic
0,Bank ATM Transaction Alert,"ATM alert: Bank Alfalah card par 7,500 PKR ki cash transaction darj hui hai.",atm alert: {brand} card par {amount} pkr ki cash transaction darj hui hai.,synthetic
0,Bank ATM Transaction Alert,"ATM alert: MCB card par 12,500 PKR ki cash transaction darj hui hai.",atm alert: {brand} card par {amount} pkr ki cash transaction darj hui hai.,synthetic
0,Bank ATM Transaction Alert,"ATM alert: Askari Bank card par 75,000 PKR ki cash transaction darj hui hai.",atm alert: {brand} card par {amount} pkr ki cash transaction darj hui hai.,synthetic
0,Bank ATM Transaction Alert,"Aap ke JazzCash card se ATM cash lene ki entry 50,000 PKR ke sath record hui hai.",aap ke {brand} card se atm cash lene ki entry {amount} pkr ke sath record hui hai.,synthetic
0,Bank ATM Transaction Alert,"Aap ke Faysal Bank card se ATM cash lene ki entry 50,000 PKR ke sath record hui hai.",aap ke {brand} card se atm cash lene ki entry {amount} pkr ke sath record hui hai.,synthetic
0,Bank ATM Transaction Alert,"Aap ke Allied Bank card se ATM cash lene ki entry 50,000 PKR ke sath record hui hai.",aap ke {brand} card se atm cash lene ki entry {amount} pkr ke sath record hui hai.,synthetic
0,Bank ATM Transaction Alert,"Aap ke MCB card se ATM cash lene ki entry 5,000 PKR ke sath record hui hai.",aap ke {brand} card se atm cash lene ki entry {amount} pkr ke sath record hui hai.,synthetic
0,Utility Bill Payment Reminder,"75,000 PKR ka aap ka IESCO bill ada hona baqi hai. Akhri tareekh se pehle jama kar dein.",{amount} pkr ka aap ka {BRAND} bill ada hona baqi hai. akhri tareekh se pehle jama kar dein.,synthetic
0,Utility Bill Payment Reminder,"1,000 PKR ka aap ka IESCO bill ada hona baqi hai. Akhri tareekh se pehle jama kar dein.",{amount} pkr ka aap ka {BRAND} bill ada hona baqi hai. akhri tareekh se pehle jama kar dein.,synthetic
0,Utility Bill Payment Reminder,500 PKR ka aap ka IESCO bill ada hona baqi hai. Akhri tareekh se pehle jama kar dein.,{amount} pkr ka aap ka {BRAND} bill ada hona baqi hai. akhri tareekh se pehle jama kar dein.,synthetic
0,Utility Bill Payment Reminder,"25,000 PKR ka aap ka IESCO bill ada hona baqi hai. Akhri tareekh se pehle jama kar dein.",{amount} pkr ka aap ka {BRAND} bill ada hona baqi hai. akhri tareekh se pehle jama kar dein.,synthetic
0,Utility Bill Payment Reminder,"WASA ka is mahine ka bill 12,500 PKR hai. Due date tak adaigi karna na bhoolen.",{BRAND} ka is mahine ka bill {amount} pkr hai. due date tak adaigi karna na bhoolen.,synthetic
0,Utility Bill Payment Reminder,"WASA ka is mahine ka bill 5,000 PKR hai. Due date tak adaigi karna na bhoolen.",{BRAND} ka is mahine ka bill {amount} pkr hai. due date tak adaigi karna na bhoolen.,synthetic
0,Utility Bill Payment Reminder,WASA ka is mahine ka bill 500 PKR hai. Due date tak adaigi karna na bhoolen.,{BRAND} ka is mahine ka bill {amount} pkr hai. due date tak adaigi karna na bhoolen.,synthetic
0,Utility Bill Payment Reminder,"WASA ka is mahine ka bill 7,500 PKR hai. Due date tak adaigi karna na bhoolen.",{BRAND} ka is mahine ka bill {amount} pkr hai. due date tak adaigi karna na bhoolen.,synthetic
0,Utility Bill Payment Reminder,"K-Electric yaad dehani: aap ka 2,500 PKR bill abhi ada nahi hua. Barah-e-karam waqt par jama karein.",k-electric yaad dehani: aap ka {amount} pkr bill abhi ada nahi hua. barah-e-karam waqt par jama karein.,synthetic
0,Utility Bill Payment Reminder,"K-Electric yaad dehani: aap ka 75,000 PKR bill abhi ada nahi hua. Barah-e-karam waqt par jama karein.",k-electric yaad dehani: aap ka {amount} pkr bill abhi ada nahi hua. barah-e-karam waqt par jama karein.,synthetic
0,Utility Bill Payment Reminder,"K-Electric yaad dehani: aap ka 10,000 PKR bill abhi ada nahi hua. Barah-e-karam waqt par jama karein.",k-electric yaad dehani: aap ka {amount} pkr bill abhi ada nahi hua. barah-e-karam waqt par jama karein.,synthetic
0,Utility Bill Payment Reminder,"K-Electric yaad dehani: aap ka 5,000 PKR bill abhi ada nahi hua. Barah-e-karam waqt par jama karein.",k-electric yaad dehani: aap ka {amount} pkr bill abhi ada nahi hua. barah-e-karam waqt par jama karein.,synthetic
0,Utility Bill Payment Reminder,"2,500 PKR ka PTCL bill aap ke liye baqi hai. Mohlat khatam hone se pehle ada kar dein.",{amount} pkr ka ptcl bill aap ke liye baqi hai. mohlat khatam hone se pehle ada kar dein.,synthetic
0,Utility Bill Payment Reminder,"50,000 PKR ka PTCL bill aap ke liye baqi hai. Mohlat khatam hone se pehle ada kar dein.",{amount} pkr ka ptcl bill aap ke liye baqi hai. mohlat khatam hone se pehle ada kar dein.,synthetic
0,Utility Bill Payment Reminder,500 PKR ka PTCL bill aap ke liye baqi hai. Mohlat khatam hone se pehle ada kar dein.,{amount} pkr ka ptcl bill aap ke liye baqi hai. mohlat khatam hone se pehle ada kar dein.,synthetic
0,Utility Bill Payment Reminder,"1,000 PKR ka PTCL bill aap ke liye baqi hai. Mohlat khatam hone se pehle ada kar dein.",{amount} pkr ka ptcl bill aap ke liye baqi hai. mohlat khatam hone se pehle ada kar dein.,synthetic
0,Utility Bill Payment Reminder,Sui Gas ka 500 PKR bill abhi baki hai. Due date guzarne se pehle payment kar dein.,sui gas ka {amount} pkr bill abhi baki hai. due date guzarne se pehle payment kar dein.,synthetic
0,Utility Bill Payment Reminder,"Sui Gas ka 75,000 PKR bill abhi baki hai. Due date guzarne se pehle payment kar dein.",sui gas ka {amount} pkr bill abhi baki hai. due date guzarne se pehle payment kar dein.,synthetic
0,Utility Bill Payment Reminder,"Sui Gas ka 1,000 PKR bill abhi baki hai. Due date guzarne se pehle payment kar dein.",sui gas ka {amount} pkr bill abhi baki hai. due date guzarne se pehle payment kar dein.,synthetic
0,Utility Bill Payment Reminder,"Sui Gas ka 5,000 PKR bill abhi baki hai. Due date guzarne se pehle payment kar dein.",sui gas ka {amount} pkr bill abhi baki hai. due date guzarne se pehle payment kar dein.,synthetic
0,Utility Bill Payment Reminder,"IESCO ki taraf se yaad dehani: 7,500 PKR ki bill raqam ada karna baqi hai.",{BRAND} ki taraf se yaad dehani: {amount} pkr ki bill raqam ada karna baqi hai.,synthetic
0,Utility Bill Payment Reminder,"IESCO ki taraf se yaad dehani: 10,000 PKR ki bill raqam ada karna baqi hai.",{BRAND} ki taraf se yaad dehani: {amount} pkr ki bill raqam ada karna baqi hai.,synthetic
0,Utility Bill Payment Reminder,"IESCO ki taraf se yaad dehani: 25,000 PKR ki bill raqam ada karna baqi hai.",{BRAND} ki taraf se yaad dehani: {amount} pkr ki bill raqam ada karna baqi hai.,synthetic
0,Utility Bill Payment Reminder,IESCO ki taraf se yaad dehani: 500 PKR ki bill raqam ada karna baqi hai.,{BRAND} ki taraf se yaad dehani: {amount} pkr ki bill raqam ada karna baqi hai.,synthetic
0,Utility Bill Payment Reminder,"Aap ke WASA bill ki raqam 12,500 PKR hai aur adaigi ki tareekh qareeb hai.",aap ke {BRAND} bill ki raqam {amount} pkr hai aur adaigi ki tareekh qareeb hai.,synthetic
0,Utility Bill Payment Reminder,"Aap ke WASA bill ki raqam 2,500 PKR hai aur adaigi ki tareekh qareeb hai.",aap ke {BRAND} bill ki raqam {amount} pkr hai aur adaigi ki tareekh qareeb hai.,synthetic
0,Utility Bill Payment Reminder,"Aap ke WASA bill ki raqam 10,000 PKR hai aur adaigi ki tareekh qareeb hai.",aap ke {BRAND} bill ki raqam {amount} pkr hai aur adaigi ki tareekh qareeb hai.,synthetic
0,Utility Bill Payment Reminder,"Aap ke WASA bill ki raqam 25,000 PKR hai aur adaigi ki tareekh qareeb hai.",aap ke {BRAND} bill ki raqam {amount} pkr hai aur adaigi ki tareekh qareeb hai.,synthetic
0,Utility Bill Payment Reminder,"1,000 PKR ka K-Electric bill abhi outstanding hai. Akhri tareekh ka intezar na karein.",{amount} pkr ka k-electric bill abhi outstanding hai. akhri tareekh ka intezar na karein.,synthetic
0,Utility Bill Payment Reminder,"75,000 PKR ka K-Electric bill abhi outstanding hai. Akhri tareekh ka intezar na karein.",{amount} pkr ka k-electric bill abhi outstanding hai. akhri tareekh ka intezar na karein.,synthetic
0,Utility Bill Payment Reminder,"10,000 PKR ka K-Electric bill abhi outstanding hai. Akhri tareekh ka intezar na karein.",{amount} pkr ka k-electric bill abhi outstanding hai. akhri tareekh ka intezar na karein.,synthetic
0,Utility Bill Payment Reminder,"12,500 PKR ka K-Electric bill abhi outstanding hai. Akhri tareekh ka intezar na karein.",{amount} pkr ka k-electric bill abhi outstanding hai. akhri tareekh ka intezar na karein.,synthetic
0,Utility Bill Payment Reminder,PTCL bill 500 PKR: adaigi abhi baki hai. Due date se pehle bill jama karwa dein.,ptcl bill {amount} pkr: adaigi abhi baki hai. due date se pehle bill jama karwa dein.,synthetic
0,Utility Bill Payment Reminder,"PTCL bill 50,000 PKR: adaigi abhi baki hai. Due date se pehle bill jama karwa dein.",ptcl bill {amount} pkr: adaigi abhi baki hai. due date se pehle bill jama karwa dein.,synthetic
0,Utility Bill Payment Reminder,"PTCL bill 5,000 PKR: adaigi abhi baki hai. Due date se pehle bill jama karwa dein.",ptcl bill {amount} pkr: adaigi abhi baki hai. due date se pehle bill jama karwa dein.,synthetic
0,Utility Bill Payment Reminder,"PTCL bill 2,500 PKR: adaigi abhi baki hai. Due date se pehle bill jama karwa dein.",ptcl bill {amount} pkr: adaigi abhi baki hai. due date se pehle bill jama karwa dein.,synthetic
0,Utility Bill Payment Reminder,Sui Gas ka bill 500 PKR hai; waqt par adaigi na hui to late charges lag sakte hain.,sui gas ka bill {amount} pkr hai; waqt par adaigi na hui to late charges lag sakte hain.,synthetic
0,Utility Bill Payment Reminder,"Sui Gas ka bill 1,000 PKR hai; waqt par adaigi na hui to late charges lag sakte hain.",sui gas ka bill {amount} pkr hai; waqt par adaigi na hui to late charges lag sakte hain.,synthetic
0,Utility Bill Payment Reminder,"Sui Gas ka bill 25,000 PKR hai; waqt par adaigi na hui to late charges lag sakte hain.",sui gas ka bill {amount} pkr hai; waqt par adaigi na hui to late charges lag sakte hain.,synthetic
0,Utility Bill Payment Reminder,"Sui Gas ka bill 12,500 PKR hai; waqt par adaigi na hui to late charges lag sakte hain.",sui gas ka bill {amount} pkr hai; waqt par adaigi na hui to late charges lag sakte hain.,synthetic
0,Utility Bill Payment Reminder,"Is mahine IESCO ko 75,000 PKR ada karna hai. Barah-e-karam due date se pehle bill clear karein.",is mahine {BRAND} ko {amount} pkr ada karna hai. barah-e-karam due date se pehle bill clear karein.,synthetic
0,Utility Bill Payment Reminder,"Is mahine IESCO ko 10,000 PKR ada karna hai. Barah-e-karam due date se pehle bill clear karein.",is mahine {BRAND} ko {amount} pkr ada karna hai. barah-e-karam due date se pehle bill clear karein.,synthetic
0,Utility Bill Payment Reminder,"Is mahine IESCO ko 5,000 PKR ada karna hai. Barah-e-karam due date se pehle bill clear karein.",is mahine {BRAND} ko {amount} pkr ada karna hai. barah-e-karam due date se pehle bill clear karein.,synthetic
0,Utility Bill Payment Reminder,"Is mahine IESCO ko 12,500 PKR ada karna hai. Barah-e-karam due date se pehle bill clear karein.",is mahine {BRAND} ko {amount} pkr ada karna hai. barah-e-karam due date se pehle bill clear karein.,synthetic
0,Utility Bill Payment Reminder,"12,500 PKR ki WASA bill payment abhi pending hai. Adaigi ki tareekh qareeb hai.",{amount} pkr ki {BRAND} bill payment abhi pending hai. adaigi ki tareekh qareeb hai.,synthetic
0,Utility Bill Payment Reminder,500 PKR ki WASA bill payment abhi pending hai. Adaigi ki tareekh qareeb hai.,{amount} pkr ki {BRAND} bill payment abhi pending hai. adaigi ki tareekh qareeb hai.,synthetic
0,Utility Bill Payment Reminder,"75,000 PKR ki WASA bill payment abhi pending hai. Adaigi ki tareekh qareeb hai.",{amount} pkr ki {BRAND} bill payment abhi pending hai. adaigi ki tareekh qareeb hai.,synthetic
0,Utility Bill Payment Reminder,"50,000 PKR ki WASA bill payment abhi pending hai. Adaigi ki tareekh qareeb hai.",{amount} pkr ki {BRAND} bill payment abhi pending hai. adaigi ki tareekh qareeb hai.,synthetic
0,Utility Bill Payment Reminder,"K-Electric: aap ka 75,000 PKR bill baki hai. Waqt par adaigi ke liye is paigham ko yaad rakhein.",k-electric: aap ka {amount} pkr bill baki hai. waqt par adaigi ke liye is paigham ko yaad rakhein.,synthetic
0,Utility Bill Payment Reminder,"K-Electric: aap ka 5,000 PKR bill baki hai. Waqt par adaigi ke liye is paigham ko yaad rakhein.",k-electric: aap ka {amount} pkr bill baki hai. waqt par adaigi ke liye is paigham ko yaad rakhein.,synthetic
0,Utility Bill Payment Reminder,"K-Electric: aap ka 2,500 PKR bill baki hai. Waqt par adaigi ke liye is paigham ko yaad rakhein.",k-electric: aap ka {amount} pkr bill baki hai. waqt par adaigi ke liye is paigham ko yaad rakhein.,synthetic
0,Utility Bill Payment Reminder,"K-Electric: aap ka 10,000 PKR bill baki hai. Waqt par adaigi ke liye is paigham ko yaad rakhein.",k-electric: aap ka {amount} pkr bill baki hai. waqt par adaigi ke liye is paigham ko yaad rakhein.,synthetic
0,Utility Bill Payment Reminder,"PTCL ki janib se bill yaad dehani: 75,000 PKR ada karna reh gaya hai.",ptcl ki janib se bill yaad dehani: {amount} pkr ada karna reh gaya hai.,synthetic
0,Utility Bill Payment Reminder,"PTCL ki janib se bill yaad dehani: 2,500 PKR ada karna reh gaya hai.",ptcl ki janib se bill yaad dehani: {amount} pkr ada karna reh gaya hai.,synthetic
0,Utility Bill Payment Reminder,"PTCL ki janib se bill yaad dehani: 25,000 PKR ada karna reh gaya hai.",ptcl ki janib se bill yaad dehani: {amount} pkr ada karna reh gaya hai.,synthetic
0,Utility Bill Payment Reminder,PTCL ki janib se bill yaad dehani: 500 PKR ada karna reh gaya hai.,ptcl ki janib se bill yaad dehani: {amount} pkr ada karna reh gaya hai.,synthetic
0,Utility Bill Payment Reminder,Sui Gas account ka 500 PKR bill jama nahi hua. Due date se pehle ada kar dein.,sui gas account ka {amount} pkr bill jama nahi hua. due date se pehle ada kar dein.,synthetic
0,Utility Bill Payment Reminder,"Sui Gas account ka 2,500 PKR bill jama nahi hua. Due date se pehle ada kar dein.",sui gas account ka {amount} pkr bill jama nahi hua. due date se pehle ada kar dein.,synthetic
0,Utility Bill Payment Reminder,"Sui Gas account ka 10,000 PKR bill jama nahi hua. Due date se pehle ada kar dein.",sui gas account ka {amount} pkr bill jama nahi hua. due date se pehle ada kar dein.,synthetic
0,Utility Bill Payment Reminder,"Sui Gas account ka 50,000 PKR bill jama nahi hua. Due date se pehle ada kar dein.",sui gas account ka {amount} pkr bill jama nahi hua. due date se pehle ada kar dein.,synthetic
0,Utility Bill Payment Reminder,IESCO bill ki adaigi ke liye 500 PKR baki hain. Akhri tareekh ke baad jurmana ho sakta hai.,{BRAND} bill ki adaigi ke liye {amount} pkr baki hain. akhri tareekh ke baad jurmana ho sakta hai.,synthetic
0,Utility Bill Payment Reminder,"IESCO bill ki adaigi ke liye 50,000 PKR baki hain. Akhri tareekh ke baad jurmana ho sakta hai.",{BRAND} bill ki adaigi ke liye {amount} pkr baki hain. akhri tareekh ke baad jurmana ho sakta hai.,synthetic
0,Utility Bill Payment Reminder,"IESCO bill ki adaigi ke liye 5,000 PKR baki hain. Akhri tareekh ke baad jurmana ho sakta hai.",{BRAND} bill ki adaigi ke liye {amount} pkr baki hain. akhri tareekh ke baad jurmana ho sakta hai.,synthetic
0,Utility Bill Payment Reminder,"IESCO bill ki adaigi ke liye 7,500 PKR baki hain. Akhri tareekh ke baad jurmana ho sakta hai.",{BRAND} bill ki adaigi ke liye {amount} pkr baki hain. akhri tareekh ke baad jurmana ho sakta hai.,synthetic
0,Utility Bill Payment Reminder,"WASA: 1,000 PKR ka bill aap ke account par baki hai. Barah-e-karam waqt par ada karein.",{BRAND}: {amount} pkr ka bill aap ke account par baki hai. barah-e-karam waqt par ada karein.,synthetic
0,Utility Bill Payment Reminder,"WASA: 2,500 PKR ka bill aap ke account par baki hai. Barah-e-karam waqt par ada karein.",{BRAND}: {amount} pkr ka bill aap ke account par baki hai. barah-e-karam waqt par ada karein.,synthetic
0,Utility Bill Payment Reminder,"WASA: 7,500 PKR ka bill aap ke account par baki hai. Barah-e-karam waqt par ada karein.",{BRAND}: {amount} pkr ka bill aap ke account par baki hai. barah-e-karam waqt par ada karein.,synthetic
0,Utility Bill Payment Reminder,"WASA: 50,000 PKR ka bill aap ke account par baki hai. Barah-e-karam waqt par ada karein.",{BRAND}: {amount} pkr ka bill aap ke account par baki hai. barah-e-karam waqt par ada karein.,synthetic
0,Utility Bill Payment Reminder,"12,500 PKR ka utility bill pending hai; jis idare ka bill hai us ki due date se pehle payment kar dein.",{amount} pkr ka utility bill pending hai; jis idare ka bill hai us ki due date se pehle payment kar dein.,synthetic
0,Utility Bill Payment Reminder,"5,000 PKR ka utility bill pending hai; jis idare ka bill hai us ki due date se pehle payment kar dein.",{amount} pkr ka utility bill pending hai; jis idare ka bill hai us ki due date se pehle payment kar dein.,synthetic
0,Utility Bill Payment Reminder,"75,000 PKR ka utility bill pending hai; jis idare ka bill hai us ki due date se pehle payment kar dein.",{amount} pkr ka utility bill pending hai; jis idare ka bill hai us ki due date se pehle payment kar dein.,synthetic
0,Utility Bill Payment Reminder,"10,000 PKR ka utility bill pending hai; jis idare ka bill hai us ki due date se pehle payment kar dein.",{amount} pkr ka utility bill pending hai; jis idare ka bill hai us ki due date se pehle payment kar dein.,synthetic
0,Traffic Challan Notification,"PSCA: aap ki gari ka 12,500 PKR ka e-challan darj hua hai. Waqt par adaigi kar dein.",{BRAND}: aap ki gari ka {amount} pkr ka e-challan darj hua hai. waqt par adaigi kar dein.,synthetic
0,Traffic Challan Notification,PSCA: aap ki gari ka 500 PKR ka e-challan darj hua hai. Waqt par adaigi kar dein.,{BRAND}: aap ki gari ka {amount} pkr ka e-challan darj hua hai. waqt par adaigi kar dein.,synthetic
0,Traffic Challan Notification,"PSCA: aap ki gari ka 25,000 PKR ka e-challan darj hua hai. Waqt par adaigi kar dein.",{BRAND}: aap ki gari ka {amount} pkr ka e-challan darj hua hai. waqt par adaigi kar dein.,synthetic
0,Traffic Challan Notification,"PSCA: aap ki gari ka 1,000 PKR ka e-challan darj hua hai. Waqt par adaigi kar dein.",{BRAND}: aap ki gari ka {amount} pkr ka e-challan darj hua hai. waqt par adaigi kar dein.,synthetic
0,Traffic Challan Notification,"Traffic Police ki ittila: aap ke naam par 5,000 PKR ka challan bana hai. PSCA ke zariye record check karein.",traffic police ki ittila: aap ke naam par {amount} pkr ka challan bana hai. {BRAND} ke zariye record check karein.,synthetic
0,Traffic Challan Notification,"Traffic Police ki ittila: aap ke naam par 50,000 PKR ka challan bana hai. PSCA ke zariye record check karein.",traffic police ki ittila: aap ke naam par {amount} pkr ka challan bana hai. {BRAND} ke zariye record check karein.,synthetic
0,Traffic Challan Notification,Traffic Police ki ittila: aap ke naam par 500 PKR ka challan bana hai. PSCA ke zariye record check karein.,traffic police ki ittila: aap ke naam par {amount} pkr ka challan bana hai. {BRAND} ke zariye record check karein.,synthetic
0,Traffic Challan Notification,"Traffic Police ki ittila: aap ke naam par 7,500 PKR ka challan bana hai. PSCA ke zariye record check karein.",traffic police ki ittila: aap ke naam par {amount} pkr ka challan bana hai. {BRAND} ke zariye record check karein.,synthetic
0,Traffic Challan Notification,PSCA ke record mein aap ki gari ka traffic jurmana 500 PKR darj hai. Akhri tareekh se pehle jama karein.,{BRAND} ke record mein aap ki gari ka traffic jurmana {amount} pkr darj hai. akhri tareekh se pehle jama karein.,synthetic
0,Traffic Challan Notification,"PSCA ke record mein aap ki gari ka traffic jurmana 75,000 PKR darj hai. Akhri tareekh se pehle jama karein.",{BRAND} ke record mein aap ki gari ka traffic jurmana {amount} pkr darj hai. akhri tareekh se pehle jama karein.,synthetic
0,Traffic Challan Notification,"PSCA ke record mein aap ki gari ka traffic jurmana 10,000 PKR darj hai. Akhri tareekh se pehle jama karein.",{BRAND} ke record mein aap ki gari ka traffic jurmana {amount} pkr darj hai. akhri tareekh se pehle jama karein.,synthetic
0,Traffic Challan Notification,"PSCA ke record mein aap ki gari ka traffic jurmana 50,000 PKR darj hai. Akhri tareekh se pehle jama karein.",{BRAND} ke record mein aap ki gari ka traffic jurmana {amount} pkr darj hai. akhri tareekh se pehle jama karein.,synthetic
0,Traffic Challan Notification,"Aap ki gari ke khilaf 10,000 PKR ka e-challan generate hua hai. Adaigi mein dair na karein.",aap ki gari ke khilaf {amount} pkr ka e-challan generate hua hai. adaigi mein dair na karein.,synthetic
0,Traffic Challan Notification,Aap ki gari ke khilaf 500 PKR ka e-challan generate hua hai. Adaigi mein dair na karein.,aap ki gari ke khilaf {amount} pkr ka e-challan generate hua hai. adaigi mein dair na karein.,synthetic
0,Traffic Challan Notification,"Aap ki gari ke khilaf 5,000 PKR ka e-challan generate hua hai. Adaigi mein dair na karein.",aap ki gari ke khilaf {amount} pkr ka e-challan generate hua hai. adaigi mein dair na karein.,synthetic
0,Traffic Challan Notification,"Aap ki gari ke khilaf 7,500 PKR ka e-challan generate hua hai. Adaigi mein dair na karein.",aap ki gari ke khilaf {amount} pkr ka e-challan generate hua hai. adaigi mein dair na karein.,synthetic
0,Traffic Challan Notification,"Traffic challan ki raqam 2,500 PKR hai. PSCA record ke mutabiq isay muqarrara waqt mein ada karein.",traffic challan ki raqam {amount} pkr hai. {BRAND} record ke mutabiq isay muqarrara waqt mein ada karein.,synthetic
0,Traffic Challan Notification,"Traffic challan ki raqam 1,000 PKR hai. PSCA record ke mutabiq isay muqarrara waqt mein ada karein.",traffic challan ki raqam {amount} pkr hai. {BRAND} record ke mutabiq isay muqarrara waqt mein ada karein.,synthetic
0,Traffic Challan Notification,"Traffic challan ki raqam 75,000 PKR hai. PSCA record ke mutabiq isay muqarrara waqt mein ada karein.",traffic challan ki raqam {amount} pkr hai. {BRAND} record ke mutabiq isay muqarrara waqt mein ada karein.,synthetic
0,Traffic Challan Notification,"Traffic challan ki raqam 10,000 PKR hai. PSCA record ke mutabiq isay muqarrara waqt mein ada karein.",traffic challan ki raqam {amount} pkr hai. {BRAND} record ke mutabiq isay muqarrara waqt mein ada karein.,synthetic
0,Traffic Challan Notification,"PSCA: traffic violation ke silsile mein 5,000 PKR ka challan aap ke record par maujood hai.",{BRAND}: traffic violation ke silsile mein {amount} pkr ka challan aap ke record par maujood hai.,synthetic
0,Traffic Challan Notification,"PSCA: traffic violation ke silsile mein 10,000 PKR ka challan aap ke record par maujood hai.",{BRAND}: traffic violation ke silsile mein {amount} pkr ka challan aap ke record par maujood hai.,synthetic
0,Traffic Challan Notification,"PSCA: traffic violation ke silsile mein 25,000 PKR ka challan aap ke record par maujood hai.",{BRAND}: traffic violation ke silsile mein {amount} pkr ka challan aap ke record par maujood hai.,synthetic
0,Traffic Challan Notification,"PSCA: traffic violation ke silsile mein 50,000 PKR ka challan aap ke record par maujood hai.",{BRAND}: traffic violation ke silsile mein {amount} pkr ka challan aap ke record par maujood hai.,synthetic
0,Traffic Challan Notification,500 PKR ka e-challan aap ki gari ke liye issue hua hai. Due date se pehle is ki adaigi karein.,{amount} pkr ka e-challan aap ki gari ke liye issue hua hai. due date se pehle is ki adaigi karein.,synthetic
0,Traffic Challan Notification,"10,000 PKR ka e-challan aap ki gari ke liye issue hua hai. Due date se pehle is ki adaigi karein.",{amount} pkr ka e-challan aap ki gari ke liye issue hua hai. due date se pehle is ki adaigi karein.,synthetic
0,Traffic Challan Notification,"50,000 PKR ka e-challan aap ki gari ke liye issue hua hai. Due date se pehle is ki adaigi karein.",{amount} pkr ka e-challan aap ki gari ke liye issue hua hai. due date se pehle is ki adaigi karein.,synthetic
0,Traffic Challan Notification,"5,000 PKR ka e-challan aap ki gari ke liye issue hua hai. Due date se pehle is ki adaigi karein.",{amount} pkr ka e-challan aap ki gari ke liye issue hua hai. due date se pehle is ki adaigi karein.,synthetic
0,Traffic Challan Notification,"Traffic Police ne aap ki gari ka 2,500 PKR jurmana record kiya hai. Tafseel PSCA record mein dekhein.",traffic police ne aap ki gari ka {amount} pkr jurmana record kiya hai. tafseel {BRAND} record mein dekhein.,synthetic
0,Traffic Challan Notification,"Traffic Police ne aap ki gari ka 10,000 PKR jurmana record kiya hai. Tafseel PSCA record mein dekhein.",traffic police ne aap ki gari ka {amount} pkr jurmana record kiya hai. tafseel {BRAND} record mein dekhein.,synthetic
0,Traffic Challan Notification,"Traffic Police ne aap ki gari ka 25,000 PKR jurmana record kiya hai. Tafseel PSCA record mein dekhein.",traffic police ne aap ki gari ka {amount} pkr jurmana record kiya hai. tafseel {BRAND} record mein dekhein.,synthetic
0,Traffic Challan Notification,"Traffic Police ne aap ki gari ka 1,000 PKR jurmana record kiya hai. Tafseel PSCA record mein dekhein.",traffic police ne aap ki gari ka {amount} pkr jurmana record kiya hai. tafseel {BRAND} record mein dekhein.,synthetic
0,Traffic Challan Notification,"PSCA alert: aap ke vehicle record mein 75,000 PKR ki challan entry shamil hui hai.",{BRAND} alert: aap ke vehicle record mein {amount} pkr ki challan entry shamil hui hai.,synthetic
0,Traffic Challan Notification,"PSCA alert: aap ke vehicle record mein 1,000 PKR ki challan entry shamil hui hai.",{BRAND} alert: aap ke vehicle record mein {amount} pkr ki challan entry shamil hui hai.,synthetic
0,Traffic Challan Notification,"PSCA alert: aap ke vehicle record mein 10,000 PKR ki challan entry shamil hui hai.",{BRAND} alert: aap ke vehicle record mein {amount} pkr ki challan entry shamil hui hai.,synthetic
0,Traffic Challan Notification,"PSCA alert: aap ke vehicle record mein 50,000 PKR ki challan entry shamil hui hai.",{BRAND} alert: aap ke vehicle record mein {amount} pkr ki challan entry shamil hui hai.,synthetic
0,Traffic Challan Notification,"Aap ka traffic e-challan 50,000 PKR ka hai. Barah-e-karam muqarrara tareekh tak adaigi kar dein.",aap ka traffic e-challan {amount} pkr ka hai. barah-e-karam muqarrara tareekh tak adaigi kar dein.,synthetic
0,Traffic Challan Notification,"Aap ka traffic e-challan 10,000 PKR ka hai. Barah-e-karam muqarrara tareekh tak adaigi kar dein.",aap ka traffic e-challan {amount} pkr ka hai. barah-e-karam muqarrara tareekh tak adaigi kar dein.,synthetic
0,Traffic Challan Notification,"Aap ka traffic e-challan 1,000 PKR ka hai. Barah-e-karam muqarrara tareekh tak adaigi kar dein.",aap ka traffic e-challan {amount} pkr ka hai. barah-e-karam muqarrara tareekh tak adaigi kar dein.,synthetic
0,Traffic Challan Notification,"Aap ka traffic e-challan 2,500 PKR ka hai. Barah-e-karam muqarrara tareekh tak adaigi kar dein.",aap ka traffic e-challan {amount} pkr ka hai. barah-e-karam muqarrara tareekh tak adaigi kar dein.,synthetic
0,Traffic Challan Notification,"75,000 PKR traffic fine aap ki gari ke record mein darj hua hai. PSCA par is ki tasdeeq karein.",{amount} pkr traffic fine aap ki gari ke record mein darj hua hai. {BRAND} par is ki tasdeeq karein.,synthetic
0,Traffic Challan Notification,"2,500 PKR traffic fine aap ki gari ke record mein darj hua hai. PSCA par is ki tasdeeq karein.",{amount} pkr traffic fine aap ki gari ke record mein darj hua hai. {BRAND} par is ki tasdeeq karein.,synthetic
0,Traffic Challan Notification,"25,000 PKR traffic fine aap ki gari ke record mein darj hua hai. PSCA par is ki tasdeeq karein.",{amount} pkr traffic fine aap ki gari ke record mein darj hua hai. {BRAND} par is ki tasdeeq karein.,synthetic
0,Traffic Challan Notification,"10,000 PKR traffic fine aap ki gari ke record mein darj hua hai. PSCA par is ki tasdeeq karein.",{amount} pkr traffic fine aap ki gari ke record mein darj hua hai. {BRAND} par is ki tasdeeq karein.,synthetic
0,Traffic Challan Notification,"PSCA ke mutabiq aap par 12,500 PKR ka challan baqi hai. Akhri tareekh se pehle payment karein.",{BRAND} ke mutabiq aap par {amount} pkr ka challan baqi hai. akhri tareekh se pehle payment karein.,synthetic
0,Traffic Challan Notification,"PSCA ke mutabiq aap par 75,000 PKR ka challan baqi hai. Akhri tareekh se pehle payment karein.",{BRAND} ke mutabiq aap par {amount} pkr ka challan baqi hai. akhri tareekh se pehle payment karein.,synthetic
0,Traffic Challan Notification,"PSCA ke mutabiq aap par 25,000 PKR ka challan baqi hai. Akhri tareekh se pehle payment karein.",{BRAND} ke mutabiq aap par {amount} pkr ka challan baqi hai. akhri tareekh se pehle payment karein.,synthetic
0,Traffic Challan Notification,"PSCA ke mutabiq aap par 1,000 PKR ka challan baqi hai. Akhri tareekh se pehle payment karein.",{BRAND} ke mutabiq aap par {amount} pkr ka challan baqi hai. akhri tareekh se pehle payment karein.,synthetic
0,Traffic Challan Notification,"Traffic Police: challan ki raqam 7,500 PKR hai aur is ki adaigi abhi baki hai.",traffic police: challan ki raqam {amount} pkr hai aur is ki adaigi abhi baki hai.,synthetic
0,Traffic Challan Notification,Traffic Police: challan ki raqam 500 PKR hai aur is ki adaigi abhi baki hai.,traffic police: challan ki raqam {amount} pkr hai aur is ki adaigi abhi baki hai.,synthetic
0,Traffic Challan Notification,"Traffic Police: challan ki raqam 5,000 PKR hai aur is ki adaigi abhi baki hai.",traffic police: challan ki raqam {amount} pkr hai aur is ki adaigi abhi baki hai.,synthetic
0,Traffic Challan Notification,"Traffic Police: challan ki raqam 12,500 PKR hai aur is ki adaigi abhi baki hai.",traffic police: challan ki raqam {amount} pkr hai aur is ki adaigi abhi baki hai.,synthetic
0,Traffic Challan Notification,"Aap ki gari se mutaliq naya e-challan darj hua; jurmane ki raqam 75,000 PKR hai.",aap ki gari se mutaliq naya e-challan darj hua; jurmane ki raqam {amount} pkr hai.,synthetic
0,Traffic Challan Notification,"Aap ki gari se mutaliq naya e-challan darj hua; jurmane ki raqam 50,000 PKR hai.",aap ki gari se mutaliq naya e-challan darj hua; jurmane ki raqam {amount} pkr hai.,synthetic
0,Traffic Challan Notification,"Aap ki gari se mutaliq naya e-challan darj hua; jurmane ki raqam 2,500 PKR hai.",aap ki gari se mutaliq naya e-challan darj hua; jurmane ki raqam {amount} pkr hai.,synthetic
0,Traffic Challan Notification,"Aap ki gari se mutaliq naya e-challan darj hua; jurmane ki raqam 1,000 PKR hai.",aap ki gari se mutaliq naya e-challan darj hua; jurmane ki raqam {amount} pkr hai.,synthetic
0,Traffic Challan Notification,PSCA traffic record mein 500 PKR ka fine add hua hai. Waqt par adaigi zaroor karein.,{BRAND} traffic record mein {amount} pkr ka fine add hua hai. waqt par adaigi zaroor karein.,synthetic
0,Traffic Challan Notification,"PSCA traffic record mein 75,000 PKR ka fine add hua hai. Waqt par adaigi zaroor karein.",{BRAND} traffic record mein {amount} pkr ka fine add hua hai. waqt par adaigi zaroor karein.,synthetic
0,Traffic Challan Notification,"PSCA traffic record mein 1,000 PKR ka fine add hua hai. Waqt par adaigi zaroor karein.",{BRAND} traffic record mein {amount} pkr ka fine add hua hai. waqt par adaigi zaroor karein.,synthetic
0,Traffic Challan Notification,"PSCA traffic record mein 50,000 PKR ka fine add hua hai. Waqt par adaigi zaroor karein.",{BRAND} traffic record mein {amount} pkr ka fine add hua hai. waqt par adaigi zaroor karein.,synthetic
0,Traffic Challan Notification,"25,000 PKR ka traffic challan aap ke vehicle record mein maujood hai. Due date ka khayal rakhein.",{amount} pkr ka traffic challan aap ke vehicle record mein maujood hai. due date ka khayal rakhein.,synthetic
0,Traffic Challan Notification,500 PKR ka traffic challan aap ke vehicle record mein maujood hai. Due date ka khayal rakhein.,{amount} pkr ka traffic challan aap ke vehicle record mein maujood hai. due date ka khayal rakhein.,synthetic
0,Traffic Challan Notification,"75,000 PKR ka traffic challan aap ke vehicle record mein maujood hai. Due date ka khayal rakhein.",{amount} pkr ka traffic challan aap ke vehicle record mein maujood hai. due date ka khayal rakhein.,synthetic
0,Traffic Challan Notification,"12,500 PKR ka traffic challan aap ke vehicle record mein maujood hai. Due date ka khayal rakhein.",{amount} pkr ka traffic challan aap ke vehicle record mein maujood hai. due date ka khayal rakhein.,synthetic
0,Traffic Challan Notification,"Traffic violation ki wajah se 1,000 PKR ka challan issue hua hai. PSCA record mein tafseel mojood hai.",traffic violation ki wajah se {amount} pkr ka challan issue hua hai. {BRAND} record mein tafseel mojood hai.,synthetic
0,Traffic Challan Notification,"Traffic violation ki wajah se 5,000 PKR ka challan issue hua hai. PSCA record mein tafseel mojood hai.",traffic violation ki wajah se {amount} pkr ka challan issue hua hai. {BRAND} record mein tafseel mojood hai.,synthetic
0,Traffic Challan Notification,"Traffic violation ki wajah se 7,500 PKR ka challan issue hua hai. PSCA record mein tafseel mojood hai.",traffic violation ki wajah se {amount} pkr ka challan issue hua hai. {BRAND} record mein tafseel mojood hai.,synthetic
0,Traffic Challan Notification,"Traffic violation ki wajah se 50,000 PKR ka challan issue hua hai. PSCA record mein tafseel mojood hai.",traffic violation ki wajah se {amount} pkr ka challan issue hua hai. {BRAND} record mein tafseel mojood hai.,synthetic
0,Traffic Challan Notification,"PSCA: aap ke vehicle ke liye 75,000 PKR ka traffic fine record hua hai. Adaigi muqarrara waqt mein karein.",{BRAND}: aap ke vehicle ke liye {amount} pkr ka traffic fine record hua hai. adaigi muqarrara waqt mein karein.,synthetic
0,Traffic Challan Notification,"PSCA: aap ke vehicle ke liye 5,000 PKR ka traffic fine record hua hai. Adaigi muqarrara waqt mein karein.",{BRAND}: aap ke vehicle ke liye {amount} pkr ka traffic fine record hua hai. adaigi muqarrara waqt mein karein.,synthetic
0,Traffic Challan Notification,"PSCA: aap ke vehicle ke liye 25,000 PKR ka traffic fine record hua hai. Adaigi muqarrara waqt mein karein.",{BRAND}: aap ke vehicle ke liye {amount} pkr ka traffic fine record hua hai. adaigi muqarrara waqt mein karein.,synthetic
0,Traffic Challan Notification,PSCA: aap ke vehicle ke liye 500 PKR ka traffic fine record hua hai. Adaigi muqarrara waqt mein karein.,{BRAND}: aap ke vehicle ke liye {amount} pkr ka traffic fine record hua hai. adaigi muqarrara waqt mein karein.,synthetic
0,Utility Bill Cleared Notification,IESCO: aap ka pichla bill poori tarah ada ho gaya hai. Ab koi baki raqam nahi.,{BRAND}: aap ka pichla bill poori tarah ada ho gaya hai. ab koi baki raqam nahi.,synthetic
0,Utility Bill Cleared Notification,WASA ka bill clear ho chuka hai aur aap ke account par baki raqam 0 PKR hai.,{BRAND} ka bill clear ho chuka hai aur aap ke account par baki raqam {AMOUNT} pkr hai.,synthetic
0,Utility Bill Cleared Notification,K-Electric: aap ki bill payment receive ho gayi hai. Pichla bill ab ada shuda hai.,k-electric: aap ki bill payment receive ho gayi hai. pichla bill ab ada shuda hai.,synthetic
0,Utility Bill Cleared Notification,PTCL ki taraf se ittila hai ke aap ka bill clear ho gaya hai. Koi baki adaigi nahi.,ptcl ki taraf se ittila hai ke aap ka bill clear ho gaya hai. koi baki adaigi nahi.,synthetic
0,Utility Bill Cleared Notification,Sui Gas bill ki adaigi mukammal ho gayi hai. Pichli raqam ab baki nahi.,sui gas bill ki adaigi mukammal ho gayi hai. pichli raqam ab baki nahi.,synthetic
0,Utility Bill Cleared Notification,IESCO account mein bill payment darj ho chuki hai aur baki bill 0 PKR hai.,{BRAND} account mein bill payment darj ho chuki hai aur baki bill {AMOUNT} pkr hai.,synthetic
0,Utility Bill Cleared Notification,Aap ka WASA bill jama ho gaya hai. Pichle bill ki tamam raqam clear hai.,aap ka {BRAND} bill jama ho gaya hai. pichle bill ki tamam raqam clear hai.,synthetic
0,Utility Bill Cleared Notification,K-Electric ne aap ki bill payment receive kar li hai; pichla balance khatam ho gaya.,k-electric ne aap ki bill payment receive kar li hai; pichla balance khatam ho gaya.,synthetic
0,Utility Bill Cleared Notification,PTCL: aap ke bill ki adaigi mukammal hai. Is waqt koi baki raqam nahi.,ptcl: aap ke bill ki adaigi mukammal hai. is waqt koi baki raqam nahi.,synthetic
0,Utility Bill Cleared Notification,Sui Gas ki janib se tasdeeq: aap ka pichla bill ada kar diya gaya hai.,sui gas ki janib se tasdeeq: aap ka pichla bill ada kar diya gaya hai.,synthetic
0,Utility Bill Cleared Notification,IESCO ka bill clear hone ki ittila hai. Aap ke pichle bill par koi baki nahi.,{BRAND} ka bill clear hone ki ittila hai. aap ke pichle bill par koi baki nahi.,synthetic
0,Utility Bill Cleared Notification,WASA account mein adaigi darj ho gayi hai aur pichla bill bandobast ho chuka hai.,{BRAND} account mein adaigi darj ho gayi hai aur pichla bill bandobast ho chuka hai.,synthetic
0,Utility Bill Cleared Notification,K-Electric bill successfully clear ho gaya hai. Aap ki pichli adaigi record mein hai.,k-electric bill successfully clear ho gaya hai. aap ki pichli adaigi record mein hai.,synthetic
0,Utility Bill Cleared Notification,PTCL bill ki tamam baki raqam ada ho gayi hai. Account clear hai.,ptcl bill ki tamam baki raqam ada ho gayi hai. account clear hai.,synthetic
0,Utility Bill Cleared Notification,Sui Gas: pichla bill ada ho chuka hai aur ab us par koi baki amount nahi.,sui gas: pichla bill ada ho chuka hai aur ab us par koi baki amount nahi.,synthetic
0,Utility Bill Cleared Notification,Aap ki IESCO bill payment qabool ho gayi hai. Pichla bill ab clear hai.,aap ki {BRAND} bill payment qabool ho gayi hai. pichla bill ab clear hai.,synthetic
0,Utility Bill Cleared Notification,WASA ki bill adaigi poori hone ke baad pichli baki raqam khatam ho gayi hai.,{BRAND} ki bill adaigi poori hone ke baad pichli baki raqam khatam ho gayi hai.,synthetic
0,Utility Bill Cleared Notification,K-Electric ki taraf se bill clearance ki tasdeeq hai; pichla bill ab baki nahi.,k-electric ki taraf se bill clearance ki tasdeeq hai; pichla bill ab baki nahi.,synthetic
1,Phishing - Reward/Lottery Scam,Khushkhabri! Aap ka Eid inaam nikal aya hai. Inaam hasil karne ke liye 0321981641 par apni Allied Bank account maloomat bhejein.,khushkhabri! aap ka eid inaam nikal aya hai. inaam hasil karne ke liye {phone} par apni {brand} account maloomat bhejein.,synthetic
1,Phishing - Reward/Lottery Scam,Khushkhabri! Aap ka Eid inaam nikal aya hai. Inaam hasil karne ke liye 0326995933 par apni SadaPay account maloomat bhejein.,khushkhabri! aap ka eid inaam nikal aya hai. inaam hasil karne ke liye {phone} par apni {brand} account maloomat bhejein.,synthetic
1,Phishing - Reward/Lottery Scam,Khushkhabri! Aap ka Eid inaam nikal aya hai. Inaam hasil karne ke liye 0351817300 par apni Askari Bank account maloomat bhejein.,khushkhabri! aap ka eid inaam nikal aya hai. inaam hasil karne ke liye {phone} par apni {brand} account maloomat bhejein.,synthetic
1,Phishing - Reward/Lottery Scam,Khushkhabri! Aap ka Eid inaam nikal aya hai. Inaam hasil karne ke liye 0384251673 par apni UBL account maloomat bhejein.,khushkhabri! aap ka eid inaam nikal aya hai. inaam hasil karne ke liye {phone} par apni {brand} account maloomat bhejein.,synthetic
1,Phishing - Reward/Lottery Scam,"Mubarak ho, aap ko PSL giveaway mein inaam mila hai. Claim mukammal karne ke liye 0386412444 par rabta karein.","mubarak ho, aap ko psl giveaway mein inaam mila hai. claim mukammal karne ke liye {phone} par rabta karein.",synthetic
1,Phishing - Reward/Lottery Scam,"Mubarak ho, aap ko PSL giveaway mein inaam mila hai. Claim mukammal karne ke liye 0352607817 par rabta karein.","mubarak ho, aap ko psl giveaway mein inaam mila hai. claim mukammal karne ke liye {phone} par rabta karein.",synthetic
1,Phishing - Reward/Lottery Scam,"Mubarak ho, aap ko PSL giveaway mein inaam mila hai. Claim mukammal karne ke liye 0303297630 par rabta karein.","mubarak ho, aap ko psl giveaway mein inaam mila hai. claim mukammal karne ke liye {phone} par rabta karein.",synthetic
1,Phishing - Reward/Lottery Scam,"Mubarak ho, aap ko PSL giveaway mein inaam mila hai. Claim mukammal karne ke liye 0366709506 par rabta karein.","mubarak ho, aap ko psl giveaway mein inaam mila hai. claim mukammal karne ke liye {phone} par rabta karein.",synthetic
1,Phishing - Reward/Lottery Scam,"Aap ka loyalty bonus 50,000 PKR approve hua hai. Processing ke liye 0334161109 par apna account number bhejein.",aap ka loyalty bonus {amount} pkr approve hua hai. processing ke liye {phone} par apna account number bhejein.,synthetic
1,Phishing - Reward/Lottery Scam,"Aap ka loyalty bonus 1,000 PKR approve hua hai. Processing ke liye 0382912044 par apna account number bhejein.",aap ka loyalty bonus {amount} pkr approve hua hai. processing ke liye {phone} par apna account number bhejein.,synthetic
1,Phishing - Reward/Lottery Scam,"Aap ka loyalty bonus 10,000 PKR approve hua hai. Processing ke liye 0309044980 par apna account number bhejein.",aap ka loyalty bonus {amount} pkr approve hua hai. processing ke liye {phone} par apna account number bhejein.,synthetic
1,Phishing - Reward/Lottery Scam,"Aap ka loyalty bonus 7,500 PKR approve hua hai. Processing ke liye 0399776515 par apna account number bhejein.",aap ka loyalty bonus {amount} pkr approve hua hai. processing ke liye {phone} par apna account number bhejein.,synthetic
1,Phishing - Reward/Lottery Scam,"Final notice: giveaway ka 5,000 PKR inaam aaj claim karna hai. Tasdeeq ke liye 0314730545 par rabta karein.",final notice: giveaway ka {amount} pkr inaam aaj claim karna hai. tasdeeq ke liye {phone} par rabta karein.,synthetic
1,Phishing - Reward/Lottery Scam,"Final notice: giveaway ka 1,000 PKR inaam aaj claim karna hai. Tasdeeq ke liye 0333184699 par rabta karein.",final notice: giveaway ka {amount} pkr inaam aaj claim karna hai. tasdeeq ke liye {phone} par rabta karein.,synthetic
1,Phishing - Reward/Lottery Scam,"Final notice: giveaway ka 1,000 PKR inaam aaj claim karna hai. Tasdeeq ke liye 0378235132 par rabta karein.",final notice: giveaway ka {amount} pkr inaam aaj claim karna hai. tasdeeq ke liye {phone} par rabta karein.,synthetic
1,Phishing - Reward/Lottery Scam,"Final notice: giveaway ka 7,500 PKR inaam aaj claim karna hai. Tasdeeq ke liye 0381994305 par rabta karein.",final notice: giveaway ka {amount} pkr inaam aaj claim karna hai. tasdeeq ke liye {phone} par rabta karein.,synthetic
1,Phishing - Reward/Lottery Scam,"Aap ka naam Eid lucky draw mein aya hai aur inaam 75,000 PKR hai. Raqam jari karwane ke liye 0341172342 par tafseel dein.",aap ka naam eid lucky draw mein aya hai aur inaam {amount} pkr hai. raqam jari karwane ke liye {phone} par tafseel dein.,synthetic
1,Phishing - Reward/Lottery Scam,Aap ka naam Eid lucky draw mein aya hai aur inaam 500 PKR hai. Raqam jari karwane ke liye 0334100124 par tafseel dein.,aap ka naam eid lucky draw mein aya hai aur inaam {amount} pkr hai. raqam jari karwane ke liye {phone} par tafseel dein.,synthetic
1,Phishing - Reward/Lottery Scam,"Aap ka naam Eid lucky draw mein aya hai aur inaam 50,000 PKR hai. Raqam jari karwane ke liye 0346835728 par tafseel dein.",aap ka naam eid lucky draw mein aya hai aur inaam {amount} pkr hai. raqam jari karwane ke liye {phone} par tafseel dein.,synthetic
1,Phishing - Reward/Lottery Scam,"Aap ka naam Eid lucky draw mein aya hai aur inaam 1,000 PKR hai. Raqam jari karwane ke liye 0395057108 par tafseel dein.",aap ka naam eid lucky draw mein aya hai aur inaam {amount} pkr hai. raqam jari karwane ke liye {phone} par tafseel dein.,synthetic
1,Phishing - Reward/Lottery Scam,"JazzCash customer giveaway mein aap ko 7,500 PKR ka bonus mila hai. Claim fee ki tasdeeq ke liye 0309872441 par call karein.",{brand} customer giveaway mein aap ko {amount} pkr ka bonus mila hai. claim fee ki tasdeeq ke liye {phone} par call karein.,synthetic
1,Phishing - Reward/Lottery Scam,"Easypaisa customer giveaway mein aap ko 25,000 PKR ka bonus mila hai. Claim fee ki tasdeeq ke liye 0302655671 par call karein.",{brand} customer giveaway mein aap ko {amount} pkr ka bonus mila hai. claim fee ki tasdeeq ke liye {phone} par call karein.,synthetic
1,Phishing - Reward/Lottery Scam,"SadaPay customer giveaway mein aap ko 2,500 PKR ka bonus mila hai. Claim fee ki tasdeeq ke liye 0394105895 par call karein.",{brand} customer giveaway mein aap ko {amount} pkr ka bonus mila hai. claim fee ki tasdeeq ke liye {phone} par call karein.,synthetic
1,Phishing - Reward/Lottery Scam,"Bank Alfalah customer giveaway mein aap ko 5,000 PKR ka bonus mila hai. Claim fee ki tasdeeq ke liye 0368115080 par call karein.",{brand} customer giveaway mein aap ko {amount} pkr ka bonus mila hai. claim fee ki tasdeeq ke liye {phone} par call karein.,synthetic
1,Phishing - Reward/Lottery Scam,"Jeet ki ittila: aap ka reward 50,000 PKR hai. Inaam transfer karne se pehle 0353073922 par apni banking maloomat bhejein.",jeet ki ittila: aap ka reward {amount} pkr hai. inaam transfer karne se pehle {phone} par apni banking maloomat bhejein.,synthetic
1,Phishing - Reward/Lottery Scam,"Jeet ki ittila: aap ka reward 1,000 PKR hai. Inaam transfer karne se pehle 0355836389 par apni banking maloomat bhejein.",jeet ki ittila: aap ka reward {amount} pkr hai. inaam transfer karne se pehle {phone} par apni banking maloomat bhejein.,synthetic
1,Phishing - Reward/Lottery Scam,"Jeet ki ittila: aap ka reward 75,000 PKR hai. Inaam transfer karne se pehle 0317455555 par apni banking maloomat bhejein.",jeet ki ittila: aap ka reward {amount} pkr hai. inaam transfer karne se pehle {phone} par apni banking maloomat bhejein.,synthetic
1,Phishing - Reward/Lottery Scam,"Jeet ki ittila: aap ka reward 7,500 PKR hai. Inaam transfer karne se pehle 0374789527 par apni banking maloomat bhejein.",jeet ki ittila: aap ka reward {amount} pkr hai. inaam transfer karne se pehle {phone} par apni banking maloomat bhejein.,synthetic
1,Phishing - Reward/Lottery Scam,"Aap ko special shopping reward diya gaya hai. 2,500 PKR lene ke liye 0332167847 par claim details bhejna zaroori hai.",aap ko special shopping reward diya gaya hai. {amount} pkr lene ke liye {phone} par claim details bhejna zaroori hai.,synthetic
1,Phishing - Reward/Lottery Scam,"Aap ko special shopping reward diya gaya hai. 50,000 PKR lene ke liye 0372764491 par claim details bhejna zaroori hai.",aap ko special shopping reward diya gaya hai. {amount} pkr lene ke liye {phone} par claim details bhejna zaroori hai.,synthetic
1,Phishing - Reward/Lottery Scam,"Aap ko special shopping reward diya gaya hai. 12,500 PKR lene ke liye 0313000143 par claim details bhejna zaroori hai.",aap ko special shopping reward diya gaya hai. {amount} pkr lene ke liye {phone} par claim details bhejna zaroori hai.,synthetic
1,Phishing - Reward/Lottery Scam,"Aap ko special shopping reward diya gaya hai. 5,000 PKR lene ke liye 0313830705 par claim details bhejna zaroori hai.",aap ko special shopping reward diya gaya hai. {amount} pkr lene ke liye {phone} par claim details bhejna zaroori hai.,synthetic
1,Phishing - Reward/Lottery Scam,"Ramzan bonus draw mein aap ka naam select hua hai. 12,500 PKR hasil karne ke liye 0397782844 par rabta karein.",ramzan bonus draw mein aap ka naam select hua hai. {amount} pkr hasil karne ke liye {phone} par rabta karein.,synthetic
1,Phishing - Reward/Lottery Scam,"Ramzan bonus draw mein aap ka naam select hua hai. 10,000 PKR hasil karne ke liye 0345579723 par rabta karein.",ramzan bonus draw mein aap ka naam select hua hai. {amount} pkr hasil karne ke liye {phone} par rabta karein.,synthetic
1,Phishing - Reward/Lottery Scam,"Ramzan bonus draw mein aap ka naam select hua hai. 7,500 PKR hasil karne ke liye 0397785437 par rabta karein.",ramzan bonus draw mein aap ka naam select hua hai. {amount} pkr hasil karne ke liye {phone} par rabta karein.,synthetic
1,Phishing - Reward/Lottery Scam,"Ramzan bonus draw mein aap ka naam select hua hai. 25,000 PKR hasil karne ke liye 0313050009 par rabta karein.",ramzan bonus draw mein aap ka naam select hua hai. {amount} pkr hasil karne ke liye {phone} par rabta karein.,synthetic
1,Phishing - Reward/Lottery Scam,"Reward claim ki muddat aaj khatam ho rahi hai. Apna 1,000 PKR inaam lene ke liye 0321498677 par foran rabta karein.",reward claim ki muddat aaj khatam ho rahi hai. apna {amount} pkr inaam lene ke liye {phone} par foran rabta karein.,synthetic
1,Phishing - Reward/Lottery Scam,"Reward claim ki muddat aaj khatam ho rahi hai. Apna 10,000 PKR inaam lene ke liye 0304004727 par foran rabta karein.",reward claim ki muddat aaj khatam ho rahi hai. apna {amount} pkr inaam lene ke liye {phone} par foran rabta karein.,synthetic
1,Phishing - Reward/Lottery Scam,"Reward claim ki muddat aaj khatam ho rahi hai. Apna 50,000 PKR inaam lene ke liye 0392616210 par foran rabta karein.",reward claim ki muddat aaj khatam ho rahi hai. apna {amount} pkr inaam lene ke liye {phone} par foran rabta karein.,synthetic
1,Phishing - Reward/Lottery Scam,"Reward claim ki muddat aaj khatam ho rahi hai. Apna 25,000 PKR inaam lene ke liye 0374387852 par foran rabta karein.",reward claim ki muddat aaj khatam ho rahi hai. apna {amount} pkr inaam lene ke liye {phone} par foran rabta karein.,synthetic
1,Phishing - Reward/Lottery Scam,Customer bonus ke liye aap select hue hain. 500 PKR release karwane ke liye 0346764913 par processing maloomat bhejein.,customer bonus ke liye aap select hue hain. {amount} pkr release karwane ke liye {phone} par processing maloomat bhejein.,synthetic
1,Phishing - Reward/Lottery Scam,"Customer bonus ke liye aap select hue hain. 10,000 PKR release karwane ke liye 0362998738 par processing maloomat bhejein.",customer bonus ke liye aap select hue hain. {amount} pkr release karwane ke liye {phone} par processing maloomat bhejein.,synthetic
1,Phishing - Reward/Lottery Scam,"Customer bonus ke liye aap select hue hain. 2,500 PKR release karwane ke liye 0378711752 par processing maloomat bhejein.",customer bonus ke liye aap select hue hain. {amount} pkr release karwane ke liye {phone} par processing maloomat bhejein.,synthetic
1,Phishing - Reward/Lottery Scam,"Customer bonus ke liye aap select hue hain. 2,500 PKR release karwane ke liye 0343753883 par processing maloomat bhejein.",customer bonus ke liye aap select hue hain. {amount} pkr release karwane ke liye {phone} par processing maloomat bhejein.,synthetic
1,Phishing - Reward/Lottery Scam,"Aap ka festival draw reward 25,000 PKR hai. Inaam rok diya jayega agar 0369178136 par aaj tasdeeq na hui.",aap ka festival draw reward {amount} pkr hai. inaam rok diya jayega agar {phone} par aaj tasdeeq na hui.,synthetic
1,Phishing - Reward/Lottery Scam,"Aap ka festival draw reward 2,500 PKR hai. Inaam rok diya jayega agar 0388882244 par aaj tasdeeq na hui.",aap ka festival draw reward {amount} pkr hai. inaam rok diya jayega agar {phone} par aaj tasdeeq na hui.,synthetic
1,Phishing - Reward/Lottery Scam,"Aap ka festival draw reward 12,500 PKR hai. Inaam rok diya jayega agar 0365418967 par aaj tasdeeq na hui.",aap ka festival draw reward {amount} pkr hai. inaam rok diya jayega agar {phone} par aaj tasdeeq na hui.,synthetic
1,Phishing - Reward/Lottery Scam,Aap ka festival draw reward 500 PKR hai. Inaam rok diya jayega agar 0355772070 par aaj tasdeeq na hui.,aap ka festival draw reward {amount} pkr hai. inaam rok diya jayega agar {phone} par aaj tasdeeq na hui.,synthetic
1,Phishing - Reward/Lottery Scam,Special lucky number selection mein aap ko 500 PKR ka inaam mila hai. Claim ke liye 0327147341 par call karein.,special lucky number selection mein aap ko {amount} pkr ka inaam mila hai. claim ke liye {phone} par call karein.,synthetic
1,Phishing - Reward/Lottery Scam,"Special lucky number selection mein aap ko 10,000 PKR ka inaam mila hai. Claim ke liye 0357384961 par call karein.",special lucky number selection mein aap ko {amount} pkr ka inaam mila hai. claim ke liye {phone} par call karein.,synthetic
1,Phishing - Reward/Lottery Scam,"Special lucky number selection mein aap ko 5,000 PKR ka inaam mila hai. Claim ke liye 0351947061 par call karein.",special lucky number selection mein aap ko {amount} pkr ka inaam mila hai. claim ke liye {phone} par call karein.,synthetic
1,Phishing - Reward/Lottery Scam,"Special lucky number selection mein aap ko 7,500 PKR ka inaam mila hai. Claim ke liye 0342425085 par call karein.",special lucky number selection mein aap ko {amount} pkr ka inaam mila hai. claim ke liye {phone} par call karein.,synthetic
1,Phishing - Reward/Lottery Scam,Cash giveaway ki taraf se aap ke liye 500 PKR ka reward tayar hai. Raqam lene ke liye 0321330712 par apni Bank Alfalah details bhejein.,cash giveaway ki taraf se aap ke liye {amount} pkr ka reward tayar hai. raqam lene ke liye {phone} par apni {brand} details bhejein.,synthetic
1,Phishing - Reward/Lottery Scam,Cash giveaway ki taraf se aap ke liye 500 PKR ka reward tayar hai. Raqam lene ke liye 0369636236 par apni NayaPay details bhejein.,cash giveaway ki taraf se aap ke liye {amount} pkr ka reward tayar hai. raqam lene ke liye {phone} par apni {brand} details bhejein.,synthetic
1,Phishing - Reward/Lottery Scam,"Cash giveaway ki taraf se aap ke liye 75,000 PKR ka reward tayar hai. Raqam lene ke liye 0391373065 par apni Faysal Bank details bhejein.",cash giveaway ki taraf se aap ke liye {amount} pkr ka reward tayar hai. raqam lene ke liye {phone} par apni {brand} details bhejein.,synthetic
1,Phishing - Reward/Lottery Scam,"Cash giveaway ki taraf se aap ke liye 5,000 PKR ka reward tayar hai. Raqam lene ke liye 0392639564 par apni Bank Alfalah details bhejein.",cash giveaway ki taraf se aap ke liye {amount} pkr ka reward tayar hai. raqam lene ke liye {phone} par apni {brand} details bhejein.,synthetic
1,Phishing - Reward/Lottery Scam,"Reward department ki ittila: aap ka 7,500 PKR prize abhi unclaimed hai. Verification ke liye 0386696526 par rabta zaroor karein.",reward department ki ittila: aap ka {amount} pkr prize abhi unclaimed hai. verification ke liye {phone} par rabta zaroor karein.,synthetic
1,Phishing - Reward/Lottery Scam,"Reward department ki ittila: aap ka 50,000 PKR prize abhi unclaimed hai. Verification ke liye 0339337466 par rabta zaroor karein.",reward department ki ittila: aap ka {amount} pkr prize abhi unclaimed hai. verification ke liye {phone} par rabta zaroor karein.,synthetic
1,Phishing - Reward/Lottery Scam,"Reward department ki ittila: aap ka 12,500 PKR prize abhi unclaimed hai. Verification ke liye 0341797443 par rabta zaroor karein.",reward department ki ittila: aap ka {amount} pkr prize abhi unclaimed hai. verification ke liye {phone} par rabta zaroor karein.,synthetic
1,Phishing - Reward/Lottery Scam,"Reward department ki ittila: aap ka 1,000 PKR prize abhi unclaimed hai. Verification ke liye 0392542796 par rabta zaroor karein.",reward department ki ittila: aap ka {amount} pkr prize abhi unclaimed hai. verification ke liye {phone} par rabta zaroor karein.,synthetic
1,Phishing - Account Block Threat,Bank Alfalah account ki security tasdeeq mukammal nahi hui. Aaj rabta na kiya to account band kar diya jayega; 0342128599 par call karein.,{brand} account ki security tasdeeq mukammal nahi hui. aaj rabta na kiya to account band kar diya jayega; {phone} par call karein.,synthetic
1,Phishing - Account Block Threat,Meezan Bank account ki security tasdeeq mukammal nahi hui. Aaj rabta na kiya to account band kar diya jayega; 0352286168 par call karein.,{brand} account ki security tasdeeq mukammal nahi hui. aaj rabta na kiya to account band kar diya jayega; {phone} par call karein.,synthetic
1,Phishing - Account Block Threat,Allied Bank account ki security tasdeeq mukammal nahi hui. Aaj rabta na kiya to account band kar diya jayega; 0366257190 par call karein.,{brand} account ki security tasdeeq mukammal nahi hui. aaj rabta na kiya to account band kar diya jayega; {phone} par call karein.,synthetic
1,Phishing - Account Block Threat,JazzCash account ki security tasdeeq mukammal nahi hui. Aaj rabta na kiya to account band kar diya jayega; 0388603914 par call karein.,{brand} account ki security tasdeeq mukammal nahi hui. aaj rabta na kiya to account band kar diya jayega; {phone} par call karein.,synthetic
1,Phishing - Account Block Threat,Aap ka HBL account review mein hai aur band hone wala hai. Block hatwane ke liye 0384129604 par foran rabta karein.,aap ka {brand} account review mein hai aur band hone wala hai. block hatwane ke liye {phone} par foran rabta karein.,synthetic
1,Phishing - Account Block Threat,Aap ka SadaPay account review mein hai aur band hone wala hai. Block hatwane ke liye 0375495219 par foran rabta karein.,aap ka {brand} account review mein hai aur band hone wala hai. block hatwane ke liye {phone} par foran rabta karein.,synthetic
1,Phishing - Account Block Threat,Aap ka Askari Bank account review mein hai aur band hone wala hai. Block hatwane ke liye 0392004647 par foran rabta karein.,aap ka {brand} account review mein hai aur band hone wala hai. block hatwane ke liye {phone} par foran rabta karein.,synthetic
1,Phishing - Account Block Threat,Aap ka MCB account review mein hai aur band hone wala hai. Block hatwane ke liye 0333524512 par foran rabta karein.,aap ka {brand} account review mein hai aur band hone wala hai. block hatwane ke liye {phone} par foran rabta karein.,synthetic
1,Phishing - Account Block Threat,System ne aap ke Bank Alfalah account mein ghair mamooli activity pakri hai. Account bachane ke liye 0314415137 par details dein.,system ne aap ke {brand} account mein ghair mamooli activity pakri hai. account bachane ke liye {phone} par details dein.,synthetic
1,Phishing - Account Block Threat,System ne aap ke MCB account mein ghair mamooli activity pakri hai. Account bachane ke liye 0344961601 par details dein.,system ne aap ke {brand} account mein ghair mamooli activity pakri hai. account bachane ke liye {phone} par details dein.,synthetic
1,Phishing - Account Block Threat,System ne aap ke Meezan Bank account mein ghair mamooli activity pakri hai. Account bachane ke liye 0305120259 par details dein.,system ne aap ke {brand} account mein ghair mamooli activity pakri hai. account bachane ke liye {phone} par details dein.,synthetic
1,Phishing - Account Block Threat,System ne aap ke Askari Bank account mein ghair mamooli activity pakri hai. Account bachane ke liye 0361620819 par details dein.,system ne aap ke {brand} account mein ghair mamooli activity pakri hai. account bachane ke liye {phone} par details dein.,synthetic
1,Phishing - Account Block Threat,HBL ki taraf se akhri tanbeeh: account verification pending hai. 0345660240 par rabta na hua to access rok diya jayega.,{brand} ki taraf se akhri tanbeeh: account verification pending hai. {phone} par rabta na hua to access rok diya jayega.,synthetic
1,Phishing - Account Block Threat,HBL ki taraf se akhri tanbeeh: account verification pending hai. 0371334013 par rabta na hua to access rok diya jayega.,{brand} ki taraf se akhri tanbeeh: account verification pending hai. {phone} par rabta na hua to access rok diya jayega.,synthetic
1,Phishing - Account Block Threat,Allied Bank ki taraf se akhri tanbeeh: account verification pending hai. 0317828441 par rabta na hua to access rok diya jayega.,{brand} ki taraf se akhri tanbeeh: account verification pending hai. {phone} par rabta na hua to access rok diya jayega.,synthetic
1,Phishing - Account Block Threat,SadaPay ki taraf se akhri tanbeeh: account verification pending hai. 0324960113 par rabta na hua to access rok diya jayega.,{brand} ki taraf se akhri tanbeeh: account verification pending hai. {phone} par rabta na hua to access rok diya jayega.,synthetic
1,Phishing - Account Block Threat,Aap ke UBL account ka KYC record mukammal nahi. Aaj 0389812402 par maloomat bhej kar account band hone se bachayein.,aap ke {brand} account ka kyc record mukammal nahi. aaj {phone} par maloomat bhej kar account band hone se bachayein.,synthetic
1,Phishing - Account Block Threat,Aap ke JazzCash account ka KYC record mukammal nahi. Aaj 0316258152 par maloomat bhej kar account band hone se bachayein.,aap ke {brand} account ka kyc record mukammal nahi. aaj {phone} par maloomat bhej kar account band hone se bachayein.,synthetic
1,Phishing - Account Block Threat,Aap ke SadaPay account ka KYC record mukammal nahi. Aaj 0338094564 par maloomat bhej kar account band hone se bachayein.,aap ke {brand} account ka kyc record mukammal nahi. aaj {phone} par maloomat bhej kar account band hone se bachayein.,synthetic
1,Phishing - Account Block Threat,Aap ke Meezan Bank account ka KYC record mukammal nahi. Aaj 0348373173 par maloomat bhej kar account band hone se bachayein.,aap ke {brand} account ka kyc record mukammal nahi. aaj {phone} par maloomat bhej kar account band hone se bachayein.,synthetic
1,Phishing - Account Block Threat,Account compliance maslay ki wajah se Faysal Bank service suspend hone wali hai. Is number 0387286506 par foran rabta karein.,account compliance maslay ki wajah se {brand} service suspend hone wali hai. is number {phone} par foran rabta karein.,synthetic
1,Phishing - Account Block Threat,Account compliance maslay ki wajah se Askari Bank service suspend hone wali hai. Is number 0375133011 par foran rabta karein.,account compliance maslay ki wajah se {brand} service suspend hone wali hai. is number {phone} par foran rabta karein.,synthetic
1,Phishing - Account Block Threat,Account compliance maslay ki wajah se SadaPay service suspend hone wali hai. Is number 0356170258 par foran rabta karein.,account compliance maslay ki wajah se {brand} service suspend hone wali hai. is number {phone} par foran rabta karein.,synthetic
1,Phishing - Account Block Threat,Account compliance maslay ki wajah se SadaPay service suspend hone wali hai. Is number 0305021093 par foran rabta karein.,account compliance maslay ki wajah se {brand} service suspend hone wali hai. is number {phone} par foran rabta karein.,synthetic
1,Phishing - Account Block Threat,NayaPay: aap ka account temporary restriction mein hai. Restriction hatane ke liye 0353047722 par apni details bhejein.,{brand}: aap ka account temporary restriction mein hai. restriction hatane ke liye {phone} par apni details bhejein.,synthetic
1,Phishing - Account Block Threat,HBL: aap ka account temporary restriction mein hai. Restriction hatane ke liye 0365287143 par apni details bhejein.,{brand}: aap ka account temporary restriction mein hai. restriction hatane ke liye {phone} par apni details bhejein.,synthetic
1,Phishing - Account Block Threat,Meezan Bank: aap ka account temporary restriction mein hai. Restriction hatane ke liye 0328362611 par apni details bhejein.,{brand}: aap ka account temporary restriction mein hai. restriction hatane ke liye {phone} par apni details bhejein.,synthetic
1,Phishing - Account Block Threat,HBL: aap ka account temporary restriction mein hai. Restriction hatane ke liye 0342343763 par apni details bhejein.,{brand}: aap ka account temporary restriction mein hai. restriction hatane ke liye {phone} par apni details bhejein.,synthetic
1,Phishing - Account Block Threat,Agar Bank Alfalah account ko active rakhna hai to verification abhi mukammal karein. Rabta number 0362684358 hai.,agar {brand} account ko active rakhna hai to verification abhi mukammal karein. rabta number {phone} hai.,synthetic
1,Phishing - Account Block Threat,Agar Bank Alfalah account ko active rakhna hai to verification abhi mukammal karein. Rabta number 0366482263 hai.,agar {brand} account ko active rakhna hai to verification abhi mukammal karein. rabta number {phone} hai.,synthetic
1,Phishing - Account Block Threat,Agar NayaPay account ko active rakhna hai to verification abhi mukammal karein. Rabta number 0328439100 hai.,agar {brand} account ko active rakhna hai to verification abhi mukammal karein. rabta number {phone} hai.,synthetic
1,Phishing - Account Block Threat,Agar Meezan Bank account ko active rakhna hai to verification abhi mukammal karein. Rabta number 0346263378 hai.,agar {brand} account ko active rakhna hai to verification abhi mukammal karein. rabta number {phone} hai.,synthetic
1,Phishing - Account Block Threat,Aap ke Meezan Bank account par security flag laga hai. Aaj tasdeeq na hui to account ka access band ho sakta hai; 0383182597 par call karein.,aap ke {brand} account par security flag laga hai. aaj tasdeeq na hui to account ka access band ho sakta hai; {phone} par call karein.,synthetic
1,Phishing - Account Block Threat,Aap ke Faysal Bank account par security flag laga hai. Aaj tasdeeq na hui to account ka access band ho sakta hai; 0325373482 par call karein.,aap ke {brand} account par security flag laga hai. aaj tasdeeq na hui to account ka access band ho sakta hai; {phone} par call karein.,synthetic
1,Phishing - Account Block Threat,Aap ke Allied Bank account par security flag laga hai. Aaj tasdeeq na hui to account ka access band ho sakta hai; 0332415979 par call karein.,aap ke {brand} account par security flag laga hai. aaj tasdeeq na hui to account ka access band ho sakta hai; {phone} par call karein.,synthetic
1,Phishing - Account Block Threat,Aap ke Askari Bank account par security flag laga hai. Aaj tasdeeq na hui to account ka access band ho sakta hai; 0394766269 par call karein.,aap ke {brand} account par security flag laga hai. aaj tasdeeq na hui to account ka access band ho sakta hai; {phone} par call karein.,synthetic
1,Phishing - Account Block Threat,JazzCash account ki muddat-e-tasdeeq khatam ho gayi hai. Block hone se pehle 0332492779 par apna record update karein.,{brand} account ki muddat-e-tasdeeq khatam ho gayi hai. block hone se pehle {phone} par apna record update karein.,synthetic
1,Phishing - Account Block Threat,MCB account ki muddat-e-tasdeeq khatam ho gayi hai. Block hone se pehle 0307728249 par apna record update karein.,{brand} account ki muddat-e-tasdeeq khatam ho gayi hai. block hone se pehle {phone} par apna record update karein.,synthetic
1,Phishing - Account Block Threat,MCB account ki muddat-e-tasdeeq khatam ho gayi hai. Block hone se pehle 0317172675 par apna record update karein.,{brand} account ki muddat-e-tasdeeq khatam ho gayi hai. block hone se pehle {phone} par apna record update karein.,synthetic
1,Phishing - Account Block Threat,SadaPay account ki muddat-e-tasdeeq khatam ho gayi hai. Block hone se pehle 0388300752 par apna record update karein.,{brand} account ki muddat-e-tasdeeq khatam ho gayi hai. block hone se pehle {phone} par apna record update karein.,synthetic
1,Phishing - Account Block Threat,Final warning: SadaPay account par pabandi lagne wali hai. Verification ke liye 0334196800 par foran rabta karein.,final warning: {brand} account par pabandi lagne wali hai. verification ke liye {phone} par foran rabta karein.,synthetic
1,Phishing - Account Block Threat,Final warning: MCB account par pabandi lagne wali hai. Verification ke liye 0364466272 par foran rabta karein.,final warning: {brand} account par pabandi lagne wali hai. verification ke liye {phone} par foran rabta karein.,synthetic
1,Phishing - Account Block Threat,Final warning: NayaPay account par pabandi lagne wali hai. Verification ke liye 0338018429 par foran rabta karein.,final warning: {brand} account par pabandi lagne wali hai. verification ke liye {phone} par foran rabta karein.,synthetic
1,Phishing - Account Block Threat,Final warning: Allied Bank account par pabandi lagne wali hai. Verification ke liye 0344950793 par foran rabta karein.,final warning: {brand} account par pabandi lagne wali hai. verification ke liye {phone} par foran rabta karein.,synthetic
1,Phishing - Account Block Threat,Aap ke JazzCash account ki maloomat dobara tasdeeq talab karti hai. 0372438456 par details na bhejne ki surat mein access rok diya jayega.,aap ke {brand} account ki maloomat dobara tasdeeq talab karti hai. {phone} par details na bhejne ki surat mein access rok diya jayega.,synthetic
1,Phishing - Account Block Threat,Aap ke Bank Alfalah account ki maloomat dobara tasdeeq talab karti hai. 0364560421 par details na bhejne ki surat mein access rok diya jayega.,aap ke {brand} account ki maloomat dobara tasdeeq talab karti hai. {phone} par details na bhejne ki surat mein access rok diya jayega.,synthetic
1,Phishing - Account Block Threat,Aap ke JazzCash account ki maloomat dobara tasdeeq talab karti hai. 0342225669 par details na bhejne ki surat mein access rok diya jayega.,aap ke {brand} account ki maloomat dobara tasdeeq talab karti hai. {phone} par details na bhejne ki surat mein access rok diya jayega.,synthetic
1,Phishing - Account Block Threat,Aap ke Bank Alfalah account ki maloomat dobara tasdeeq talab karti hai. 0338900934 par details na bhejne ki surat mein access rok diya jayega.,aap ke {brand} account ki maloomat dobara tasdeeq talab karti hai. {phone} par details na bhejne ki surat mein access rok diya jayega.,synthetic
1,Phishing - Account Block Threat,SadaPay security department ki ittila: account review fail hua hai. Bandish se bachne ke liye 0301089942 par rabta karein.,{brand} security department ki ittila: account review fail hua hai. bandish se bachne ke liye {phone} par rabta karein.,synthetic
1,Phishing - Account Block Threat,Allied Bank security department ki ittila: account review fail hua hai. Bandish se bachne ke liye 0367222689 par rabta karein.,{brand} security department ki ittila: account review fail hua hai. bandish se bachne ke liye {phone} par rabta karein.,synthetic
1,Phishing - Account Block Threat,MCB security department ki ittila: account review fail hua hai. Bandish se bachne ke liye 0343849886 par rabta karein.,{brand} security department ki ittila: account review fail hua hai. bandish se bachne ke liye {phone} par rabta karein.,synthetic
1,Phishing - Account Block Threat,Faysal Bank security department ki ittila: account review fail hua hai. Bandish se bachne ke liye 0322504043 par rabta karein.,{brand} security department ki ittila: account review fail hua hai. bandish se bachne ke liye {phone} par rabta karein.,synthetic
1,Phishing - Account Block Threat,Account block process shuru ho gaya hai aur Allied Bank access jald band hoga. Isay rokne ke liye 0316255791 par call karein.,account block process shuru ho gaya hai aur {brand} access jald band hoga. isay rokne ke liye {phone} par call karein.,synthetic
1,Phishing - Account Block Threat,Account block process shuru ho gaya hai aur Allied Bank access jald band hoga. Isay rokne ke liye 0358215646 par call karein.,account block process shuru ho gaya hai aur {brand} access jald band hoga. isay rokne ke liye {phone} par call karein.,synthetic
1,Phishing - Account Block Threat,Account block process shuru ho gaya hai aur Allied Bank access jald band hoga. Isay rokne ke liye 0386251441 par call karein.,account block process shuru ho gaya hai aur {brand} access jald band hoga. isay rokne ke liye {phone} par call karein.,synthetic
1,Phishing - Account Block Threat,Account block process shuru ho gaya hai aur Faysal Bank access jald band hoga. Isay rokne ke liye 0328381800 par call karein.,account block process shuru ho gaya hai aur {brand} access jald band hoga. isay rokne ke liye {phone} par call karein.,synthetic
1,Phishing - Account Block Threat,Meezan Bank: aap ka account suspicious activity ki wajah se review mein hai. Verification ke liye 0321601668 par tafseel dein.,{brand}: aap ka account suspicious activity ki wajah se review mein hai. verification ke liye {phone} par tafseel dein.,synthetic
1,Phishing - Account Block Threat,Faysal Bank: aap ka account suspicious activity ki wajah se review mein hai. Verification ke liye 0362946560 par tafseel dein.,{brand}: aap ka account suspicious activity ki wajah se review mein hai. verification ke liye {phone} par tafseel dein.,synthetic
1,Phishing - Account Block Threat,SadaPay: aap ka account suspicious activity ki wajah se review mein hai. Verification ke liye 0389140297 par tafseel dein.,{brand}: aap ka account suspicious activity ki wajah se review mein hai. verification ke liye {phone} par tafseel dein.,synthetic
1,Phishing - Account Block Threat,SadaPay: aap ka account suspicious activity ki wajah se review mein hai. Verification ke liye 0323074573 par tafseel dein.,{brand}: aap ka account suspicious activity ki wajah se review mein hai. verification ke liye {phone} par tafseel dein.,synthetic
1,Phishing - Account Block Threat,Account ko active rakhne ki aakhri mohlat hai. Allied Bank ki tasdeeq ke liye 0323823521 par abhi rabta karein.,account ko active rakhne ki aakhri mohlat hai. {brand} ki tasdeeq ke liye {phone} par abhi rabta karein.,synthetic
1,Phishing - Account Block Threat,Account ko active rakhne ki aakhri mohlat hai. NayaPay ki tasdeeq ke liye 0394563416 par abhi rabta karein.,account ko active rakhne ki aakhri mohlat hai. {brand} ki tasdeeq ke liye {phone} par abhi rabta karein.,synthetic
1,Phishing - Account Block Threat,Account ko active rakhne ki aakhri mohlat hai. JazzCash ki tasdeeq ke liye 0327986351 par abhi rabta karein.,account ko active rakhne ki aakhri mohlat hai. {brand} ki tasdeeq ke liye {phone} par abhi rabta karein.,synthetic
1,Phishing - Account Block Threat,Account ko active rakhne ki aakhri mohlat hai. UBL ki tasdeeq ke liye 0351435572 par abhi rabta karein.,account ko active rakhne ki aakhri mohlat hai. {brand} ki tasdeeq ke liye {phone} par abhi rabta karein.,synthetic
1,Phishing - Government Scheme Scam,"BISP ki taraf se aap ke liye 1,000 PKR ki madad manzoor hui hai. Raqam hasil karne ke liye 0316428072 par apni JazzCash details dein.",{BRAND} ki taraf se aap ke liye {amount} pkr ki madad manzoor hui hai. raqam hasil karne ke liye {phone} par apni {brand} details dein.,synthetic
1,Phishing - Government Scheme Scam,"BISP ki taraf se aap ke liye 75,000 PKR ki madad manzoor hui hai. Raqam hasil karne ke liye 0378617787 par apni SadaPay details dein.",{BRAND} ki taraf se aap ke liye {amount} pkr ki madad manzoor hui hai. raqam hasil karne ke liye {phone} par apni {brand} details dein.,synthetic
1,Phishing - Government Scheme Scam,"BISP ki taraf se aap ke liye 25,000 PKR ki madad manzoor hui hai. Raqam hasil karne ke liye 0351735630 par apni HBL details dein.",{BRAND} ki taraf se aap ke liye {amount} pkr ki madad manzoor hui hai. raqam hasil karne ke liye {phone} par apni {brand} details dein.,synthetic
1,Phishing - Government Scheme Scam,"BISP ki taraf se aap ke liye 7,500 PKR ki madad manzoor hui hai. Raqam hasil karne ke liye 0393169632 par apni SadaPay details dein.",{BRAND} ki taraf se aap ke liye {amount} pkr ki madad manzoor hui hai. raqam hasil karne ke liye {phone} par apni {brand} details dein.,synthetic
1,Phishing - Government Scheme Scam,"Nayi sarkari scheme mein aap ka naam select hua hai aur 7,500 PKR milne hain. Verification ke liye 0317398678 par rabta karein.",nayi sarkari scheme mein aap ka naam select hua hai aur {amount} pkr milne hain. verification ke liye {phone} par rabta karein.,synthetic
1,Phishing - Government Scheme Scam,"Nayi sarkari scheme mein aap ka naam select hua hai aur 2,500 PKR milne hain. Verification ke liye 0362496331 par rabta karein.",nayi sarkari scheme mein aap ka naam select hua hai aur {amount} pkr milne hain. verification ke liye {phone} par rabta karein.,synthetic
1,Phishing - Government Scheme Scam,"Nayi sarkari scheme mein aap ka naam select hua hai aur 25,000 PKR milne hain. Verification ke liye 0343585950 par rabta karein.",nayi sarkari scheme mein aap ka naam select hua hai aur {amount} pkr milne hain. verification ke liye {phone} par rabta karein.,synthetic
1,Phishing - Government Scheme Scam,"Nayi sarkari scheme mein aap ka naam select hua hai aur 1,000 PKR milne hain. Verification ke liye 0343202624 par rabta karein.",nayi sarkari scheme mein aap ka naam select hua hai aur {amount} pkr milne hain. verification ke liye {phone} par rabta karein.,synthetic
1,Phishing - Government Scheme Scam,"BISP relief payment 12,500 PKR tay hui hai. Jari karwane ke liye 0384353283 par account maloomat bhejna zaroori hai.",{BRAND} relief payment {amount} pkr tay hui hai. jari karwane ke liye {phone} par account maloomat bhejna zaroori hai.,synthetic
1,Phishing - Government Scheme Scam,"BISP relief payment 10,000 PKR tay hui hai. Jari karwane ke liye 0398097946 par account maloomat bhejna zaroori hai.",{BRAND} relief payment {amount} pkr tay hui hai. jari karwane ke liye {phone} par account maloomat bhejna zaroori hai.,synthetic
1,Phishing - Government Scheme Scam,"BISP relief payment 50,000 PKR tay hui hai. Jari karwane ke liye 0368147380 par account maloomat bhejna zaroori hai.",{BRAND} relief payment {amount} pkr tay hui hai. jari karwane ke liye {phone} par account maloomat bhejna zaroori hai.,synthetic
1,Phishing - Government Scheme Scam,"BISP relief payment 50,000 PKR tay hui hai. Jari karwane ke liye 0333601637 par account maloomat bhejna zaroori hai.",{BRAND} relief payment {amount} pkr tay hui hai. jari karwane ke liye {phone} par account maloomat bhejna zaroori hai.,synthetic
1,Phishing - Government Scheme Scam,"NADRA record ke mutabiq aap scheme benefit ke liye muntakhib hue hain. 7,500 PKR lene ke liye 0378337608 par tafseel dein.",nadra record ke mutabiq aap scheme benefit ke liye muntakhib hue hain. {amount} pkr lene ke liye {phone} par tafseel dein.,synthetic
1,Phishing - Government Scheme Scam,"NADRA record ke mutabiq aap scheme benefit ke liye muntakhib hue hain. 7,500 PKR lene ke liye 0345171713 par tafseel dein.",nadra record ke mutabiq aap scheme benefit ke liye muntakhib hue hain. {amount} pkr lene ke liye {phone} par tafseel dein.,synthetic
1,Phishing - Government Scheme Scam,"NADRA record ke mutabiq aap scheme benefit ke liye muntakhib hue hain. 1,000 PKR lene ke liye 0382284002 par tafseel dein.",nadra record ke mutabiq aap scheme benefit ke liye muntakhib hue hain. {amount} pkr lene ke liye {phone} par tafseel dein.,synthetic
1,Phishing - Government Scheme Scam,"NADRA record ke mutabiq aap scheme benefit ke liye muntakhib hue hain. 75,000 PKR lene ke liye 0362585184 par tafseel dein.",nadra record ke mutabiq aap scheme benefit ke liye muntakhib hue hain. {amount} pkr lene ke liye {phone} par tafseel dein.,synthetic
1,Phishing - Government Scheme Scam,"Sarkari imdadi program ka pending benefit 50,000 PKR hai. Claim complete karne ke liye 0355275844 par rabta karein.",sarkari imdadi program ka pending benefit {amount} pkr hai. claim complete karne ke liye {phone} par rabta karein.,synthetic
1,Phishing - Government Scheme Scam,Sarkari imdadi program ka pending benefit 500 PKR hai. Claim complete karne ke liye 0374012385 par rabta karein.,sarkari imdadi program ka pending benefit {amount} pkr hai. claim complete karne ke liye {phone} par rabta karein.,synthetic
1,Phishing - Government Scheme Scam,"Sarkari imdadi program ka pending benefit 25,000 PKR hai. Claim complete karne ke liye 0346267145 par rabta karein.",sarkari imdadi program ka pending benefit {amount} pkr hai. claim complete karne ke liye {phone} par rabta karein.,synthetic
1,Phishing - Government Scheme Scam,"Sarkari imdadi program ka pending benefit 1,000 PKR hai. Claim complete karne ke liye 0354140556 par rabta karein.",sarkari imdadi program ka pending benefit {amount} pkr hai. claim complete karne ke liye {phone} par rabta karein.,synthetic
1,Phishing - Government Scheme Scam,BISP ke naye marhalay mein aap ka benefit approve hua hai. 500 PKR release karne ke liye 0342783932 par tasdeeq karein.,{BRAND} ke naye marhalay mein aap ka benefit approve hua hai. {amount} pkr release karne ke liye {phone} par tasdeeq karein.,synthetic
1,Phishing - Government Scheme Scam,"BISP ke naye marhalay mein aap ka benefit approve hua hai. 25,000 PKR release karne ke liye 0311223214 par tasdeeq karein.",{BRAND} ke naye marhalay mein aap ka benefit approve hua hai. {amount} pkr release karne ke liye {phone} par tasdeeq karein.,synthetic
1,Phishing - Government Scheme Scam,"BISP ke naye marhalay mein aap ka benefit approve hua hai. 75,000 PKR release karne ke liye 0369165848 par tasdeeq karein.",{BRAND} ke naye marhalay mein aap ka benefit approve hua hai. {amount} pkr release karne ke liye {phone} par tasdeeq karein.,synthetic
1,Phishing - Government Scheme Scam,"BISP ke naye marhalay mein aap ka benefit approve hua hai. 2,500 PKR release karne ke liye 0366077736 par tasdeeq karein.",{BRAND} ke naye marhalay mein aap ka benefit approve hua hai. {amount} pkr release karne ke liye {phone} par tasdeeq karein.,synthetic
1,Phishing - Government Scheme Scam,Aap ke gharane ke liye government relief 500 PKR manzoor bataya gaya hai. Payment lene ke liye 0311266510 par apni banking details dein.,aap ke gharane ke liye government relief {amount} pkr manzoor bataya gaya hai. payment lene ke liye {phone} par apni banking details dein.,synthetic
1,Phishing - Government Scheme Scam,"Aap ke gharane ke liye government relief 50,000 PKR manzoor bataya gaya hai. Payment lene ke liye 0325056398 par apni banking details dein.",aap ke gharane ke liye government relief {amount} pkr manzoor bataya gaya hai. payment lene ke liye {phone} par apni banking details dein.,synthetic
1,Phishing - Government Scheme Scam,"Aap ke gharane ke liye government relief 12,500 PKR manzoor bataya gaya hai. Payment lene ke liye 0348774990 par apni banking details dein.",aap ke gharane ke liye government relief {amount} pkr manzoor bataya gaya hai. payment lene ke liye {phone} par apni banking details dein.,synthetic
1,Phishing - Government Scheme Scam,"Aap ke gharane ke liye government relief 25,000 PKR manzoor bataya gaya hai. Payment lene ke liye 0323557220 par apni banking details dein.",aap ke gharane ke liye government relief {amount} pkr manzoor bataya gaya hai. payment lene ke liye {phone} par apni banking details dein.,synthetic
1,Phishing - Government Scheme Scam,"Ehsaas scheme ke naam par aap ke liye 75,000 PKR ka benefit tayar hai. Claim ke liye 0375070650 par rabta karein.",ehsaas scheme ke naam par aap ke liye {amount} pkr ka benefit tayar hai. claim ke liye {phone} par rabta karein.,synthetic
1,Phishing - Government Scheme Scam,"Ehsaas scheme ke naam par aap ke liye 12,500 PKR ka benefit tayar hai. Claim ke liye 0306601074 par rabta karein.",ehsaas scheme ke naam par aap ke liye {amount} pkr ka benefit tayar hai. claim ke liye {phone} par rabta karein.,synthetic
1,Phishing - Government Scheme Scam,"Ehsaas scheme ke naam par aap ke liye 12,500 PKR ka benefit tayar hai. Claim ke liye 0395878387 par rabta karein.",ehsaas scheme ke naam par aap ke liye {amount} pkr ka benefit tayar hai. claim ke liye {phone} par rabta karein.,synthetic
1,Phishing - Government Scheme Scam,"Ehsaas scheme ke naam par aap ke liye 50,000 PKR ka benefit tayar hai. Claim ke liye 0399185628 par rabta karein.",ehsaas scheme ke naam par aap ke liye {amount} pkr ka benefit tayar hai. claim ke liye {phone} par rabta karein.,synthetic
1,Phishing - Government Scheme Scam,"NADRA verification ke baad aap ko 7,500 PKR scheme payment mil sakti hai. Is ke liye 0396299086 par account ki tafseel bhejein.",nadra verification ke baad aap ko {amount} pkr scheme payment mil sakti hai. is ke liye {phone} par account ki tafseel bhejein.,synthetic
1,Phishing - Government Scheme Scam,"NADRA verification ke baad aap ko 75,000 PKR scheme payment mil sakti hai. Is ke liye 0368941293 par account ki tafseel bhejein.",nadra verification ke baad aap ko {amount} pkr scheme payment mil sakti hai. is ke liye {phone} par account ki tafseel bhejein.,synthetic
1,Phishing - Government Scheme Scam,NADRA verification ke baad aap ko 500 PKR scheme payment mil sakti hai. Is ke liye 0358521651 par account ki tafseel bhejein.,nadra verification ke baad aap ko {amount} pkr scheme payment mil sakti hai. is ke liye {phone} par account ki tafseel bhejein.,synthetic
1,Phishing - Government Scheme Scam,"NADRA verification ke baad aap ko 5,000 PKR scheme payment mil sakti hai. Is ke liye 0338872548 par account ki tafseel bhejein.",nadra verification ke baad aap ko {amount} pkr scheme payment mil sakti hai. is ke liye {phone} par account ki tafseel bhejein.,synthetic
1,Phishing - Government Scheme Scam,"BISP ki emergency madad mein aap select hue hain. 25,000 PKR jari karne ke liye 0396690043 par foran tasdeeq karein.",{BRAND} ki emergency madad mein aap select hue hain. {amount} pkr jari karne ke liye {phone} par foran tasdeeq karein.,synthetic
1,Phishing - Government Scheme Scam,"BISP ki emergency madad mein aap select hue hain. 10,000 PKR jari karne ke liye 0367993768 par foran tasdeeq karein.",{BRAND} ki emergency madad mein aap select hue hain. {amount} pkr jari karne ke liye {phone} par foran tasdeeq karein.,synthetic
1,Phishing - Government Scheme Scam,"BISP ki emergency madad mein aap select hue hain. 25,000 PKR jari karne ke liye 0324476383 par foran tasdeeq karein.",{BRAND} ki emergency madad mein aap select hue hain. {amount} pkr jari karne ke liye {phone} par foran tasdeeq karein.,synthetic
1,Phishing - Government Scheme Scam,"BISP ki emergency madad mein aap select hue hain. 1,000 PKR jari karne ke liye 0333622515 par foran tasdeeq karein.",{BRAND} ki emergency madad mein aap select hue hain. {amount} pkr jari karne ke liye {phone} par foran tasdeeq karein.,synthetic
1,Phishing - Government Scheme Scam,"Sarkari relief list mein aap ka naam aya hai. 50,000 PKR hasil karne ke liye 0376094433 par registration details bhejein.",sarkari relief list mein aap ka naam aya hai. {amount} pkr hasil karne ke liye {phone} par registration details bhejein.,synthetic
1,Phishing - Government Scheme Scam,"Sarkari relief list mein aap ka naam aya hai. 2,500 PKR hasil karne ke liye 0355375632 par registration details bhejein.",sarkari relief list mein aap ka naam aya hai. {amount} pkr hasil karne ke liye {phone} par registration details bhejein.,synthetic
1,Phishing - Government Scheme Scam,"Sarkari relief list mein aap ka naam aya hai. 1,000 PKR hasil karne ke liye 0302068131 par registration details bhejein.",sarkari relief list mein aap ka naam aya hai. {amount} pkr hasil karne ke liye {phone} par registration details bhejein.,synthetic
1,Phishing - Government Scheme Scam,"Sarkari relief list mein aap ka naam aya hai. 10,000 PKR hasil karne ke liye 0314759700 par registration details bhejein.",sarkari relief list mein aap ka naam aya hai. {amount} pkr hasil karne ke liye {phone} par registration details bhejein.,synthetic
1,Phishing - Government Scheme Scam,"Government benefit ki aakhri tasdeeq baki hai. 75,000 PKR payment rokne se bachane ke liye 0305487758 par rabta karein.",government benefit ki aakhri tasdeeq baki hai. {amount} pkr payment rokne se bachane ke liye {phone} par rabta karein.,synthetic
1,Phishing - Government Scheme Scam,"Government benefit ki aakhri tasdeeq baki hai. 1,000 PKR payment rokne se bachane ke liye 0308345513 par rabta karein.",government benefit ki aakhri tasdeeq baki hai. {amount} pkr payment rokne se bachane ke liye {phone} par rabta karein.,synthetic
1,Phishing - Government Scheme Scam,"Government benefit ki aakhri tasdeeq baki hai. 50,000 PKR payment rokne se bachane ke liye 0392709062 par rabta karein.",government benefit ki aakhri tasdeeq baki hai. {amount} pkr payment rokne se bachane ke liye {phone} par rabta karein.,synthetic
1,Phishing - Government Scheme Scam,"Government benefit ki aakhri tasdeeq baki hai. 7,500 PKR payment rokne se bachane ke liye 0314445809 par rabta karein.",government benefit ki aakhri tasdeeq baki hai. {amount} pkr payment rokne se bachane ke liye {phone} par rabta karein.,synthetic
1,Phishing - Government Scheme Scam,"BISP se mutaliq aap ka 2,500 PKR benefit unclaimed hai. Raqam lene ke liye 0389361613 par apna account record bhejein.",{BRAND} se mutaliq aap ka {amount} pkr benefit unclaimed hai. raqam lene ke liye {phone} par apna account record bhejein.,synthetic
1,Phishing - Government Scheme Scam,"BISP se mutaliq aap ka 25,000 PKR benefit unclaimed hai. Raqam lene ke liye 0353311438 par apna account record bhejein.",{BRAND} se mutaliq aap ka {amount} pkr benefit unclaimed hai. raqam lene ke liye {phone} par apna account record bhejein.,synthetic
1,Phishing - Government Scheme Scam,"BISP se mutaliq aap ka 50,000 PKR benefit unclaimed hai. Raqam lene ke liye 0338946752 par apna account record bhejein.",{BRAND} se mutaliq aap ka {amount} pkr benefit unclaimed hai. raqam lene ke liye {phone} par apna account record bhejein.,synthetic
1,Phishing - Government Scheme Scam,"BISP se mutaliq aap ka 10,000 PKR benefit unclaimed hai. Raqam lene ke liye 0347248445 par apna account record bhejein.",{BRAND} se mutaliq aap ka {amount} pkr benefit unclaimed hai. raqam lene ke liye {phone} par apna account record bhejein.,synthetic
1,Phishing - Government Scheme Scam,"NADRA scheme record mein aap ka benefit approve dikhaya gaya hai. 5,000 PKR ke liye 0333543614 par call karein.",nadra scheme record mein aap ka benefit approve dikhaya gaya hai. {amount} pkr ke liye {phone} par call karein.,synthetic
1,Phishing - Government Scheme Scam,"NADRA scheme record mein aap ka benefit approve dikhaya gaya hai. 10,000 PKR ke liye 0367867070 par call karein.",nadra scheme record mein aap ka benefit approve dikhaya gaya hai. {amount} pkr ke liye {phone} par call karein.,synthetic
1,Phishing - Government Scheme Scam,"NADRA scheme record mein aap ka benefit approve dikhaya gaya hai. 1,000 PKR ke liye 0373442499 par call karein.",nadra scheme record mein aap ka benefit approve dikhaya gaya hai. {amount} pkr ke liye {phone} par call karein.,synthetic
1,Phishing - Government Scheme Scam,NADRA scheme record mein aap ka benefit approve dikhaya gaya hai. 500 PKR ke liye 0357738583 par call karein.,nadra scheme record mein aap ka benefit approve dikhaya gaya hai. {amount} pkr ke liye {phone} par call karein.,synthetic
1,Phishing - Government Scheme Scam,"Sarkari cash program ki 50,000 PKR payment aap ke naam se tayar batayi gayi hai. Claim mukammal karne ke liye 0321969887 par details dein.",sarkari cash program ki {amount} pkr payment aap ke naam se tayar batayi gayi hai. claim mukammal karne ke liye {phone} par details dein.,synthetic
1,Phishing - Government Scheme Scam,"Sarkari cash program ki 10,000 PKR payment aap ke naam se tayar batayi gayi hai. Claim mukammal karne ke liye 0366105693 par details dein.",sarkari cash program ki {amount} pkr payment aap ke naam se tayar batayi gayi hai. claim mukammal karne ke liye {phone} par details dein.,synthetic
1,Phishing - Government Scheme Scam,"Sarkari cash program ki 25,000 PKR payment aap ke naam se tayar batayi gayi hai. Claim mukammal karne ke liye 0383463932 par details dein.",sarkari cash program ki {amount} pkr payment aap ke naam se tayar batayi gayi hai. claim mukammal karne ke liye {phone} par details dein.,synthetic
1,Phishing - Government Scheme Scam,"Sarkari cash program ki 12,500 PKR payment aap ke naam se tayar batayi gayi hai. Claim mukammal karne ke liye 0388417942 par details dein.",sarkari cash program ki {amount} pkr payment aap ke naam se tayar batayi gayi hai. claim mukammal karne ke liye {phone} par details dein.,synthetic
1,Phishing - Government Scheme Scam,"BISP benefit ki muddat qareeb hai. 10,000 PKR hasil karne ke liye 0342413999 par aaj hi rabta karein.",{BRAND} benefit ki muddat qareeb hai. {amount} pkr hasil karne ke liye {phone} par aaj hi rabta karein.,synthetic
1,Phishing - Government Scheme Scam,"BISP benefit ki muddat qareeb hai. 5,000 PKR hasil karne ke liye 0329732032 par aaj hi rabta karein.",{BRAND} benefit ki muddat qareeb hai. {amount} pkr hasil karne ke liye {phone} par aaj hi rabta karein.,synthetic
1,Phishing - Government Scheme Scam,"BISP benefit ki muddat qareeb hai. 2,500 PKR hasil karne ke liye 0386238726 par aaj hi rabta karein.",{BRAND} benefit ki muddat qareeb hai. {amount} pkr hasil karne ke liye {phone} par aaj hi rabta karein.,synthetic
1,Phishing - Government Scheme Scam,"BISP benefit ki muddat qareeb hai. 12,500 PKR hasil karne ke liye 0385340101 par aaj hi rabta karein.",{BRAND} benefit ki muddat qareeb hai. {amount} pkr hasil karne ke liye {phone} par aaj hi rabta karein.,synthetic
1,Phishing - Account Freeze (FBR) Threat,FBR ne aap ke UBL account par freeze lagane ka hukm diya hai. Unfreeze karwane ke liye 0307257547 par foran rabta karein.,{BRAND} ne aap ke {brand} account par freeze lagane ka hukm diya hai. unfreeze karwane ke liye {phone} par foran rabta karein.,synthetic
1,Phishing - Account Freeze (FBR) Threat,FBR ne aap ke UBL account par freeze lagane ka hukm diya hai. Unfreeze karwane ke liye 0303092954 par foran rabta karein.,{BRAND} ne aap ke {brand} account par freeze lagane ka hukm diya hai. unfreeze karwane ke liye {phone} par foran rabta karein.,synthetic
1,Phishing - Account Freeze (FBR) Threat,FBR ne aap ke HBL account par freeze lagane ka hukm diya hai. Unfreeze karwane ke liye 0376687145 par foran rabta karein.,{BRAND} ne aap ke {brand} account par freeze lagane ka hukm diya hai. unfreeze karwane ke liye {phone} par foran rabta karein.,synthetic
1,Phishing - Account Freeze (FBR) Threat,FBR ne aap ke NayaPay account par freeze lagane ka hukm diya hai. Unfreeze karwane ke liye 0384923148 par foran rabta karein.,{BRAND} ne aap ke {brand} account par freeze lagane ka hukm diya hai. unfreeze karwane ke liye {phone} par foran rabta karein.,synthetic
1,Phishing - Account Freeze (FBR) Threat,FBR ki jaanch mein aap ka SadaPay account hold par hai. Account khulwane ke liye 0393348331 par apni details bhejein.,{BRAND} ki jaanch mein aap ka {brand} account hold par hai. account khulwane ke liye {phone} par apni details bhejein.,synthetic
1,Phishing - Account Freeze (FBR) Threat,FBR ki jaanch mein aap ka Meezan Bank account hold par hai. Account khulwane ke liye 0316500359 par apni details bhejein.,{BRAND} ki jaanch mein aap ka {brand} account hold par hai. account khulwane ke liye {phone} par apni details bhejein.,synthetic
1,Phishing - Account Freeze (FBR) Threat,FBR ki jaanch mein aap ka Bank Alfalah account hold par hai. Account khulwane ke liye 0372643963 par apni details bhejein.,{BRAND} ki jaanch mein aap ka {brand} account hold par hai. account khulwane ke liye {phone} par apni details bhejein.,synthetic
1,Phishing - Account Freeze (FBR) Threat,FBR ki jaanch mein aap ka UBL account hold par hai. Account khulwane ke liye 0308128416 par apni details bhejein.,{BRAND} ki jaanch mein aap ka {brand} account hold par hai. account khulwane ke liye {phone} par apni details bhejein.,synthetic
1,Phishing - Account Freeze (FBR) Threat,Aap ka UBL account FBR compliance ki wajah se freeze hone wala hai. 0359829103 par aaj tasdeeq na hui to access rok diya jayega.,aap ka {brand} account {BRAND} compliance ki wajah se freeze hone wala hai. {phone} par aaj tasdeeq na hui to access rok diya jayega.,synthetic
1,Phishing - Account Freeze (FBR) Threat,Aap ka Askari Bank account FBR compliance ki wajah se freeze hone wala hai. 0349368933 par aaj tasdeeq na hui to access rok diya jayega.,aap ka {brand} account {BRAND} compliance ki wajah se freeze hone wala hai. {phone} par aaj tasdeeq na hui to access rok diya jayega.,synthetic
1,Phishing - Account Freeze (FBR) Threat,Aap ka Faysal Bank account FBR compliance ki wajah se freeze hone wala hai. 0363732048 par aaj tasdeeq na hui to access rok diya jayega.,aap ka {brand} account {BRAND} compliance ki wajah se freeze hone wala hai. {phone} par aaj tasdeeq na hui to access rok diya jayega.,synthetic
1,Phishing - Account Freeze (FBR) Threat,Aap ka SadaPay account FBR compliance ki wajah se freeze hone wala hai. 0373170723 par aaj tasdeeq na hui to access rok diya jayega.,aap ka {brand} account {BRAND} compliance ki wajah se freeze hone wala hai. {phone} par aaj tasdeeq na hui to access rok diya jayega.,synthetic
1,Phishing - Account Freeze (FBR) Threat,FBR: SadaPay account ki tax verification pending hai. Freeze se bachne ke liye 0338640887 par rabta karein.,{BRAND}: {brand} account ki tax verification pending hai. freeze se bachne ke liye {phone} par rabta karein.,synthetic
1,Phishing - Account Freeze (FBR) Threat,FBR: Easypaisa account ki tax verification pending hai. Freeze se bachne ke liye 0352992563 par rabta karein.,{BRAND}: {brand} account ki tax verification pending hai. freeze se bachne ke liye {phone} par rabta karein.,synthetic
1,Phishing - Account Freeze (FBR) Threat,FBR: Bank Alfalah account ki tax verification pending hai. Freeze se bachne ke liye 0395858523 par rabta karein.,{BRAND}: {brand} account ki tax verification pending hai. freeze se bachne ke liye {phone} par rabta karein.,synthetic
1,Phishing - Account Freeze (FBR) Threat,FBR: Bank Alfalah account ki tax verification pending hai. Freeze se bachne ke liye 0347282392 par rabta karein.,{BRAND}: {brand} account ki tax verification pending hai. freeze se bachne ke liye {phone} par rabta karein.,synthetic
1,Phishing - Account Freeze (FBR) Threat,FBR record mein aap ke MCB account par pabandi ka case bana hai. Release ke liye 0328075907 par maloomat dein.,{BRAND} record mein aap ke {brand} account par pabandi ka case bana hai. release ke liye {phone} par maloomat dein.,synthetic
1,Phishing - Account Freeze (FBR) Threat,FBR record mein aap ke MCB account par pabandi ka case bana hai. Release ke liye 0371034993 par maloomat dein.,{BRAND} record mein aap ke {brand} account par pabandi ka case bana hai. release ke liye {phone} par maloomat dein.,synthetic
1,Phishing - Account Freeze (FBR) Threat,FBR record mein aap ke HBL account par pabandi ka case bana hai. Release ke liye 0369072800 par maloomat dein.,{BRAND} record mein aap ke {brand} account par pabandi ka case bana hai. release ke liye {phone} par maloomat dein.,synthetic
1,Phishing - Account Freeze (FBR) Threat,FBR record mein aap ke Bank Alfalah account par pabandi ka case bana hai. Release ke liye 0368972995 par maloomat dein.,{BRAND} record mein aap ke {brand} account par pabandi ka case bana hai. release ke liye {phone} par maloomat dein.,synthetic
1,Phishing - Account Freeze (FBR) Threat,MCB account FBR ke tax review mein freeze kar diya gaya hai. Unblock ke liye 0388733225 par foran call karein.,{brand} account {BRAND} ke tax review mein freeze kar diya gaya hai. unblock ke liye {phone} par foran call karein.,synthetic
1,Phishing - Account Freeze (FBR) Threat,SadaPay account FBR ke tax review mein freeze kar diya gaya hai. Unblock ke liye 0352498456 par foran call karein.,{brand} account {BRAND} ke tax review mein freeze kar diya gaya hai. unblock ke liye {phone} par foran call karein.,synthetic
1,Phishing - Account Freeze (FBR) Threat,Askari Bank account FBR ke tax review mein freeze kar diya gaya hai. Unblock ke liye 0337633663 par foran call karein.,{brand} account {BRAND} ke tax review mein freeze kar diya gaya hai. unblock ke liye {phone} par foran call karein.,synthetic
1,Phishing - Account Freeze (FBR) Threat,Faysal Bank account FBR ke tax review mein freeze kar diya gaya hai. Unblock ke liye 0342485285 par foran call karein.,{brand} account {BRAND} ke tax review mein freeze kar diya gaya hai. unblock ke liye {phone} par foran call karein.,synthetic
1,Phishing - Account Freeze (FBR) Threat,FBR ki taraf se akhri ittila: SadaPay account freeze process mein hai. 0343076710 par verification karwayein.,{BRAND} ki taraf se akhri ittila: {brand} account freeze process mein hai. {phone} par verification karwayein.,synthetic
1,Phishing - Account Freeze (FBR) Threat,FBR ki taraf se akhri ittila: JazzCash account freeze process mein hai. 0381887084 par verification karwayein.,{BRAND} ki taraf se akhri ittila: {brand} account freeze process mein hai. {phone} par verification karwayein.,synthetic
1,Phishing - Account Freeze (FBR) Threat,FBR ki taraf se akhri ittila: Faysal Bank account freeze process mein hai. 0381313131 par verification karwayein.,{BRAND} ki taraf se akhri ittila: {brand} account freeze process mein hai. {phone} par verification karwayein.,synthetic
1,Phishing - Account Freeze (FBR) Threat,FBR ki taraf se akhri ittila: HBL account freeze process mein hai. 0344452834 par verification karwayein.,{BRAND} ki taraf se akhri ittila: {brand} account freeze process mein hai. {phone} par verification karwayein.,synthetic
1,Phishing - Account Freeze (FBR) Threat,Tax record ki tasdeeq na hone par FBR ne Easypaisa account ko rok diya hai. Khulwane ke liye 0396375942 par rabta karein.,tax record ki tasdeeq na hone par {BRAND} ne {brand} account ko rok diya hai. khulwane ke liye {phone} par rabta karein.,synthetic
1,Phishing - Account Freeze (FBR) Threat,Tax record ki tasdeeq na hone par FBR ne HBL account ko rok diya hai. Khulwane ke liye 0358331935 par rabta karein.,tax record ki tasdeeq na hone par {BRAND} ne {brand} account ko rok diya hai. khulwane ke liye {phone} par rabta karein.,synthetic
1,Phishing - Account Freeze (FBR) Threat,Tax record ki tasdeeq na hone par FBR ne Easypaisa account ko rok diya hai. Khulwane ke liye 0357409080 par rabta karein.,tax record ki tasdeeq na hone par {BRAND} ne {brand} account ko rok diya hai. khulwane ke liye {phone} par rabta karein.,synthetic
1,Phishing - Account Freeze (FBR) Threat,Tax record ki tasdeeq na hone par FBR ne Easypaisa account ko rok diya hai. Khulwane ke liye 0325787407 par rabta karein.,tax record ki tasdeeq na hone par {BRAND} ne {brand} account ko rok diya hai. khulwane ke liye {phone} par rabta karein.,synthetic
1,Phishing - Account Freeze (FBR) Threat,UBL: FBR compliance notice ki wajah se account frozen hai. Restriction hatane ke liye 0326147152 par details bhejein.,{brand}: {BRAND} compliance notice ki wajah se account frozen hai. restriction hatane ke liye {phone} par details bhejein.,synthetic
1,Phishing - Account Freeze (FBR) Threat,Bank Alfalah: FBR compliance notice ki wajah se account frozen hai. Restriction hatane ke liye 0321455856 par details bhejein.,{brand}: {BRAND} compliance notice ki wajah se account frozen hai. restriction hatane ke liye {phone} par details bhejein.,synthetic
1,Phishing - Account Freeze (FBR) Threat,UBL: FBR compliance notice ki wajah se account frozen hai. Restriction hatane ke liye 0353390091 par details bhejein.,{brand}: {BRAND} compliance notice ki wajah se account frozen hai. restriction hatane ke liye {phone} par details bhejein.,synthetic
1,Phishing - Account Freeze (FBR) Threat,UBL: FBR compliance notice ki wajah se account frozen hai. Restriction hatane ke liye 0304398383 par details bhejein.,{brand}: {BRAND} compliance notice ki wajah se account frozen hai. restriction hatane ke liye {phone} par details bhejein.,synthetic
1,Phishing - Account Freeze (FBR) Threat,FBR se mutaliq account review pending hai aur Faysal Bank access band ho sakta hai. 0389462784 par abhi rabta karein.,{BRAND} se mutaliq account review pending hai aur {brand} access band ho sakta hai. {phone} par abhi rabta karein.,synthetic
1,Phishing - Account Freeze (FBR) Threat,FBR se mutaliq account review pending hai aur Bank Alfalah access band ho sakta hai. 0377829609 par abhi rabta karein.,{BRAND} se mutaliq account review pending hai aur {brand} access band ho sakta hai. {phone} par abhi rabta karein.,synthetic
1,Phishing - Account Freeze (FBR) Threat,FBR se mutaliq account review pending hai aur NayaPay access band ho sakta hai. 0331312439 par abhi rabta karein.,{BRAND} se mutaliq account review pending hai aur {brand} access band ho sakta hai. {phone} par abhi rabta karein.,synthetic
1,Phishing - Account Freeze (FBR) Threat,FBR se mutaliq account review pending hai aur UBL access band ho sakta hai. 0333106737 par abhi rabta karein.,{BRAND} se mutaliq account review pending hai aur {brand} access band ho sakta hai. {phone} par abhi rabta karein.,synthetic
1,Phishing - Account Freeze (FBR) Threat,Aap ke UBL account par FBR freeze notice laga hai. Notice clear karne ke liye 0384413440 par call karein.,aap ke {brand} account par {BRAND} freeze notice laga hai. notice clear karne ke liye {phone} par call karein.,synthetic
1,Phishing - Account Freeze (FBR) Threat,Aap ke Meezan Bank account par FBR freeze notice laga hai. Notice clear karne ke liye 0388109386 par call karein.,aap ke {brand} account par {BRAND} freeze notice laga hai. notice clear karne ke liye {phone} par call karein.,synthetic
1,Phishing - Account Freeze (FBR) Threat,Aap ke Faysal Bank account par FBR freeze notice laga hai. Notice clear karne ke liye 0395852800 par call karein.,aap ke {brand} account par {BRAND} freeze notice laga hai. notice clear karne ke liye {phone} par call karein.,synthetic
1,Phishing - Account Freeze (FBR) Threat,Aap ke Faysal Bank account par FBR freeze notice laga hai. Notice clear karne ke liye 0345209218 par call karein.,aap ke {brand} account par {BRAND} freeze notice laga hai. notice clear karne ke liye {phone} par call karein.,synthetic
1,Phishing - Account Freeze (FBR) Threat,FBR tax verification mukammal na hui to NayaPay account frozen rahega. Verification ke liye 0339561890 par rabta karein.,{BRAND} tax verification mukammal na hui to {brand} account frozen rahega. verification ke liye {phone} par rabta karein.,synthetic
1,Phishing - Account Freeze (FBR) Threat,FBR tax verification mukammal na hui to Easypaisa account frozen rahega. Verification ke liye 0392173318 par rabta karein.,{BRAND} tax verification mukammal na hui to {brand} account frozen rahega. verification ke liye {phone} par rabta karein.,synthetic
1,Phishing - Account Freeze (FBR) Threat,FBR tax verification mukammal na hui to UBL account frozen rahega. Verification ke liye 0325688532 par rabta karein.,{BRAND} tax verification mukammal na hui to {brand} account frozen rahega. verification ke liye {phone} par rabta karein.,synthetic
1,Phishing - Account Freeze (FBR) Threat,FBR tax verification mukammal na hui to Bank Alfalah account frozen rahega. Verification ke liye 0355384902 par rabta karein.,{BRAND} tax verification mukammal na hui to {brand} account frozen rahega. verification ke liye {phone} par rabta karein.,synthetic
1,Phishing - Account Freeze (FBR) Threat,NayaPay account ki FBR status tasdeeq zaroori hai. Freeze hatwane ke liye 0356731597 par apna record bhejein.,{brand} account ki {BRAND} status tasdeeq zaroori hai. freeze hatwane ke liye {phone} par apna record bhejein.,synthetic
1,Phishing - Account Freeze (FBR) Threat,HBL account ki FBR status tasdeeq zaroori hai. Freeze hatwane ke liye 0321034351 par apna record bhejein.,{brand} account ki {BRAND} status tasdeeq zaroori hai. freeze hatwane ke liye {phone} par apna record bhejein.,synthetic
1,Phishing - Account Freeze (FBR) Threat,HBL account ki FBR status tasdeeq zaroori hai. Freeze hatwane ke liye 0327931725 par apna record bhejein.,{brand} account ki {BRAND} status tasdeeq zaroori hai. freeze hatwane ke liye {phone} par apna record bhejein.,synthetic
1,Phishing - Account Freeze (FBR) Threat,UBL account ki FBR status tasdeeq zaroori hai. Freeze hatwane ke liye 0311519213 par apna record bhejein.,{brand} account ki {BRAND} status tasdeeq zaroori hai. freeze hatwane ke liye {phone} par apna record bhejein.,synthetic
1,Phishing - Account Freeze (FBR) Threat,FBR ne Askari Bank account ke hawale se freeze action shuru kiya hai. Isay rokne ke liye 0397005668 par foran details dein.,{BRAND} ne {brand} account ke hawale se freeze action shuru kiya hai. isay rokne ke liye {phone} par foran details dein.,synthetic
1,Phishing - Account Freeze (FBR) Threat,FBR ne Faysal Bank account ke hawale se freeze action shuru kiya hai. Isay rokne ke liye 0354237849 par foran details dein.,{BRAND} ne {brand} account ke hawale se freeze action shuru kiya hai. isay rokne ke liye {phone} par foran details dein.,synthetic
1,Phishing - Account Freeze (FBR) Threat,FBR ne HBL account ke hawale se freeze action shuru kiya hai. Isay rokne ke liye 0347003240 par foran details dein.,{BRAND} ne {brand} account ke hawale se freeze action shuru kiya hai. isay rokne ke liye {phone} par foran details dein.,synthetic
1,Phishing - Account Freeze (FBR) Threat,FBR ne Allied Bank account ke hawale se freeze action shuru kiya hai. Isay rokne ke liye 0334930196 par foran details dein.,{BRAND} ne {brand} account ke hawale se freeze action shuru kiya hai. isay rokne ke liye {phone} par foran details dein.,synthetic
1,Phishing - Account Freeze (FBR) Threat,Tax compliance issue ki wajah se FBR ke mutabiq Faysal Bank account restricted hai. Access bahal karne ke liye 0394507886 par rabta karein.,tax compliance issue ki wajah se {BRAND} ke mutabiq {brand} account restricted hai. access bahal karne ke liye {phone} par rabta karein.,synthetic
1,Phishing - Account Freeze (FBR) Threat,Tax compliance issue ki wajah se FBR ke mutabiq Allied Bank account restricted hai. Access bahal karne ke liye 0399394071 par rabta karein.,tax compliance issue ki wajah se {BRAND} ke mutabiq {brand} account restricted hai. access bahal karne ke liye {phone} par rabta karein.,synthetic
1,Phishing - Account Freeze (FBR) Threat,Tax compliance issue ki wajah se FBR ke mutabiq NayaPay account restricted hai. Access bahal karne ke liye 0393944885 par rabta karein.,tax compliance issue ki wajah se {BRAND} ke mutabiq {brand} account restricted hai. access bahal karne ke liye {phone} par rabta karein.,synthetic
1,Phishing - Account Freeze (FBR) Threat,Tax compliance issue ki wajah se FBR ke mutabiq UBL account restricted hai. Access bahal karne ke liye 0325355775 par rabta karein.,tax compliance issue ki wajah se {BRAND} ke mutabiq {brand} account restricted hai. access bahal karne ke liye {phone} par rabta karein.,synthetic
1,Phishing - Account Freeze (FBR) Threat,Allied Bank: FBR ki janib se freeze ki tanbeeh mili hai. Aaj 0331387847 par tasdeeq na hui to account access rok diya jayega.,{brand}: {BRAND} ki janib se freeze ki tanbeeh mili hai. aaj {phone} par tasdeeq na hui to account access rok diya jayega.,synthetic
1,Phishing - Account Freeze (FBR) Threat,NayaPay: FBR ki janib se freeze ki tanbeeh mili hai. Aaj 0388615616 par tasdeeq na hui to account access rok diya jayega.,{brand}: {BRAND} ki janib se freeze ki tanbeeh mili hai. aaj {phone} par tasdeeq na hui to account access rok diya jayega.,synthetic
1,Phishing - Account Freeze (FBR) Threat,Bank Alfalah: FBR ki janib se freeze ki tanbeeh mili hai. Aaj 0367826244 par tasdeeq na hui to account access rok diya jayega.,{brand}: {BRAND} ki janib se freeze ki tanbeeh mili hai. aaj {phone} par tasdeeq na hui to account access rok diya jayega.,synthetic
1,Phishing - Account Freeze (FBR) Threat,Faysal Bank: FBR ki janib se freeze ki tanbeeh mili hai. Aaj 0359678130 par tasdeeq na hui to account access rok diya jayega.,{brand}: {BRAND} ki janib se freeze ki tanbeeh mili hai. aaj {phone} par tasdeeq na hui to account access rok diya jayega.,synthetic
1,Phishing - Account Hack Warning,Askari Bank account mein ghair mamooli login dekha gaya hai. Account bachane ke liye 0388530646 par foran rabta karein.,{brand} account mein ghair mamooli login dekha gaya hai. account bachane ke liye {phone} par foran rabta karein.,synthetic
1,Phishing - Account Hack Warning,Bank Alfalah account mein ghair mamooli login dekha gaya hai. Account bachane ke liye 0311425670 par foran rabta karein.,{brand} account mein ghair mamooli login dekha gaya hai. account bachane ke liye {phone} par foran rabta karein.,synthetic
1,Phishing - Account Hack Warning,Meezan Bank account mein ghair mamooli login dekha gaya hai. Account bachane ke liye 0333759542 par foran rabta karein.,{brand} account mein ghair mamooli login dekha gaya hai. account bachane ke liye {phone} par foran rabta karein.,synthetic
1,Phishing - Account Hack Warning,NayaPay account mein ghair mamooli login dekha gaya hai. Account bachane ke liye 0311467627 par foran rabta karein.,{brand} account mein ghair mamooli login dekha gaya hai. account bachane ke liye {phone} par foran rabta karein.,synthetic
1,Phishing - Account Hack Warning,Aap ke NayaPay account ko hack karne ki koshish ki gayi hai. Security check ke liye 0355201173 par apni details dein.,aap ke {brand} account ko hack karne ki koshish ki gayi hai. security check ke liye {phone} par apni details dein.,synthetic
1,Phishing - Account Hack Warning,Aap ke Bank Alfalah account ko hack karne ki koshish ki gayi hai. Security check ke liye 0306596685 par apni details dein.,aap ke {brand} account ko hack karne ki koshish ki gayi hai. security check ke liye {phone} par apni details dein.,synthetic
1,Phishing - Account Hack Warning,Aap ke JazzCash account ko hack karne ki koshish ki gayi hai. Security check ke liye 0398357303 par apni details dein.,aap ke {brand} account ko hack karne ki koshish ki gayi hai. security check ke liye {phone} par apni details dein.,synthetic
1,Phishing - Account Hack Warning,Aap ke UBL account ko hack karne ki koshish ki gayi hai. Security check ke liye 0312018157 par apni details dein.,aap ke {brand} account ko hack karne ki koshish ki gayi hai. security check ke liye {phone} par apni details dein.,synthetic
1,Phishing - Account Hack Warning,SadaPay: kisi naye device se account kholne ki koshish hui hai. Isay rokne ke liye 0313139695 par call karein.,{brand}: kisi naye device se account kholne ki koshish hui hai. isay rokne ke liye {phone} par call karein.,synthetic
1,Phishing - Account Hack Warning,JazzCash: kisi naye device se account kholne ki koshish hui hai. Isay rokne ke liye 0362103777 par call karein.,{brand}: kisi naye device se account kholne ki koshish hui hai. isay rokne ke liye {phone} par call karein.,synthetic
1,Phishing - Account Hack Warning,Allied Bank: kisi naye device se account kholne ki koshish hui hai. Isay rokne ke liye 0367739123 par call karein.,{brand}: kisi naye device se account kholne ki koshish hui hai. isay rokne ke liye {phone} par call karein.,synthetic
1,Phishing - Account Hack Warning,JazzCash: kisi naye device se account kholne ki koshish hui hai. Isay rokne ke liye 0391177948 par call karein.,{brand}: kisi naye device se account kholne ki koshish hui hai. isay rokne ke liye {phone} par call karein.,synthetic
1,Phishing - Account Hack Warning,Aap ka Askari Bank password risk mein bataya gaya hai. Account secure karne ke liye 0392699161 par verification mukammal karein.,aap ka {brand} password risk mein bataya gaya hai. account secure karne ke liye {phone} par verification mukammal karein.,synthetic
1,Phishing - Account Hack Warning,Aap ka Easypaisa password risk mein bataya gaya hai. Account secure karne ke liye 0354229300 par verification mukammal karein.,aap ka {brand} password risk mein bataya gaya hai. account secure karne ke liye {phone} par verification mukammal karein.,synthetic
1,Phishing - Account Hack Warning,Aap ka SadaPay password risk mein bataya gaya hai. Account secure karne ke liye 0314248312 par verification mukammal karein.,aap ka {brand} password risk mein bataya gaya hai. account secure karne ke liye {phone} par verification mukammal karein.,synthetic
1,Phishing - Account Hack Warning,Aap ka Bank Alfalah password risk mein bataya gaya hai. Account secure karne ke liye 0369076540 par verification mukammal karein.,aap ka {brand} password risk mein bataya gaya hai. account secure karne ke liye {phone} par verification mukammal karein.,synthetic
1,Phishing - Account Hack Warning,Security warning: Meezan Bank account par ghair maamooli activity mili hai. Foran 0321739385 par rabta karein warna access risk mein hai.,security warning: {brand} account par ghair maamooli activity mili hai. foran {phone} par rabta karein warna access risk mein hai.,synthetic
1,Phishing - Account Hack Warning,Security warning: Askari Bank account par ghair maamooli activity mili hai. Foran 0387001942 par rabta karein warna access risk mein hai.,security warning: {brand} account par ghair maamooli activity mili hai. foran {phone} par rabta karein warna access risk mein hai.,synthetic
1,Phishing - Account Hack Warning,Security warning: MCB account par ghair maamooli activity mili hai. Foran 0328877301 par rabta karein warna access risk mein hai.,security warning: {brand} account par ghair maamooli activity mili hai. foran {phone} par rabta karein warna access risk mein hai.,synthetic
1,Phishing - Account Hack Warning,Security warning: Bank Alfalah account par ghair maamooli activity mili hai. Foran 0309685239 par rabta karein warna access risk mein hai.,security warning: {brand} account par ghair maamooli activity mili hai. foran {phone} par rabta karein warna access risk mein hai.,synthetic
1,Phishing - Account Hack Warning,Meezan Bank account ke liye hacking alert jari hua hai. Apni pehchan tasdeeq karne ke liye 0381916158 par details bhejein.,{brand} account ke liye hacking alert jari hua hai. apni pehchan tasdeeq karne ke liye {phone} par details bhejein.,synthetic
1,Phishing - Account Hack Warning,NayaPay account ke liye hacking alert jari hua hai. Apni pehchan tasdeeq karne ke liye 0332147624 par details bhejein.,{brand} account ke liye hacking alert jari hua hai. apni pehchan tasdeeq karne ke liye {phone} par details bhejein.,synthetic
1,Phishing - Account Hack Warning,SadaPay account ke liye hacking alert jari hua hai. Apni pehchan tasdeeq karne ke liye 0376555698 par details bhejein.,{brand} account ke liye hacking alert jari hua hai. apni pehchan tasdeeq karne ke liye {phone} par details bhejein.,synthetic
1,Phishing - Account Hack Warning,Allied Bank account ke liye hacking alert jari hua hai. Apni pehchan tasdeeq karne ke liye 0366513312 par details bhejein.,{brand} account ke liye hacking alert jari hua hai. apni pehchan tasdeeq karne ke liye {phone} par details bhejein.,synthetic
1,Phishing - Account Hack Warning,Aap ke HBL login par security issue hai. Account ko band hone se bachane ke liye 0374681019 par rabta karein.,aap ke {brand} login par security issue hai. account ko band hone se bachane ke liye {phone} par rabta karein.,synthetic
1,Phishing - Account Hack Warning,Aap ke Meezan Bank login par security issue hai. Account ko band hone se bachane ke liye 0374575870 par rabta karein.,aap ke {brand} login par security issue hai. account ko band hone se bachane ke liye {phone} par rabta karein.,synthetic
1,Phishing - Account Hack Warning,Aap ke SadaPay login par security issue hai. Account ko band hone se bachane ke liye 0364444636 par rabta karein.,aap ke {brand} login par security issue hai. account ko band hone se bachane ke liye {phone} par rabta karein.,synthetic
1,Phishing - Account Hack Warning,Aap ke HBL login par security issue hai. Account ko band hone se bachane ke liye 0317004341 par rabta karein.,aap ke {brand} login par security issue hai. account ko band hone se bachane ke liye {phone} par rabta karein.,synthetic
1,Phishing - Account Hack Warning,Allied Bank: account takeover ki koshish report hui hai. Verification ke liye 0374261548 par call karna zaroori hai.,{brand}: account takeover ki koshish report hui hai. verification ke liye {phone} par call karna zaroori hai.,synthetic
1,Phishing - Account Hack Warning,HBL: account takeover ki koshish report hui hai. Verification ke liye 0334318952 par call karna zaroori hai.,{brand}: account takeover ki koshish report hui hai. verification ke liye {phone} par call karna zaroori hai.,synthetic
1,Phishing - Account Hack Warning,Allied Bank: account takeover ki koshish report hui hai. Verification ke liye 0326701191 par call karna zaroori hai.,{brand}: account takeover ki koshish report hui hai. verification ke liye {phone} par call karna zaroori hai.,synthetic
1,Phishing - Account Hack Warning,HBL: account takeover ki koshish report hui hai. Verification ke liye 0325392083 par call karna zaroori hai.,{brand}: account takeover ki koshish report hui hai. verification ke liye {phone} par call karna zaroori hai.,synthetic
1,Phishing - Account Hack Warning,Unknown device se NayaPay account access ki koshish hui. Agar yeh aap nahi thay to 0316677129 par foran rabta karein.,unknown device se {brand} account access ki koshish hui. agar yeh aap nahi thay to {phone} par foran rabta karein.,synthetic
1,Phishing - Account Hack Warning,Unknown device se Bank Alfalah account access ki koshish hui. Agar yeh aap nahi thay to 0353874940 par foran rabta karein.,unknown device se {brand} account access ki koshish hui. agar yeh aap nahi thay to {phone} par foran rabta karein.,synthetic
1,Phishing - Account Hack Warning,Unknown device se SadaPay account access ki koshish hui. Agar yeh aap nahi thay to 0312987988 par foran rabta karein.,unknown device se {brand} account access ki koshish hui. agar yeh aap nahi thay to {phone} par foran rabta karein.,synthetic
1,Phishing - Account Hack Warning,Unknown device se Easypaisa account access ki koshish hui. Agar yeh aap nahi thay to 0367278962 par foran rabta karein.,unknown device se {brand} account access ki koshish hui. agar yeh aap nahi thay to {phone} par foran rabta karein.,synthetic
1,Phishing - Account Hack Warning,Aap ke Meezan Bank account ka password leak hone ka alert hai. Naya security check 0304172607 par mukammal karein.,aap ke {brand} account ka password leak hone ka alert hai. naya security check {phone} par mukammal karein.,synthetic
1,Phishing - Account Hack Warning,Aap ke Meezan Bank account ka password leak hone ka alert hai. Naya security check 0305698850 par mukammal karein.,aap ke {brand} account ka password leak hone ka alert hai. naya security check {phone} par mukammal karein.,synthetic
1,Phishing - Account Hack Warning,Aap ke Faysal Bank account ka password leak hone ka alert hai. Naya security check 0332365794 par mukammal karein.,aap ke {brand} account ka password leak hone ka alert hai. naya security check {phone} par mukammal karein.,synthetic
1,Phishing - Account Hack Warning,Aap ke MCB account ka password leak hone ka alert hai. Naya security check 0387511503 par mukammal karein.,aap ke {brand} account ka password leak hone ka alert hai. naya security check {phone} par mukammal karein.,synthetic
1,Phishing - Account Hack Warning,Easypaisa security warning: account par mashkook login hua hai. Account bachane ke liye 0374003096 par apna record dein.,{brand} security warning: account par mashkook login hua hai. account bachane ke liye {phone} par apna record dein.,synthetic
1,Phishing - Account Hack Warning,Faysal Bank security warning: account par mashkook login hua hai. Account bachane ke liye 0378948342 par apna record dein.,{brand} security warning: account par mashkook login hua hai. account bachane ke liye {phone} par apna record dein.,synthetic
1,Phishing - Account Hack Warning,JazzCash security warning: account par mashkook login hua hai. Account bachane ke liye 0304476232 par apna record dein.,{brand} security warning: account par mashkook login hua hai. account bachane ke liye {phone} par apna record dein.,synthetic
1,Phishing - Account Hack Warning,Meezan Bank security warning: account par mashkook login hua hai. Account bachane ke liye 0364667394 par apna record dein.,{brand} security warning: account par mashkook login hua hai. account bachane ke liye {phone} par apna record dein.,synthetic
1,Phishing - Account Hack Warning,Account hack hone ka khatra hai aur MCB access rok sakta hai. Security tasdeeq ke liye 0355270292 par rabta karein.,account hack hone ka khatra hai aur {brand} access rok sakta hai. security tasdeeq ke liye {phone} par rabta karein.,synthetic
1,Phishing - Account Hack Warning,Account hack hone ka khatra hai aur UBL access rok sakta hai. Security tasdeeq ke liye 0348457561 par rabta karein.,account hack hone ka khatra hai aur {brand} access rok sakta hai. security tasdeeq ke liye {phone} par rabta karein.,synthetic
1,Phishing - Account Hack Warning,Account hack hone ka khatra hai aur HBL access rok sakta hai. Security tasdeeq ke liye 0379594331 par rabta karein.,account hack hone ka khatra hai aur {brand} access rok sakta hai. security tasdeeq ke liye {phone} par rabta karein.,synthetic
1,Phishing - Account Hack Warning,Account hack hone ka khatra hai aur Faysal Bank access rok sakta hai. Security tasdeeq ke liye 0367861089 par rabta karein.,account hack hone ka khatra hai aur {brand} access rok sakta hai. security tasdeeq ke liye {phone} par rabta karein.,synthetic
1,Phishing - Account Hack Warning,Askari Bank account ki hifazat ke liye foran verification darkar hai. 0304012613 par call na ki to account restrict ho sakta hai.,{brand} account ki hifazat ke liye foran verification darkar hai. {phone} par call na ki to account restrict ho sakta hai.,synthetic
1,Phishing - Account Hack Warning,UBL account ki hifazat ke liye foran verification darkar hai. 0352382753 par call na ki to account restrict ho sakta hai.,{brand} account ki hifazat ke liye foran verification darkar hai. {phone} par call na ki to account restrict ho sakta hai.,synthetic
1,Phishing - Account Hack Warning,NayaPay account ki hifazat ke liye foran verification darkar hai. 0315637641 par call na ki to account restrict ho sakta hai.,{brand} account ki hifazat ke liye foran verification darkar hai. {phone} par call na ki to account restrict ho sakta hai.,synthetic
1,Phishing - Account Hack Warning,Bank Alfalah account ki hifazat ke liye foran verification darkar hai. 0304360587 par call na ki to account restrict ho sakta hai.,{brand} account ki hifazat ke liye foran verification darkar hai. {phone} par call na ki to account restrict ho sakta hai.,synthetic
1,Phishing - Account Hack Warning,Aap ke Allied Bank account par ghair maamooli device detect hui hai. Is ki tasdeeq ke liye 0344198449 par details bhejein.,aap ke {brand} account par ghair maamooli device detect hui hai. is ki tasdeeq ke liye {phone} par details bhejein.,synthetic
1,Phishing - Account Hack Warning,Aap ke SadaPay account par ghair maamooli device detect hui hai. Is ki tasdeeq ke liye 0385381125 par details bhejein.,aap ke {brand} account par ghair maamooli device detect hui hai. is ki tasdeeq ke liye {phone} par details bhejein.,synthetic
1,Phishing - Account Hack Warning,Aap ke Bank Alfalah account par ghair maamooli device detect hui hai. Is ki tasdeeq ke liye 0367807497 par details bhejein.,aap ke {brand} account par ghair maamooli device detect hui hai. is ki tasdeeq ke liye {phone} par details bhejein.,synthetic
1,Phishing - Account Hack Warning,Aap ke NayaPay account par ghair maamooli device detect hui hai. Is ki tasdeeq ke liye 0383504521 par details bhejein.,aap ke {brand} account par ghair maamooli device detect hui hai. is ki tasdeeq ke liye {phone} par details bhejein.,synthetic
1,Phishing - Account Hack Warning,Security team ne SadaPay account ko risk par mark kiya hai. Account bachane ke liye 0338959753 par rabta karein.,security team ne {brand} account ko risk par mark kiya hai. account bachane ke liye {phone} par rabta karein.,synthetic
1,Phishing - Account Hack Warning,Security team ne Easypaisa account ko risk par mark kiya hai. Account bachane ke liye 0378741026 par rabta karein.,security team ne {brand} account ko risk par mark kiya hai. account bachane ke liye {phone} par rabta karein.,synthetic
1,Phishing - Account Hack Warning,Security team ne Meezan Bank account ko risk par mark kiya hai. Account bachane ke liye 0368007639 par rabta karein.,security team ne {brand} account ko risk par mark kiya hai. account bachane ke liye {phone} par rabta karein.,synthetic
1,Phishing - Account Hack Warning,Security team ne Easypaisa account ko risk par mark kiya hai. Account bachane ke liye 0307286425 par rabta karein.,security team ne {brand} account ko risk par mark kiya hai. account bachane ke liye {phone} par rabta karein.,synthetic
1,Phishing - Account Hack Warning,SadaPay: hacking ki koshish ki wajah se account review mein hai. Review complete karne ke liye 0309385256 par foran call karein.,{brand}: hacking ki koshish ki wajah se account review mein hai. review complete karne ke liye {phone} par foran call karein.,synthetic
1,Phishing - Account Hack Warning,Askari Bank: hacking ki koshish ki wajah se account review mein hai. Review complete karne ke liye 0367767404 par foran call karein.,{brand}: hacking ki koshish ki wajah se account review mein hai. review complete karne ke liye {phone} par foran call karein.,synthetic
1,Phishing - Account Hack Warning,JazzCash: hacking ki koshish ki wajah se account review mein hai. Review complete karne ke liye 0301540377 par foran call karein.,{brand}: hacking ki koshish ki wajah se account review mein hai. review complete karne ke liye {phone} par foran call karein.,synthetic
1,Phishing - Account Hack Warning,NayaPay: hacking ki koshish ki wajah se account review mein hai. Review complete karne ke liye 0397557976 par foran call karein.,{brand}: hacking ki koshish ki wajah se account review mein hai. review complete karne ke liye {phone} par foran call karein.,synthetic
1,Phishing - Wrong Number Refund Scam,"Bhai, ghalti se aap ke Easypaisa wallet mein 10,000 PKR bhej diye hain. Meherbani karke 0364159798 par rabta karke wapas bhej dein.","bhai, ghalti se aap ke {brand} wallet mein {amount} pkr bhej diye hain. meherbani karke {phone} par rabta karke wapas bhej dein.",synthetic
1,Phishing - Wrong Number Refund Scam,"Bhai, ghalti se aap ke Faysal Bank wallet mein 50,000 PKR bhej diye hain. Meherbani karke 0342564332 par rabta karke wapas bhej dein.","bhai, ghalti se aap ke {brand} wallet mein {amount} pkr bhej diye hain. meherbani karke {phone} par rabta karke wapas bhej dein.",synthetic
1,Phishing - Wrong Number Refund Scam,"Bhai, ghalti se aap ke HBL wallet mein 5,000 PKR bhej diye hain. Meherbani karke 0399197571 par rabta karke wapas bhej dein.","bhai, ghalti se aap ke {brand} wallet mein {amount} pkr bhej diye hain. meherbani karke {phone} par rabta karke wapas bhej dein.",synthetic
1,Phishing - Wrong Number Refund Scam,"Bhai, ghalti se aap ke Askari Bank wallet mein 50,000 PKR bhej diye hain. Meherbani karke 0344454299 par rabta karke wapas bhej dein.","bhai, ghalti se aap ke {brand} wallet mein {amount} pkr bhej diye hain. meherbani karke {phone} par rabta karke wapas bhej dein.",synthetic
1,Phishing - Wrong Number Refund Scam,"Assalam o alaikum, meri 2,500 PKR ki payment ghalti se aap ke number par chali gayi. 0307184958 par refund ki madad kar dein.","assalam o alaikum, meri {amount} pkr ki payment ghalti se aap ke number par chali gayi. {phone} par refund ki madad kar dein.",synthetic
1,Phishing - Wrong Number Refund Scam,"Assalam o alaikum, meri 50,000 PKR ki payment ghalti se aap ke number par chali gayi. 0363634617 par refund ki madad kar dein.","assalam o alaikum, meri {amount} pkr ki payment ghalti se aap ke number par chali gayi. {phone} par refund ki madad kar dein.",synthetic
1,Phishing - Wrong Number Refund Scam,"Assalam o alaikum, meri 5,000 PKR ki payment ghalti se aap ke number par chali gayi. 0317526217 par refund ki madad kar dein.","assalam o alaikum, meri {amount} pkr ki payment ghalti se aap ke number par chali gayi. {phone} par refund ki madad kar dein.",synthetic
1,Phishing - Wrong Number Refund Scam,"Assalam o alaikum, meri 7,500 PKR ki payment ghalti se aap ke number par chali gayi. 0373663907 par refund ki madad kar dein.","assalam o alaikum, meri {amount} pkr ki payment ghalti se aap ke number par chali gayi. {phone} par refund ki madad kar dein.",synthetic
1,Phishing - Wrong Number Refund Scam,Mujh se transfer mein ghalti ho gayi aur 500 PKR aap ke Meezan Bank account mein aa gaye. Barah-e-karam 0388700011 par baat karein.,mujh se transfer mein ghalti ho gayi aur {amount} pkr aap ke {brand} account mein aa gaye. barah-e-karam {phone} par baat karein.,synthetic
1,Phishing - Wrong Number Refund Scam,"Mujh se transfer mein ghalti ho gayi aur 50,000 PKR aap ke Faysal Bank account mein aa gaye. Barah-e-karam 0317698083 par baat karein.",mujh se transfer mein ghalti ho gayi aur {amount} pkr aap ke {brand} account mein aa gaye. barah-e-karam {phone} par baat karein.,synthetic
1,Phishing - Wrong Number Refund Scam,Mujh se transfer mein ghalti ho gayi aur 500 PKR aap ke JazzCash account mein aa gaye. Barah-e-karam 0378720951 par baat karein.,mujh se transfer mein ghalti ho gayi aur {amount} pkr aap ke {brand} account mein aa gaye. barah-e-karam {phone} par baat karein.,synthetic
1,Phishing - Wrong Number Refund Scam,"Mujh se transfer mein ghalti ho gayi aur 12,500 PKR aap ke UBL account mein aa gaye. Barah-e-karam 0348655554 par baat karein.",mujh se transfer mein ghalti ho gayi aur {amount} pkr aap ke {brand} account mein aa gaye. barah-e-karam {phone} par baat karein.,synthetic
1,Phishing - Wrong Number Refund Scam,"Bhai, yeh 12,500 PKR mere thay jo ghalti se aap ko chale gaye. Wapas bhejne ke liye 0365179788 par rabta kar dein.","bhai, yeh {amount} pkr mere thay jo ghalti se aap ko chale gaye. wapas bhejne ke liye {phone} par rabta kar dein.",synthetic
1,Phishing - Wrong Number Refund Scam,"Bhai, yeh 5,000 PKR mere thay jo ghalti se aap ko chale gaye. Wapas bhejne ke liye 0322602797 par rabta kar dein.","bhai, yeh {amount} pkr mere thay jo ghalti se aap ko chale gaye. wapas bhejne ke liye {phone} par rabta kar dein.",synthetic
1,Phishing - Wrong Number Refund Scam,"Bhai, yeh 5,000 PKR mere thay jo ghalti se aap ko chale gaye. Wapas bhejne ke liye 0345897094 par rabta kar dein.","bhai, yeh {amount} pkr mere thay jo ghalti se aap ko chale gaye. wapas bhejne ke liye {phone} par rabta kar dein.",synthetic
1,Phishing - Wrong Number Refund Scam,"Bhai, yeh 1,000 PKR mere thay jo ghalti se aap ko chale gaye. Wapas bhejne ke liye 0363033912 par rabta kar dein.","bhai, yeh {amount} pkr mere thay jo ghalti se aap ko chale gaye. wapas bhejne ke liye {phone} par rabta kar dein.",synthetic
1,Phishing - Wrong Number Refund Scam,"Galat receiver ko 5,000 PKR chalay gaye hain aur aap ka Bank Alfalah account bataya ja raha hai. Refund ke liye 0368565450 par call karein.",galat receiver ko {amount} pkr chalay gaye hain aur aap ka {brand} account bataya ja raha hai. refund ke liye {phone} par call karein.,synthetic
1,Phishing - Wrong Number Refund Scam,"Galat receiver ko 25,000 PKR chalay gaye hain aur aap ka HBL account bataya ja raha hai. Refund ke liye 0371448251 par call karein.",galat receiver ko {amount} pkr chalay gaye hain aur aap ka {brand} account bataya ja raha hai. refund ke liye {phone} par call karein.,synthetic
1,Phishing - Wrong Number Refund Scam,Galat receiver ko 500 PKR chalay gaye hain aur aap ka Bank Alfalah account bataya ja raha hai. Refund ke liye 0364261550 par call karein.,galat receiver ko {amount} pkr chalay gaye hain aur aap ka {brand} account bataya ja raha hai. refund ke liye {phone} par call karein.,synthetic
1,Phishing - Wrong Number Refund Scam,"Galat receiver ko 25,000 PKR chalay gaye hain aur aap ka UBL account bataya ja raha hai. Refund ke liye 0326488001 par call karein.",galat receiver ko {amount} pkr chalay gaye hain aur aap ka {brand} account bataya ja raha hai. refund ke liye {phone} par call karein.,synthetic
1,Phishing - Wrong Number Refund Scam,"Meri raqam 2,500 PKR ghalti se aap ke wallet mein transfer ho gayi. Meherbani karke 0315065012 par jawab dein.",meri raqam {amount} pkr ghalti se aap ke wallet mein transfer ho gayi. meherbani karke {phone} par jawab dein.,synthetic
1,Phishing - Wrong Number Refund Scam,"Meri raqam 1,000 PKR ghalti se aap ke wallet mein transfer ho gayi. Meherbani karke 0323862010 par jawab dein.",meri raqam {amount} pkr ghalti se aap ke wallet mein transfer ho gayi. meherbani karke {phone} par jawab dein.,synthetic
1,Phishing - Wrong Number Refund Scam,"Meri raqam 2,500 PKR ghalti se aap ke wallet mein transfer ho gayi. Meherbani karke 0319970002 par jawab dein.",meri raqam {amount} pkr ghalti se aap ke wallet mein transfer ho gayi. meherbani karke {phone} par jawab dein.,synthetic
1,Phishing - Wrong Number Refund Scam,"Meri raqam 10,000 PKR ghalti se aap ke wallet mein transfer ho gayi. Meherbani karke 0305584412 par jawab dein.",meri raqam {amount} pkr ghalti se aap ke wallet mein transfer ho gayi. meherbani karke {phone} par jawab dein.,synthetic
1,Phishing - Wrong Number Refund Scam,"Maazrat, transfer karte waqt number ghalat lag gaya aur 500 PKR aap ko mil gaye. Wapsi ke liye 0309930492 par rabta karein.","maazrat, transfer karte waqt number ghalat lag gaya aur {amount} pkr aap ko mil gaye. wapsi ke liye {phone} par rabta karein.",synthetic
1,Phishing - Wrong Number Refund Scam,"Maazrat, transfer karte waqt number ghalat lag gaya aur 25,000 PKR aap ko mil gaye. Wapsi ke liye 0382724585 par rabta karein.","maazrat, transfer karte waqt number ghalat lag gaya aur {amount} pkr aap ko mil gaye. wapsi ke liye {phone} par rabta karein.",synthetic
1,Phishing - Wrong Number Refund Scam,"Maazrat, transfer karte waqt number ghalat lag gaya aur 5,000 PKR aap ko mil gaye. Wapsi ke liye 0301816458 par rabta karein.","maazrat, transfer karte waqt number ghalat lag gaya aur {amount} pkr aap ko mil gaye. wapsi ke liye {phone} par rabta karein.",synthetic
1,Phishing - Wrong Number Refund Scam,"Maazrat, transfer karte waqt number ghalat lag gaya aur 500 PKR aap ko mil gaye. Wapsi ke liye 0332533209 par rabta karein.","maazrat, transfer karte waqt number ghalat lag gaya aur {amount} pkr aap ko mil gaye. wapsi ke liye {phone} par rabta karein.",synthetic
1,Phishing - Wrong Number Refund Scam,"Aap ke Bank Alfalah wallet mein meri 2,500 PKR ki raqam chali gayi hai. Refund arrange karne ke liye 0332059841 par baat kar lein.",aap ke {brand} wallet mein meri {amount} pkr ki raqam chali gayi hai. refund arrange karne ke liye {phone} par baat kar lein.,synthetic
1,Phishing - Wrong Number Refund Scam,"Aap ke MCB wallet mein meri 10,000 PKR ki raqam chali gayi hai. Refund arrange karne ke liye 0307973953 par baat kar lein.",aap ke {brand} wallet mein meri {amount} pkr ki raqam chali gayi hai. refund arrange karne ke liye {phone} par baat kar lein.,synthetic
1,Phishing - Wrong Number Refund Scam,"Aap ke Easypaisa wallet mein meri 12,500 PKR ki raqam chali gayi hai. Refund arrange karne ke liye 0334474885 par baat kar lein.",aap ke {brand} wallet mein meri {amount} pkr ki raqam chali gayi hai. refund arrange karne ke liye {phone} par baat kar lein.,synthetic
1,Phishing - Wrong Number Refund Scam,"Aap ke Meezan Bank wallet mein meri 2,500 PKR ki raqam chali gayi hai. Refund arrange karne ke liye 0332776460 par baat kar lein.",aap ke {brand} wallet mein meri {amount} pkr ki raqam chali gayi hai. refund arrange karne ke liye {phone} par baat kar lein.,synthetic
1,Phishing - Wrong Number Refund Scam,"Bhai, mujhe sirf 25,000 PKR wapas chahiye jo ghalti se aap ko bhej diye. 0351201014 par rabta kar dein.","bhai, mujhe sirf {amount} pkr wapas chahiye jo ghalti se aap ko bhej diye. {phone} par rabta kar dein.",synthetic
1,Phishing - Wrong Number Refund Scam,"Bhai, mujhe sirf 5,000 PKR wapas chahiye jo ghalti se aap ko bhej diye. 0347190456 par rabta kar dein.","bhai, mujhe sirf {amount} pkr wapas chahiye jo ghalti se aap ko bhej diye. {phone} par rabta kar dein.",synthetic
1,Phishing - Wrong Number Refund Scam,"Bhai, mujhe sirf 75,000 PKR wapas chahiye jo ghalti se aap ko bhej diye. 0399381494 par rabta kar dein.","bhai, mujhe sirf {amount} pkr wapas chahiye jo ghalti se aap ko bhej diye. {phone} par rabta kar dein.",synthetic
1,Phishing - Wrong Number Refund Scam,"Bhai, mujhe sirf 2,500 PKR wapas chahiye jo ghalti se aap ko bhej diye. 0316441761 par rabta kar dein.","bhai, mujhe sirf {amount} pkr wapas chahiye jo ghalti se aap ko bhej diye. {phone} par rabta kar dein.",synthetic
1,Phishing - Wrong Number Refund Scam,Meri payment 500 PKR ghalat account mein pohanch gayi hai. Agar aap ke MCB mein ayi hai to 0359088805 par batayein.,meri payment {amount} pkr ghalat account mein pohanch gayi hai. agar aap ke {brand} mein ayi hai to {phone} par batayein.,synthetic
1,Phishing - Wrong Number Refund Scam,"Meri payment 5,000 PKR ghalat account mein pohanch gayi hai. Agar aap ke JazzCash mein ayi hai to 0377415127 par batayein.",meri payment {amount} pkr ghalat account mein pohanch gayi hai. agar aap ke {brand} mein ayi hai to {phone} par batayein.,synthetic
1,Phishing - Wrong Number Refund Scam,"Meri payment 1,000 PKR ghalat account mein pohanch gayi hai. Agar aap ke JazzCash mein ayi hai to 0304902479 par batayein.",meri payment {amount} pkr ghalat account mein pohanch gayi hai. agar aap ke {brand} mein ayi hai to {phone} par batayein.,synthetic
1,Phishing - Wrong Number Refund Scam,Meri payment 500 PKR ghalat account mein pohanch gayi hai. Agar aap ke Meezan Bank mein ayi hai to 0365086019 par batayein.,meri payment {amount} pkr ghalat account mein pohanch gayi hai. agar aap ke {brand} mein ayi hai to {phone} par batayein.,synthetic
1,Phishing - Wrong Number Refund Scam,"12,500 PKR ka transfer galti se aap ki taraf chala gaya. Raqam wapas karne ke liye 0375976369 par rabta karein.",{amount} pkr ka transfer galti se aap ki taraf chala gaya. raqam wapas karne ke liye {phone} par rabta karein.,synthetic
1,Phishing - Wrong Number Refund Scam,"25,000 PKR ka transfer galti se aap ki taraf chala gaya. Raqam wapas karne ke liye 0304994050 par rabta karein.",{amount} pkr ka transfer galti se aap ki taraf chala gaya. raqam wapas karne ke liye {phone} par rabta karein.,synthetic
1,Phishing - Wrong Number Refund Scam,500 PKR ka transfer galti se aap ki taraf chala gaya. Raqam wapas karne ke liye 0325666187 par rabta karein.,{amount} pkr ka transfer galti se aap ki taraf chala gaya. raqam wapas karne ke liye {phone} par rabta karein.,synthetic
1,Phishing - Wrong Number Refund Scam,"10,000 PKR ka transfer galti se aap ki taraf chala gaya. Raqam wapas karne ke liye 0341397508 par rabta karein.",{amount} pkr ka transfer galti se aap ki taraf chala gaya. raqam wapas karne ke liye {phone} par rabta karein.,synthetic
1,Phishing - Wrong Number Refund Scam,"Main ne number milate waqt ghalti ki aur 5,000 PKR aap ke Meezan Bank wallet mein bhej diye. Wapsi ke liye 0381907210 par call karein.",main ne number milate waqt ghalti ki aur {amount} pkr aap ke {brand} wallet mein bhej diye. wapsi ke liye {phone} par call karein.,synthetic
1,Phishing - Wrong Number Refund Scam,Main ne number milate waqt ghalti ki aur 500 PKR aap ke Askari Bank wallet mein bhej diye. Wapsi ke liye 0386396173 par call karein.,main ne number milate waqt ghalti ki aur {amount} pkr aap ke {brand} wallet mein bhej diye. wapsi ke liye {phone} par call karein.,synthetic
1,Phishing - Wrong Number Refund Scam,"Main ne number milate waqt ghalti ki aur 2,500 PKR aap ke Faysal Bank wallet mein bhej diye. Wapsi ke liye 0314229034 par call karein.",main ne number milate waqt ghalti ki aur {amount} pkr aap ke {brand} wallet mein bhej diye. wapsi ke liye {phone} par call karein.,synthetic
1,Phishing - Wrong Number Refund Scam,"Main ne number milate waqt ghalti ki aur 50,000 PKR aap ke Meezan Bank wallet mein bhej diye. Wapsi ke liye 0322539467 par call karein.",main ne number milate waqt ghalti ki aur {amount} pkr aap ke {brand} wallet mein bhej diye. wapsi ke liye {phone} par call karein.,synthetic
1,Phishing - Wrong Number Refund Scam,"Aap ko 25,000 PKR meri taraf se ghalti se mile hain. Meherbani karke 0339513171 par refund ke bare mein baat karein.",aap ko {amount} pkr meri taraf se ghalti se mile hain. meherbani karke {phone} par refund ke bare mein baat karein.,synthetic
1,Phishing - Wrong Number Refund Scam,"Aap ko 75,000 PKR meri taraf se ghalti se mile hain. Meherbani karke 0335109158 par refund ke bare mein baat karein.",aap ko {amount} pkr meri taraf se ghalti se mile hain. meherbani karke {phone} par refund ke bare mein baat karein.,synthetic
1,Phishing - Wrong Number Refund Scam,"Aap ko 7,500 PKR meri taraf se ghalti se mile hain. Meherbani karke 0348520742 par refund ke bare mein baat karein.",aap ko {amount} pkr meri taraf se ghalti se mile hain. meherbani karke {phone} par refund ke bare mein baat karein.,synthetic
1,Phishing - Wrong Number Refund Scam,"Aap ko 2,500 PKR meri taraf se ghalti se mile hain. Meherbani karke 0317032783 par refund ke bare mein baat karein.",aap ko {amount} pkr meri taraf se ghalti se mile hain. meherbani karke {phone} par refund ke bare mein baat karein.,synthetic
1,Phishing - Wrong Number Refund Scam,"Ghalat transfer ki wajah se 2,500 PKR aap ke Faysal Bank account mein chale gaye. Raqam lautane ke liye 0369477402 par rabta karein.",ghalat transfer ki wajah se {amount} pkr aap ke {brand} account mein chale gaye. raqam lautane ke liye {phone} par rabta karein.,synthetic
1,Phishing - Wrong Number Refund Scam,"Ghalat transfer ki wajah se 7,500 PKR aap ke Faysal Bank account mein chale gaye. Raqam lautane ke liye 0307399154 par rabta karein.",ghalat transfer ki wajah se {amount} pkr aap ke {brand} account mein chale gaye. raqam lautane ke liye {phone} par rabta karein.,synthetic
1,Phishing - Wrong Number Refund Scam,"Ghalat transfer ki wajah se 25,000 PKR aap ke Easypaisa account mein chale gaye. Raqam lautane ke liye 0323947745 par rabta karein.",ghalat transfer ki wajah se {amount} pkr aap ke {brand} account mein chale gaye. raqam lautane ke liye {phone} par rabta karein.,synthetic
1,Phishing - Wrong Number Refund Scam,"Ghalat transfer ki wajah se 25,000 PKR aap ke Faysal Bank account mein chale gaye. Raqam lautane ke liye 0347293920 par rabta karein.",ghalat transfer ki wajah se {amount} pkr aap ke {brand} account mein chale gaye. raqam lautane ke liye {phone} par rabta karein.,synthetic
1,Phishing - Wrong Number Refund Scam,"Meri 5,000 PKR ki raqam aap ke number par chali gayi hai. Agar aap ko mili hai to 0328872850 par jawab dein.",meri {amount} pkr ki raqam aap ke number par chali gayi hai. agar aap ko mili hai to {phone} par jawab dein.,synthetic
1,Phishing - Wrong Number Refund Scam,"Meri 12,500 PKR ki raqam aap ke number par chali gayi hai. Agar aap ko mili hai to 0387279004 par jawab dein.",meri {amount} pkr ki raqam aap ke number par chali gayi hai. agar aap ko mili hai to {phone} par jawab dein.,synthetic
1,Phishing - Wrong Number Refund Scam,"Meri 75,000 PKR ki raqam aap ke number par chali gayi hai. Agar aap ko mili hai to 0357443078 par jawab dein.",meri {amount} pkr ki raqam aap ke number par chali gayi hai. agar aap ko mili hai to {phone} par jawab dein.,synthetic
1,Phishing - Wrong Number Refund Scam,"Meri 2,500 PKR ki raqam aap ke number par chali gayi hai. Agar aap ko mili hai to 0303088386 par jawab dein.",meri {amount} pkr ki raqam aap ke number par chali gayi hai. agar aap ko mili hai to {phone} par jawab dein.,synthetic
1,Phishing - Wrong Number Refund Scam,"Transfer ki ghalti se 10,000 PKR aap ke paas pohanch gaye. Barah-e-karam 0346848179 par rabta karke wapsi kar dein.",transfer ki ghalti se {amount} pkr aap ke paas pohanch gaye. barah-e-karam {phone} par rabta karke wapsi kar dein.,synthetic
1,Phishing - Wrong Number Refund Scam,"Transfer ki ghalti se 5,000 PKR aap ke paas pohanch gaye. Barah-e-karam 0368114216 par rabta karke wapsi kar dein.",transfer ki ghalti se {amount} pkr aap ke paas pohanch gaye. barah-e-karam {phone} par rabta karke wapsi kar dein.,synthetic
1,Phishing - Wrong Number Refund Scam,"Transfer ki ghalti se 2,500 PKR aap ke paas pohanch gaye. Barah-e-karam 0351474058 par rabta karke wapsi kar dein.",transfer ki ghalti se {amount} pkr aap ke paas pohanch gaye. barah-e-karam {phone} par rabta karke wapsi kar dein.,synthetic
1,Phishing - Wrong Number Refund Scam,"Transfer ki ghalti se 75,000 PKR aap ke paas pohanch gaye. Barah-e-karam 0373472414 par rabta karke wapsi kar dein.",transfer ki ghalti se {amount} pkr aap ke paas pohanch gaye. barah-e-karam {phone} par rabta karke wapsi kar dein.,synthetic
1,Phishing - ATM Card Suspend Link,NayaPay ATM card suspend hone wala hai. Verification link hasil karne ke liye 0321206987 par foran rabta karein.,{brand} atm card suspend hone wala hai. verification link hasil karne ke liye {phone} par foran rabta karein.,synthetic
1,Phishing - ATM Card Suspend Link,SadaPay ATM card suspend hone wala hai. Verification link hasil karne ke liye 0392348021 par foran rabta karein.,{brand} atm card suspend hone wala hai. verification link hasil karne ke liye {phone} par foran rabta karein.,synthetic
1,Phishing - ATM Card Suspend Link,Askari Bank ATM card suspend hone wala hai. Verification link hasil karne ke liye 0346070402 par foran rabta karein.,{brand} atm card suspend hone wala hai. verification link hasil karne ke liye {phone} par foran rabta karein.,synthetic
1,Phishing - ATM Card Suspend Link,Allied Bank ATM card suspend hone wala hai. Verification link hasil karne ke liye 0362491048 par foran rabta karein.,{brand} atm card suspend hone wala hai. verification link hasil karne ke liye {phone} par foran rabta karein.,synthetic
1,Phishing - ATM Card Suspend Link,"Dear customer, aap ka Bank Alfalah ATM card security review mein hai. Suspend hone se pehle 0325513429 par rabta karke link hasil karein.","dear customer, aap ka {brand} atm card security review mein hai. suspend hone se pehle {phone} par rabta karke link hasil karein.",synthetic
1,Phishing - ATM Card Suspend Link,"Dear customer, aap ka MCB ATM card security review mein hai. Suspend hone se pehle 0371026484 par rabta karke link hasil karein.","dear customer, aap ka {brand} atm card security review mein hai. suspend hone se pehle {phone} par rabta karke link hasil karein.",synthetic
1,Phishing - ATM Card Suspend Link,"Dear customer, aap ka Askari Bank ATM card security review mein hai. Suspend hone se pehle 0348230134 par rabta karke link hasil karein.","dear customer, aap ka {brand} atm card security review mein hai. suspend hone se pehle {phone} par rabta karke link hasil karein.",synthetic
1,Phishing - ATM Card Suspend Link,"Dear customer, aap ka SadaPay ATM card security review mein hai. Suspend hone se pehle 0324322233 par rabta karke link hasil karein.","dear customer, aap ka {brand} atm card security review mein hai. suspend hone se pehle {phone} par rabta karke link hasil karein.",synthetic
1,Phishing - ATM Card Suspend Link,UBL card ki tasdeeq mukammal nahi hui. ATM service band hone se bachane ke liye 0374566389 se bheja gaya verification link kholein.,{brand} card ki tasdeeq mukammal nahi hui. atm service band hone se bachane ke liye {phone} se bheja gaya verification link kholein.,synthetic
1,Phishing - ATM Card Suspend Link,MCB card ki tasdeeq mukammal nahi hui. ATM service band hone se bachane ke liye 0335351203 se bheja gaya verification link kholein.,{brand} card ki tasdeeq mukammal nahi hui. atm service band hone se bachane ke liye {phone} se bheja gaya verification link kholein.,synthetic
1,Phishing - ATM Card Suspend Link,NayaPay card ki tasdeeq mukammal nahi hui. ATM service band hone se bachane ke liye 0322338986 se bheja gaya verification link kholein.,{brand} card ki tasdeeq mukammal nahi hui. atm service band hone se bachane ke liye {phone} se bheja gaya verification link kholein.,synthetic
1,Phishing - ATM Card Suspend Link,Allied Bank card ki tasdeeq mukammal nahi hui. ATM service band hone se bachane ke liye 0316740356 se bheja gaya verification link kholein.,{brand} card ki tasdeeq mukammal nahi hui. atm service band hone se bachane ke liye {phone} se bheja gaya verification link kholein.,synthetic
1,Phishing - ATM Card Suspend Link,Aap ka ATM card temporary band kiya ja sakta hai. Faysal Bank details update karne ke liye 0311159493 par rabta karein aur verification link hasil karein.,aap ka atm card temporary band kiya ja sakta hai. {brand} details update karne ke liye {phone} par rabta karein aur verification link hasil karein.,synthetic
1,Phishing - ATM Card Suspend Link,Aap ka ATM card temporary band kiya ja sakta hai. JazzCash details update karne ke liye 0302624736 par rabta karein aur verification link hasil karein.,aap ka atm card temporary band kiya ja sakta hai. {brand} details update karne ke liye {phone} par rabta karein aur verification link hasil karein.,synthetic
1,Phishing - ATM Card Suspend Link,Aap ka ATM card temporary band kiya ja sakta hai. JazzCash details update karne ke liye 0385459984 par rabta karein aur verification link hasil karein.,aap ka atm card temporary band kiya ja sakta hai. {brand} details update karne ke liye {phone} par rabta karein aur verification link hasil karein.,synthetic
1,Phishing - ATM Card Suspend Link,Aap ka ATM card temporary band kiya ja sakta hai. Askari Bank details update karne ke liye 0357220742 par rabta karein aur verification link hasil karein.,aap ka atm card temporary band kiya ja sakta hai. {brand} details update karne ke liye {phone} par rabta karein aur verification link hasil karein.,synthetic
1,Phishing - ATM Card Suspend Link,Security notice: Meezan Bank ATM card par restriction lagne wali hai. Card bachane ke liye 0357685239 par diya gaya verification link follow karein.,security notice: {brand} atm card par restriction lagne wali hai. card bachane ke liye {phone} par diya gaya verification link follow karein.,synthetic
1,Phishing - ATM Card Suspend Link,Security notice: Bank Alfalah ATM card par restriction lagne wali hai. Card bachane ke liye 0311051752 par diya gaya verification link follow karein.,security notice: {brand} atm card par restriction lagne wali hai. card bachane ke liye {phone} par diya gaya verification link follow karein.,synthetic
1,Phishing - ATM Card Suspend Link,Security notice: JazzCash ATM card par restriction lagne wali hai. Card bachane ke liye 0319902483 par diya gaya verification link follow karein.,security notice: {brand} atm card par restriction lagne wali hai. card bachane ke liye {phone} par diya gaya verification link follow karein.,synthetic
1,Phishing - ATM Card Suspend Link,Security notice: JazzCash ATM card par restriction lagne wali hai. Card bachane ke liye 0379638823 par diya gaya verification link follow karein.,security notice: {brand} atm card par restriction lagne wali hai. card bachane ke liye {phone} par diya gaya verification link follow karein.,synthetic
1,Phishing - ATM Card Suspend Link,NayaPay: ATM card ki tasdeeq ki muddat khatam ho gayi hai. Service jari rakhne ke liye 0351279010 par rabta karke link kholein.,{brand}: atm card ki tasdeeq ki muddat khatam ho gayi hai. service jari rakhne ke liye {phone} par rabta karke link kholein.,synthetic
1,Phishing - ATM Card Suspend Link,SadaPay: ATM card ki tasdeeq ki muddat khatam ho gayi hai. Service jari rakhne ke liye 0358454220 par rabta karke link kholein.,{brand}: atm card ki tasdeeq ki muddat khatam ho gayi hai. service jari rakhne ke liye {phone} par rabta karke link kholein.,synthetic
1,Phishing - ATM Card Suspend Link,SadaPay: ATM card ki tasdeeq ki muddat khatam ho gayi hai. Service jari rakhne ke liye 0392365149 par rabta karke link kholein.,{brand}: atm card ki tasdeeq ki muddat khatam ho gayi hai. service jari rakhne ke liye {phone} par rabta karke link kholein.,synthetic
1,Phishing - ATM Card Suspend Link,SadaPay: ATM card ki tasdeeq ki muddat khatam ho gayi hai. Service jari rakhne ke liye 0317456854 par rabta karke link kholein.,{brand}: atm card ki tasdeeq ki muddat khatam ho gayi hai. service jari rakhne ke liye {phone} par rabta karke link kholein.,synthetic
1,Phishing - ATM Card Suspend Link,ATM card suspend process shuru ho gaya hai. MCB card ko active rakhne ke liye 0389466397 par verification link hasil karein.,atm card suspend process shuru ho gaya hai. {brand} card ko active rakhne ke liye {phone} par verification link hasil karein.,synthetic
1,Phishing - ATM Card Suspend Link,ATM card suspend process shuru ho gaya hai. UBL card ko active rakhne ke liye 0348831655 par verification link hasil karein.,atm card suspend process shuru ho gaya hai. {brand} card ko active rakhne ke liye {phone} par verification link hasil karein.,synthetic
1,Phishing - ATM Card Suspend Link,ATM card suspend process shuru ho gaya hai. NayaPay card ko active rakhne ke liye 0385041658 par verification link hasil karein.,atm card suspend process shuru ho gaya hai. {brand} card ko active rakhne ke liye {phone} par verification link hasil karein.,synthetic
1,Phishing - ATM Card Suspend Link,ATM card suspend process shuru ho gaya hai. NayaPay card ko active rakhne ke liye 0312769487 par verification link hasil karein.,atm card suspend process shuru ho gaya hai. {brand} card ko active rakhne ke liye {phone} par verification link hasil karein.,synthetic
1,Phishing - ATM Card Suspend Link,Bank Alfalah card security update pending hai. Aaj tasdeeq na hui to ATM istemal band ho sakta hai; 0365703624 par link ke liye rabta karein.,{brand} card security update pending hai. aaj tasdeeq na hui to atm istemal band ho sakta hai; {phone} par link ke liye rabta karein.,synthetic
1,Phishing - ATM Card Suspend Link,NayaPay card security update pending hai. Aaj tasdeeq na hui to ATM istemal band ho sakta hai; 0313277614 par link ke liye rabta karein.,{brand} card security update pending hai. aaj tasdeeq na hui to atm istemal band ho sakta hai; {phone} par link ke liye rabta karein.,synthetic
1,Phishing - ATM Card Suspend Link,SadaPay card security update pending hai. Aaj tasdeeq na hui to ATM istemal band ho sakta hai; 0354754845 par link ke liye rabta karein.,{brand} card security update pending hai. aaj tasdeeq na hui to atm istemal band ho sakta hai; {phone} par link ke liye rabta karein.,synthetic
1,Phishing - ATM Card Suspend Link,Bank Alfalah card security update pending hai. Aaj tasdeeq na hui to ATM istemal band ho sakta hai; 0367403032 par link ke liye rabta karein.,{brand} card security update pending hai. aaj tasdeeq na hui to atm istemal band ho sakta hai; {phone} par link ke liye rabta karein.,synthetic
1,Phishing - ATM Card Suspend Link,Card verification fail hone ki wajah se Askari Bank ATM service roki ja sakti hai. Verification link 0334750560 par rabta karne se milega.,card verification fail hone ki wajah se {brand} atm service roki ja sakti hai. verification link {phone} par rabta karne se milega.,synthetic
1,Phishing - ATM Card Suspend Link,Card verification fail hone ki wajah se UBL ATM service roki ja sakti hai. Verification link 0316708243 par rabta karne se milega.,card verification fail hone ki wajah se {brand} atm service roki ja sakti hai. verification link {phone} par rabta karne se milega.,synthetic
1,Phishing - ATM Card Suspend Link,Card verification fail hone ki wajah se UBL ATM service roki ja sakti hai. Verification link 0397169603 par rabta karne se milega.,card verification fail hone ki wajah se {brand} atm service roki ja sakti hai. verification link {phone} par rabta karne se milega.,synthetic
1,Phishing - ATM Card Suspend Link,Card verification fail hone ki wajah se SadaPay ATM service roki ja sakti hai. Verification link 0306214340 par rabta karne se milega.,card verification fail hone ki wajah se {brand} atm service roki ja sakti hai. verification link {phone} par rabta karne se milega.,synthetic
1,Phishing - ATM Card Suspend Link,Askari Bank: aap ke ATM card ki security details purani hain. Nayi details dene wala link hasil karne ke liye 0366362719 par call karein.,{brand}: aap ke atm card ki security details purani hain. nayi details dene wala link hasil karne ke liye {phone} par call karein.,synthetic
1,Phishing - ATM Card Suspend Link,JazzCash: aap ke ATM card ki security details purani hain. Nayi details dene wala link hasil karne ke liye 0394726916 par call karein.,{brand}: aap ke atm card ki security details purani hain. nayi details dene wala link hasil karne ke liye {phone} par call karein.,synthetic
1,Phishing - ATM Card Suspend Link,Faysal Bank: aap ke ATM card ki security details purani hain. Nayi details dene wala link hasil karne ke liye 0353427676 par call karein.,{brand}: aap ke atm card ki security details purani hain. nayi details dene wala link hasil karne ke liye {phone} par call karein.,synthetic
1,Phishing - ATM Card Suspend Link,Faysal Bank: aap ke ATM card ki security details purani hain. Nayi details dene wala link hasil karne ke liye 0325754542 par call karein.,{brand}: aap ke atm card ki security details purani hain. nayi details dene wala link hasil karne ke liye {phone} par call karein.,synthetic
1,Phishing - ATM Card Suspend Link,Akhri tanbeeh: Bank Alfalah ATM card suspend kiya jayega. Active rakhne ke liye 0349428504 par rabta karke link kholein.,akhri tanbeeh: {brand} atm card suspend kiya jayega. active rakhne ke liye {phone} par rabta karke link kholein.,synthetic
1,Phishing - ATM Card Suspend Link,Akhri tanbeeh: SadaPay ATM card suspend kiya jayega. Active rakhne ke liye 0399024252 par rabta karke link kholein.,akhri tanbeeh: {brand} atm card suspend kiya jayega. active rakhne ke liye {phone} par rabta karke link kholein.,synthetic
1,Phishing - ATM Card Suspend Link,Akhri tanbeeh: SadaPay ATM card suspend kiya jayega. Active rakhne ke liye 0361986711 par rabta karke link kholein.,akhri tanbeeh: {brand} atm card suspend kiya jayega. active rakhne ke liye {phone} par rabta karke link kholein.,synthetic
1,Phishing - ATM Card Suspend Link,Akhri tanbeeh: SadaPay ATM card suspend kiya jayega. Active rakhne ke liye 0331881916 par rabta karke link kholein.,akhri tanbeeh: {brand} atm card suspend kiya jayega. active rakhne ke liye {phone} par rabta karke link kholein.,synthetic
1,Phishing - ATM Card Suspend Link,ATM access ki tasdeeq baki hai aur NayaPay card band ho sakta hai. 0321361814 par verification link hasil karein.,atm access ki tasdeeq baki hai aur {brand} card band ho sakta hai. {phone} par verification link hasil karein.,synthetic
1,Phishing - ATM Card Suspend Link,ATM access ki tasdeeq baki hai aur NayaPay card band ho sakta hai. 0376843624 par verification link hasil karein.,atm access ki tasdeeq baki hai aur {brand} card band ho sakta hai. {phone} par verification link hasil karein.,synthetic
1,Phishing - ATM Card Suspend Link,ATM access ki tasdeeq baki hai aur SadaPay card band ho sakta hai. 0345737283 par verification link hasil karein.,atm access ki tasdeeq baki hai aur {brand} card band ho sakta hai. {phone} par verification link hasil karein.,synthetic
1,Phishing - ATM Card Suspend Link,ATM access ki tasdeeq baki hai aur UBL card band ho sakta hai. 0326426063 par verification link hasil karein.,atm access ki tasdeeq baki hai aur {brand} card band ho sakta hai. {phone} par verification link hasil karein.,synthetic
1,Phishing - ATM Card Suspend Link,NayaPay card par ghair maamooli activity ke baad ATM service suspend ki ja rahi hai. Bahali ke link ke liye 0323307889 par rabta karein.,{brand} card par ghair maamooli activity ke baad atm service suspend ki ja rahi hai. bahali ke link ke liye {phone} par rabta karein.,synthetic
1,Phishing - ATM Card Suspend Link,MCB card par ghair maamooli activity ke baad ATM service suspend ki ja rahi hai. Bahali ke link ke liye 0334659722 par rabta karein.,{brand} card par ghair maamooli activity ke baad atm service suspend ki ja rahi hai. bahali ke link ke liye {phone} par rabta karein.,synthetic
1,Phishing - ATM Card Suspend Link,SadaPay card par ghair maamooli activity ke baad ATM service suspend ki ja rahi hai. Bahali ke link ke liye 0392710400 par rabta karein.,{brand} card par ghair maamooli activity ke baad atm service suspend ki ja rahi hai. bahali ke link ke liye {phone} par rabta karein.,synthetic
1,Phishing - ATM Card Suspend Link,Askari Bank card par ghair maamooli activity ke baad ATM service suspend ki ja rahi hai. Bahali ke link ke liye 0321945085 par rabta karein.,{brand} card par ghair maamooli activity ke baad atm service suspend ki ja rahi hai. bahali ke link ke liye {phone} par rabta karein.,synthetic
1,Phishing - ATM Card Suspend Link,Card account update na hone ki surat mein HBL ATM card band hoga. Tafseel update karne wala link 0319647567 se hasil karein.,card account update na hone ki surat mein {brand} atm card band hoga. tafseel update karne wala link {phone} se hasil karein.,synthetic
1,Phishing - ATM Card Suspend Link,Card account update na hone ki surat mein MCB ATM card band hoga. Tafseel update karne wala link 0365110434 se hasil karein.,card account update na hone ki surat mein {brand} atm card band hoga. tafseel update karne wala link {phone} se hasil karein.,synthetic
1,Phishing - ATM Card Suspend Link,Card account update na hone ki surat mein Faysal Bank ATM card band hoga. Tafseel update karne wala link 0343893851 se hasil karein.,card account update na hone ki surat mein {brand} atm card band hoga. tafseel update karne wala link {phone} se hasil karein.,synthetic
1,Phishing - ATM Card Suspend Link,Card account update na hone ki surat mein Faysal Bank ATM card band hoga. Tafseel update karne wala link 0365617358 se hasil karein.,card account update na hone ki surat mein {brand} atm card band hoga. tafseel update karne wala link {phone} se hasil karein.,synthetic
1,Phishing - ATM Card Suspend Link,HBL: ATM service ko jari rakhne ke liye card verification zaroori hai. Verification link ke liye 0312956687 par rabta karein.,{brand}: atm service ko jari rakhne ke liye card verification zaroori hai. verification link ke liye {phone} par rabta karein.,synthetic
1,Phishing - ATM Card Suspend Link,NayaPay: ATM service ko jari rakhne ke liye card verification zaroori hai. Verification link ke liye 0384773783 par rabta karein.,{brand}: atm service ko jari rakhne ke liye card verification zaroori hai. verification link ke liye {phone} par rabta karein.,synthetic
1,Phishing - ATM Card Suspend Link,Faysal Bank: ATM service ko jari rakhne ke liye card verification zaroori hai. Verification link ke liye 0342586340 par rabta karein.,{brand}: atm service ko jari rakhne ke liye card verification zaroori hai. verification link ke liye {phone} par rabta karein.,synthetic
1,Phishing - ATM Card Suspend Link,NayaPay: ATM service ko jari rakhne ke liye card verification zaroori hai. Verification link ke liye 0366005706 par rabta karein.,{brand}: atm service ko jari rakhne ke liye card verification zaroori hai. verification link ke liye {phone} par rabta karein.,synthetic
1,Phishing - ATM Card Suspend Link,Aap ke UBL ATM card ke liye security update darkar hai. Suspend se bachne ke liye 0384101936 par verification link mangwayein.,aap ke {brand} atm card ke liye security update darkar hai. suspend se bachne ke liye {phone} par verification link mangwayein.,synthetic
1,Phishing - ATM Card Suspend Link,Aap ke Easypaisa ATM card ke liye security update darkar hai. Suspend se bachne ke liye 0389196731 par verification link mangwayein.,aap ke {brand} atm card ke liye security update darkar hai. suspend se bachne ke liye {phone} par verification link mangwayein.,synthetic
1,Phishing - ATM Card Suspend Link,Aap ke SadaPay ATM card ke liye security update darkar hai. Suspend se bachne ke liye 0314480664 par verification link mangwayein.,aap ke {brand} atm card ke liye security update darkar hai. suspend se bachne ke liye {phone} par verification link mangwayein.,synthetic
1,Phishing - ATM Card Suspend Link,Aap ke JazzCash ATM card ke liye security update darkar hai. Suspend se bachne ke liye 0321089321 par verification link mangwayein.,aap ke {brand} atm card ke liye security update darkar hai. suspend se bachne ke liye {phone} par verification link mangwayein.,synthetic
1,Phishing - Reward/Lottery Scam,"Mubarak ho! Aap HBL ke monthly lucky draw mein select huay hain. Prize 1,000 PKR claim karne k liye is link par apni details fill karein: claim-HBL.net/prize",mubarak ho! aap {brand} ke monthly lucky draw mein select huay hain. prize {amount} pkr claim karne k liye is link par apni details fill karein: claim-{brand}.net/prize,synthetic
1,Phishing - Reward/Lottery Scam,"Mubarak ho! Aap Allied Bank ke monthly lucky draw mein select huay hain. Prize 7,500 PKR claim karne k liye is link par apni details fill karein: claim-Allied Bank.net/prize",mubarak ho! aap {brand} ke monthly lucky draw mein select huay hain. prize {amount} pkr claim karne k liye is link par apni details fill karein: claim-{brand}.net/prize,synthetic
1,Phishing - Reward/Lottery Scam,"Mubarak ho! Aap Easypaisa ke monthly lucky draw mein select huay hain. Prize 5,000 PKR claim karne k liye is link par apni details fill karein: claim-Easypaisa.net/prize",mubarak ho! aap {brand} ke monthly lucky draw mein select huay hain. prize {amount} pkr claim karne k liye is link par apni details fill karein: claim-{brand}.net/prize,synthetic
1,Phishing - Reward/Lottery Scam,"Mubarak ho! Aap HBL ke monthly lucky draw mein select huay hain. Prize 25,000 PKR claim karne k liye is link par apni details fill karein: claim-HBL.net/prize",mubarak ho! aap {brand} ke monthly lucky draw mein select huay hain. prize {amount} pkr claim karne k liye is link par apni details fill karein: claim-{brand}.net/prize,synthetic
1,Phishing - Reward/Lottery Scam,"Aapka number Ramzan bachat scheme draw mein nikla hai, inam 75,000 PKR hai. Confirm karne k liye isi SMS ka reply karke apna JazzCash PIN bhejein.","aapka number ramzan bachat scheme draw mein nikla hai, inam {amount} pkr hai. confirm karne k liye isi sms ka reply karke apna {brand} pin bhejein.",synthetic
1,Phishing - Reward/Lottery Scam,"Aapka number Ramzan bachat scheme draw mein nikla hai, inam 5,000 PKR hai. Confirm karne k liye isi SMS ka reply karke apna Easypaisa PIN bhejein.","aapka number ramzan bachat scheme draw mein nikla hai, inam {amount} pkr hai. confirm karne k liye isi sms ka reply karke apna {brand} pin bhejein.",synthetic
1,Phishing - Reward/Lottery Scam,"Aapka number Ramzan bachat scheme draw mein nikla hai, inam 75,000 PKR hai. Confirm karne k liye isi SMS ka reply karke apna Meezan Bank PIN bhejein.","aapka number ramzan bachat scheme draw mein nikla hai, inam {amount} pkr hai. confirm karne k liye isi sms ka reply karke apna {brand} pin bhejein.",synthetic
1,Phishing - Reward/Lottery Scam,"Aapka number Ramzan bachat scheme draw mein nikla hai, inam 2,500 PKR hai. Confirm karne k liye isi SMS ka reply karke apna UBL PIN bhejein.","aapka number ramzan bachat scheme draw mein nikla hai, inam {amount} pkr hai. confirm karne k liye isi sms ka reply karke apna {brand} pin bhejein.",synthetic
1,Phishing - Reward/Lottery Scam,"Khushkhabri! Aapne cricket fan lucky draw mein 2,500 PKR jeet liye hain. Claim process shuru karne k liye humein WhatsApp par is number par msg karein: 0315264422",khushkhabri! aapne cricket fan lucky draw mein {amount} pkr jeet liye hain. claim process shuru karne k liye humein whatsapp par is number par msg karein: {phone},synthetic
1,Phishing - Reward/Lottery Scam,"Khushkhabri! Aapne cricket fan lucky draw mein 5,000 PKR jeet liye hain. Claim process shuru karne k liye humein WhatsApp par is number par msg karein: 0315519776",khushkhabri! aapne cricket fan lucky draw mein {amount} pkr jeet liye hain. claim process shuru karne k liye humein whatsapp par is number par msg karein: {phone},synthetic
1,Phishing - Reward/Lottery Scam,"Khushkhabri! Aapne cricket fan lucky draw mein 12,500 PKR jeet liye hain. Claim process shuru karne k liye humein WhatsApp par is number par msg karein: 0399580328",khushkhabri! aapne cricket fan lucky draw mein {amount} pkr jeet liye hain. claim process shuru karne k liye humein whatsapp par is number par msg karein: {phone},synthetic
1,Phishing - Reward/Lottery Scam,"Khushkhabri! Aapne cricket fan lucky draw mein 75,000 PKR jeet liye hain. Claim process shuru karne k liye humein WhatsApp par is number par msg karein: 0358275056",khushkhabri! aapne cricket fan lucky draw mein {amount} pkr jeet liye hain. claim process shuru karne k liye humein whatsapp par is number par msg karein: {phone},synthetic
1,Phishing - Reward/Lottery Scam,"Mubarak ho, aapka naam is mahine ke UBL customer reward list mein hai. Prize 50,000 PKR hasil karne k liye apne nearest UBL branch tashreef layein, saath CNIC lekar aayen.","mubarak ho, aapka naam is mahine ke {brand} customer reward list mein hai. prize {amount} pkr hasil karne k liye apne nearest {brand} branch tashreef layein, saath cnic lekar aayen.",synthetic
1,Phishing - Reward/Lottery Scam,"Mubarak ho, aapka naam is mahine ke UBL customer reward list mein hai. Prize 7,500 PKR hasil karne k liye apne nearest UBL branch tashreef layein, saath CNIC lekar aayen.","mubarak ho, aapka naam is mahine ke {brand} customer reward list mein hai. prize {amount} pkr hasil karne k liye apne nearest {brand} branch tashreef layein, saath cnic lekar aayen.",synthetic
1,Phishing - Reward/Lottery Scam,"Mubarak ho, aapka naam is mahine ke Meezan Bank customer reward list mein hai. Prize 5,000 PKR hasil karne k liye apne nearest Meezan Bank branch tashreef layein, saath CNIC lekar aayen.","mubarak ho, aapka naam is mahine ke {brand} customer reward list mein hai. prize {amount} pkr hasil karne k liye apne nearest {brand} branch tashreef layein, saath cnic lekar aayen.",synthetic
1,Phishing - Reward/Lottery Scam,"Mubarak ho, aapka naam is mahine ke UBL customer reward list mein hai. Prize 75,000 PKR hasil karne k liye apne nearest UBL branch tashreef layein, saath CNIC lekar aayen.","mubarak ho, aapka naam is mahine ke {brand} customer reward list mein hai. prize {amount} pkr hasil karne k liye apne nearest {brand} branch tashreef layein, saath cnic lekar aayen.",synthetic
1,Phishing - Account Block Threat,Faysal Bank Notice: Apka account inactive activity ki waja se partially block hai. Dobara active karne k liye is link se apni maloomat update karein: Faysal Bank-reactivate.com,{brand} notice: apka account inactive activity ki waja se partially block hai. dobara active karne k liye is link se apni maloomat update karein: {brand}-reactivate.com,synthetic
1,Phishing - Account Block Threat,Allied Bank Notice: Apka account inactive activity ki waja se partially block hai. Dobara active karne k liye is link se apni maloomat update karein: Allied Bank-reactivate.com,{brand} notice: apka account inactive activity ki waja se partially block hai. dobara active karne k liye is link se apni maloomat update karein: {brand}-reactivate.com,synthetic
1,Phishing - Account Block Threat,Askari Bank Notice: Apka account inactive activity ki waja se partially block hai. Dobara active karne k liye is link se apni maloomat update karein: Askari Bank-reactivate.com,{brand} notice: apka account inactive activity ki waja se partially block hai. dobara active karne k liye is link se apni maloomat update karein: {brand}-reactivate.com,synthetic
1,Phishing - Account Block Threat,MCB Notice: Apka account inactive activity ki waja se partially block hai. Dobara active karne k liye is link se apni maloomat update karein: MCB-reactivate.com,{brand} notice: apka account inactive activity ki waja se partially block hai. dobara active karne k liye is link se apni maloomat update karein: {brand}-reactivate.com,synthetic
1,Phishing - Account Block Threat,Apka SadaPay account verification ke bagair 24 ghanton mein block ho jaye ga. Isi number par reply karke apna 4-digit PIN bhejein taake account save ho sake.,apka {brand} account verification ke bagair 24 ghanton mein block ho jaye ga. isi number par reply karke apna 4-digit pin bhejein taake account save ho sake.,synthetic
1,Phishing - Account Block Threat,Apka Faysal Bank account verification ke bagair 24 ghanton mein block ho jaye ga. Isi number par reply karke apna 4-digit PIN bhejein taake account save ho sake.,apka {brand} account verification ke bagair 24 ghanton mein block ho jaye ga. isi number par reply karke apna 4-digit pin bhejein taake account save ho sake.,synthetic
1,Phishing - Account Block Threat,Apka Allied Bank account verification ke bagair 24 ghanton mein block ho jaye ga. Isi number par reply karke apna 4-digit PIN bhejein taake account save ho sake.,apka {brand} account verification ke bagair 24 ghanton mein block ho jaye ga. isi number par reply karke apna 4-digit pin bhejein taake account save ho sake.,synthetic
1,Phishing - Account Block Threat,Apka UBL account verification ke bagair 24 ghanton mein block ho jaye ga. Isi number par reply karke apna 4-digit PIN bhejein taake account save ho sake.,apka {brand} account verification ke bagair 24 ghanton mein block ho jaye ga. isi number par reply karke apna 4-digit pin bhejein taake account save ho sake.,synthetic
1,Phishing - Account Block Threat,SadaPay Alert: Account mein masla nazar aaya hai. Foran apna account number aur CNIC humare WhatsApp support par bhejein: 0332570911,{brand} alert: account mein masla nazar aaya hai. foran apna account number aur cnic humare whatsapp support par bhejein: {phone},synthetic
1,Phishing - Account Block Threat,SadaPay Alert: Account mein masla nazar aaya hai. Foran apna account number aur CNIC humare WhatsApp support par bhejein: 0349268659,{brand} alert: account mein masla nazar aaya hai. foran apna account number aur cnic humare whatsapp support par bhejein: {phone},synthetic
1,Phishing - Account Block Threat,SadaPay Alert: Account mein masla nazar aaya hai. Foran apna account number aur CNIC humare WhatsApp support par bhejein: 0329047291,{brand} alert: account mein masla nazar aaya hai. foran apna account number aur cnic humare whatsapp support par bhejein: {phone},synthetic
1,Phishing - Account Block Threat,UBL Alert: Account mein masla nazar aaya hai. Foran apna account number aur CNIC humare WhatsApp support par bhejein: 0361233207,{brand} alert: account mein masla nazar aaya hai. foran apna account number aur cnic humare whatsapp support par bhejein: {phone},synthetic
1,Phishing - Account Block Threat,"Dear customer, aapka Askari Bank account documents incomplete hone ki waja se block hone wala hai. Ise avoid karne k liye jaldi apni nearest branch visit karein.","dear customer, aapka {brand} account documents incomplete hone ki waja se block hone wala hai. ise avoid karne k liye jaldi apni nearest branch visit karein.",synthetic
1,Phishing - Account Block Threat,"Dear customer, aapka JazzCash account documents incomplete hone ki waja se block hone wala hai. Ise avoid karne k liye jaldi apni nearest branch visit karein.","dear customer, aapka {brand} account documents incomplete hone ki waja se block hone wala hai. ise avoid karne k liye jaldi apni nearest branch visit karein.",synthetic
1,Phishing - Account Block Threat,"Dear customer, aapka UBL account documents incomplete hone ki waja se block hone wala hai. Ise avoid karne k liye jaldi apni nearest branch visit karein.","dear customer, aapka {brand} account documents incomplete hone ki waja se block hone wala hai. ise avoid karne k liye jaldi apni nearest branch visit karein.",synthetic
1,Phishing - Account Block Threat,"Dear customer, aapka Faysal Bank account documents incomplete hone ki waja se block hone wala hai. Ise avoid karne k liye jaldi apni nearest branch visit karein.","dear customer, aapka {brand} account documents incomplete hone ki waja se block hone wala hai. ise avoid karne k liye jaldi apni nearest branch visit karein.",synthetic
1,Phishing - Government Scheme Scam,"Ehsaas Kafalat update: Apki application 25,000 PKR k liye approve ho chuki hai. Fund release form bharne k liye click karein: ehsaas-NayaPay.org/apply",ehsaas kafalat update: apki application {amount} pkr k liye approve ho chuki hai. fund release form bharne k liye click karein: ehsaas-{brand}.org/apply,synthetic
1,Phishing - Government Scheme Scam,"Ehsaas Kafalat update: Apki application 75,000 PKR k liye approve ho chuki hai. Fund release form bharne k liye click karein: ehsaas-Allied Bank.org/apply",ehsaas kafalat update: apki application {amount} pkr k liye approve ho chuki hai. fund release form bharne k liye click karein: ehsaas-{brand}.org/apply,synthetic
1,Phishing - Government Scheme Scam,"Ehsaas Kafalat update: Apki application 75,000 PKR k liye approve ho chuki hai. Fund release form bharne k liye click karein: ehsaas-Meezan Bank.org/apply",ehsaas kafalat update: apki application {amount} pkr k liye approve ho chuki hai. fund release form bharne k liye click karein: ehsaas-{brand}.org/apply,synthetic
1,Phishing - Government Scheme Scam,"Ehsaas Kafalat update: Apki application 25,000 PKR k liye approve ho chuki hai. Fund release form bharne k liye click karein: ehsaas-Faysal Bank.org/apply",ehsaas kafalat update: apki application {amount} pkr k liye approve ho chuki hai. fund release form bharne k liye click karein: ehsaas-{brand}.org/apply,synthetic
1,Phishing - Government Scheme Scam,BISP se ittila: Apka naam mustahiq list mein shamil hua hai. Registration mukammal karne k liye reply mein apna Allied Bank account PIN bhejein.,{BRAND} se ittila: apka naam mustahiq list mein shamil hua hai. registration mukammal karne k liye reply mein apna {brand} account pin bhejein.,synthetic
1,Phishing - Government Scheme Scam,BISP se ittila: Apka naam mustahiq list mein shamil hua hai. Registration mukammal karne k liye reply mein apna Bank Alfalah account PIN bhejein.,{BRAND} se ittila: apka naam mustahiq list mein shamil hua hai. registration mukammal karne k liye reply mein apna {brand} account pin bhejein.,synthetic
1,Phishing - Government Scheme Scam,BISP se ittila: Apka naam mustahiq list mein shamil hua hai. Registration mukammal karne k liye reply mein apna Easypaisa account PIN bhejein.,{BRAND} se ittila: apka naam mustahiq list mein shamil hua hai. registration mukammal karne k liye reply mein apna {brand} account pin bhejein.,synthetic
1,Phishing - Government Scheme Scam,BISP se ittila: Apka naam mustahiq list mein shamil hua hai. Registration mukammal karne k liye reply mein apna MCB account PIN bhejein.,{BRAND} se ittila: apka naam mustahiq list mein shamil hua hai. registration mukammal karne k liye reply mein apna {brand} account pin bhejein.,synthetic
1,Phishing - Government Scheme Scam,Sarkar ki Rashan Riayat scheme mein apka number select hua hai. Registration k liye humare WhatsApp helpline par rabta karein: 0364056507,sarkar ki rashan riayat scheme mein apka number select hua hai. registration k liye humare whatsapp helpline par rabta karein: {phone},synthetic
1,Phishing - Government Scheme Scam,Sarkar ki Rashan Riayat scheme mein apka number select hua hai. Registration k liye humare WhatsApp helpline par rabta karein: 0373715129,sarkar ki rashan riayat scheme mein apka number select hua hai. registration k liye humare whatsapp helpline par rabta karein: {phone},synthetic
1,Phishing - Government Scheme Scam,Sarkar ki Rashan Riayat scheme mein apka number select hua hai. Registration k liye humare WhatsApp helpline par rabta karein: 0332856661,sarkar ki rashan riayat scheme mein apka number select hua hai. registration k liye humare whatsapp helpline par rabta karein: {phone},synthetic
1,Phishing - Government Scheme Scam,Sarkar ki Rashan Riayat scheme mein apka number select hua hai. Registration k liye humare WhatsApp helpline par rabta karein: 0366556840,sarkar ki rashan riayat scheme mein apka number select hua hai. registration k liye humare whatsapp helpline par rabta karein: {phone},synthetic
1,Phishing - Government Scheme Scam,"Mubarak ho, Punjab Ehsaas program ke tehat apko 50,000 PKR milen ge. Apna nearest registration center visit karke CNIC dikhayen aur raqam collect karein.","mubarak ho, punjab ehsaas program ke tehat apko {amount} pkr milen ge. apna nearest registration center visit karke cnic dikhayen aur raqam collect karein.",synthetic
1,Phishing - Government Scheme Scam,"Mubarak ho, Punjab Ehsaas program ke tehat apko 12,500 PKR milen ge. Apna nearest registration center visit karke CNIC dikhayen aur raqam collect karein.","mubarak ho, punjab ehsaas program ke tehat apko {amount} pkr milen ge. apna nearest registration center visit karke cnic dikhayen aur raqam collect karein.",synthetic
1,Phishing - Government Scheme Scam,"Mubarak ho, Punjab Ehsaas program ke tehat apko 10,000 PKR milen ge. Apna nearest registration center visit karke CNIC dikhayen aur raqam collect karein.","mubarak ho, punjab ehsaas program ke tehat apko {amount} pkr milen ge. apna nearest registration center visit karke cnic dikhayen aur raqam collect karein.",synthetic
1,Phishing - Government Scheme Scam,"Mubarak ho, Punjab Ehsaas program ke tehat apko 7,500 PKR milen ge. Apna nearest registration center visit karke CNIC dikhayen aur raqam collect karein.","mubarak ho, punjab ehsaas program ke tehat apko {amount} pkr milen ge. apna nearest registration center visit karke cnic dikhayen aur raqam collect karein.",synthetic
1,Phishing - Account Freeze (FBR) Threat,FBR Compliance Notice: Apka UBL account tax filing na hone ki waja se freeze hai. Compliance form is link par mukammal karein: fbr-UBL-compliance.com,{BRAND} compliance notice: apka {brand} account tax filing na hone ki waja se freeze hai. compliance form is link par mukammal karein: {BRAND}-{brand}-compliance.com,synthetic
1,Phishing - Account Freeze (FBR) Threat,FBR Compliance Notice: Apka Meezan Bank account tax filing na hone ki waja se freeze hai. Compliance form is link par mukammal karein: fbr-Meezan Bank-compliance.com,{BRAND} compliance notice: apka {brand} account tax filing na hone ki waja se freeze hai. compliance form is link par mukammal karein: {BRAND}-{brand}-compliance.com,synthetic
1,Phishing - Account Freeze (FBR) Threat,FBR Compliance Notice: Apka Faysal Bank account tax filing na hone ki waja se freeze hai. Compliance form is link par mukammal karein: fbr-Faysal Bank-compliance.com,{BRAND} compliance notice: apka {brand} account tax filing na hone ki waja se freeze hai. compliance form is link par mukammal karein: {BRAND}-{brand}-compliance.com,synthetic
1,Phishing - Account Freeze (FBR) Threat,FBR Compliance Notice: Apka JazzCash account tax filing na hone ki waja se freeze hai. Compliance form is link par mukammal karein: fbr-JazzCash-compliance.com,{BRAND} compliance notice: apka {brand} account tax filing na hone ki waja se freeze hai. compliance form is link par mukammal karein: {BRAND}-{brand}-compliance.com,synthetic
1,Phishing - Account Freeze (FBR) Threat,FBR record ke mutabiq apka Allied Bank wallet suspicious hai. Isay unfreeze karwane k liye reply mein apna NTN aur account PIN bhejein.,{BRAND} record ke mutabiq apka {brand} wallet suspicious hai. isay unfreeze karwane k liye reply mein apna ntn aur account pin bhejein.,synthetic
1,Phishing - Account Freeze (FBR) Threat,FBR record ke mutabiq apka UBL wallet suspicious hai. Isay unfreeze karwane k liye reply mein apna NTN aur account PIN bhejein.,{BRAND} record ke mutabiq apka {brand} wallet suspicious hai. isay unfreeze karwane k liye reply mein apna ntn aur account pin bhejein.,synthetic
1,Phishing - Account Freeze (FBR) Threat,FBR record ke mutabiq apka NayaPay wallet suspicious hai. Isay unfreeze karwane k liye reply mein apna NTN aur account PIN bhejein.,{BRAND} record ke mutabiq apka {brand} wallet suspicious hai. isay unfreeze karwane k liye reply mein apna ntn aur account pin bhejein.,synthetic
1,Phishing - Account Freeze (FBR) Threat,FBR record ke mutabiq apka Easypaisa wallet suspicious hai. Isay unfreeze karwane k liye reply mein apna NTN aur account PIN bhejein.,{BRAND} record ke mutabiq apka {brand} wallet suspicious hai. isay unfreeze karwane k liye reply mein apna ntn aur account pin bhejein.,synthetic
1,Phishing - Account Freeze (FBR) Threat,Federal Board of Revenue: Apke Allied Bank account par tax discrepancy hai. Clarification k liye humare WhatsApp tax cell par sampark karein: 0358014121,federal board of revenue: apke {brand} account par tax discrepancy hai. clarification k liye humare whatsapp tax cell par sampark karein: {phone},synthetic
1,Phishing - Account Freeze (FBR) Threat,Federal Board of Revenue: Apke HBL account par tax discrepancy hai. Clarification k liye humare WhatsApp tax cell par sampark karein: 0301874606,federal board of revenue: apke {brand} account par tax discrepancy hai. clarification k liye humare whatsapp tax cell par sampark karein: {phone},synthetic
1,Phishing - Account Freeze (FBR) Threat,Federal Board of Revenue: Apke Faysal Bank account par tax discrepancy hai. Clarification k liye humare WhatsApp tax cell par sampark karein: 0342690500,federal board of revenue: apke {brand} account par tax discrepancy hai. clarification k liye humare whatsapp tax cell par sampark karein: {phone},synthetic
1,Phishing - Account Freeze (FBR) Threat,Federal Board of Revenue: Apke Faysal Bank account par tax discrepancy hai. Clarification k liye humare WhatsApp tax cell par sampark karein: 0356608323,federal board of revenue: apke {brand} account par tax discrepancy hai. clarification k liye humare whatsapp tax cell par sampark karein: {phone},synthetic
1,Phishing - Account Freeze (FBR) Threat,FBR ittila: Non-filer status ki waja se apka HBL account freeze kiya gaya hai. Filer banne k liye apne nearest FBR facilitation center visit karein.,{BRAND} ittila: non-filer status ki waja se apka {brand} account freeze kiya gaya hai. filer banne k liye apne nearest {BRAND} facilitation center visit karein.,synthetic
1,Phishing - Account Freeze (FBR) Threat,FBR ittila: Non-filer status ki waja se apka JazzCash account freeze kiya gaya hai. Filer banne k liye apne nearest FBR facilitation center visit karein.,{BRAND} ittila: non-filer status ki waja se apka {brand} account freeze kiya gaya hai. filer banne k liye apne nearest {BRAND} facilitation center visit karein.,synthetic
1,Phishing - Account Freeze (FBR) Threat,FBR ittila: Non-filer status ki waja se apka Easypaisa account freeze kiya gaya hai. Filer banne k liye apne nearest FBR facilitation center visit karein.,{BRAND} ittila: non-filer status ki waja se apka {brand} account freeze kiya gaya hai. filer banne k liye apne nearest {BRAND} facilitation center visit karein.,synthetic
1,Phishing - Account Freeze (FBR) Threat,FBR ittila: Non-filer status ki waja se apka SadaPay account freeze kiya gaya hai. Filer banne k liye apne nearest FBR facilitation center visit karein.,{BRAND} ittila: non-filer status ki waja se apka {brand} account freeze kiya gaya hai. filer banne k liye apne nearest {BRAND} facilitation center visit karein.,synthetic
1,Phishing - Account Hack Warning,SadaPay Cyber Security Team: Apke account mein malicious login attempt block kiya gaya hai. Security check complete karne k liye yahan verify karein: SadaPay-secure-check.net,{brand} cyber security team: apke account mein malicious login attempt block kiya gaya hai. security check complete karne k liye yahan verify karein: {brand}-secure-check.net,synthetic
1,Phishing - Account Hack Warning,Askari Bank Cyber Security Team: Apke account mein malicious login attempt block kiya gaya hai. Security check complete karne k liye yahan verify karein: Askari Bank-secure-check.net,{brand} cyber security team: apke account mein malicious login attempt block kiya gaya hai. security check complete karne k liye yahan verify karein: {brand}-secure-check.net,synthetic
1,Phishing - Account Hack Warning,HBL Cyber Security Team: Apke account mein malicious login attempt block kiya gaya hai. Security check complete karne k liye yahan verify karein: HBL-secure-check.net,{brand} cyber security team: apke account mein malicious login attempt block kiya gaya hai. security check complete karne k liye yahan verify karein: {brand}-secure-check.net,synthetic
1,Phishing - Account Hack Warning,JazzCash Cyber Security Team: Apke account mein malicious login attempt block kiya gaya hai. Security check complete karne k liye yahan verify karein: JazzCash-secure-check.net,{brand} cyber security team: apke account mein malicious login attempt block kiya gaya hai. security check complete karne k liye yahan verify karein: {brand}-secure-check.net,synthetic
1,Phishing - Account Hack Warning,Warning: Kisi ne apka Easypaisa password change karne ki koshish ki hai. Agar yeh aap nahi thay to isi SMS ka reply karke apna OTP 22315479 confirm karein.,warning: kisi ne apka {brand} password change karne ki koshish ki hai. agar yeh aap nahi thay to isi sms ka reply karke apna otp {otp} confirm karein.,synthetic
1,Phishing - Account Hack Warning,Warning: Kisi ne apka Easypaisa password change karne ki koshish ki hai. Agar yeh aap nahi thay to isi SMS ka reply karke apna OTP 81599471 confirm karein.,warning: kisi ne apka {brand} password change karne ki koshish ki hai. agar yeh aap nahi thay to isi sms ka reply karke apna otp {otp} confirm karein.,synthetic
1,Phishing - Account Hack Warning,Warning: Kisi ne apka HBL password change karne ki koshish ki hai. Agar yeh aap nahi thay to isi SMS ka reply karke apna OTP 79572028 confirm karein.,warning: kisi ne apka {brand} password change karne ki koshish ki hai. agar yeh aap nahi thay to isi sms ka reply karke apna otp {otp} confirm karein.,synthetic
1,Phishing - Account Hack Warning,Warning: Kisi ne apka Easypaisa password change karne ki koshish ki hai. Agar yeh aap nahi thay to isi SMS ka reply karke apna OTP 40823023 confirm karein.,warning: kisi ne apka {brand} password change karne ki koshish ki hai. agar yeh aap nahi thay to isi sms ka reply karke apna otp {otp} confirm karein.,synthetic
1,Phishing - Account Hack Warning,Allied Bank Fraud Alert: Apke account se ek ajeeb transaction rokni gayi hai. Details clarify karne k liye humein WhatsApp karein: 0382998223,{brand} fraud alert: apke account se ek ajeeb transaction rokni gayi hai. details clarify karne k liye humein whatsapp karein: {phone},synthetic
1,Phishing - Account Hack Warning,Meezan Bank Fraud Alert: Apke account se ek ajeeb transaction rokni gayi hai. Details clarify karne k liye humein WhatsApp karein: 0341655832,{brand} fraud alert: apke account se ek ajeeb transaction rokni gayi hai. details clarify karne k liye humein whatsapp karein: {phone},synthetic
1,Phishing - Account Hack Warning,MCB Fraud Alert: Apke account se ek ajeeb transaction rokni gayi hai. Details clarify karne k liye humein WhatsApp karein: 0341864361,{brand} fraud alert: apke account se ek ajeeb transaction rokni gayi hai. details clarify karne k liye humein whatsapp karein: {phone},synthetic
1,Phishing - Account Hack Warning,UBL Fraud Alert: Apke account se ek ajeeb transaction rokni gayi hai. Details clarify karne k liye humein WhatsApp karein: 0306829443,{brand} fraud alert: apke account se ek ajeeb transaction rokni gayi hai. details clarify karne k liye humein whatsapp karein: {phone},synthetic
1,Phishing - Account Hack Warning,Aapke UBL account ki security compromise hone ka shuba hai. Foran apni nearest branch ja kar apna password reset karwayen.,aapke {brand} account ki security compromise hone ka shuba hai. foran apni nearest branch ja kar apna password reset karwayen.,synthetic
1,Phishing - Account Hack Warning,Aapke JazzCash account ki security compromise hone ka shuba hai. Foran apni nearest branch ja kar apna password reset karwayen.,aapke {brand} account ki security compromise hone ka shuba hai. foran apni nearest branch ja kar apna password reset karwayen.,synthetic
1,Phishing - Account Hack Warning,Aapke Bank Alfalah account ki security compromise hone ka shuba hai. Foran apni nearest branch ja kar apna password reset karwayen.,aapke {brand} account ki security compromise hone ka shuba hai. foran apni nearest branch ja kar apna password reset karwayen.,synthetic
1,Phishing - Account Hack Warning,Aapke NayaPay account ki security compromise hone ka shuba hai. Foran apni nearest branch ja kar apna password reset karwayen.,aapke {brand} account ki security compromise hone ka shuba hai. foran apni nearest branch ja kar apna password reset karwayen.,synthetic
1,Phishing - Wrong Number Refund Scam,"Assalam o Alaikum, maine 10,000 PKR ghalti se apke NayaPay account mein bhej diye. Barah e karam mujhe WhatsApp par is number par bata dein taake refund arrange ho sake: 0394458774","assalam o alaikum, maine {amount} pkr ghalti se apke {brand} account mein bhej diye. barah e karam mujhe whatsapp par is number par bata dein taake refund arrange ho sake: {phone}",synthetic
1,Phishing - Wrong Number Refund Scam,"Assalam o Alaikum, maine 5,000 PKR ghalti se apke Meezan Bank account mein bhej diye. Barah e karam mujhe WhatsApp par is number par bata dein taake refund arrange ho sake: 0397634775","assalam o alaikum, maine {amount} pkr ghalti se apke {brand} account mein bhej diye. barah e karam mujhe whatsapp par is number par bata dein taake refund arrange ho sake: {phone}",synthetic
1,Phishing - Wrong Number Refund Scam,"Assalam o Alaikum, maine 1,000 PKR ghalti se apke SadaPay account mein bhej diye. Barah e karam mujhe WhatsApp par is number par bata dein taake refund arrange ho sake: 0367184753","assalam o alaikum, maine {amount} pkr ghalti se apke {brand} account mein bhej diye. barah e karam mujhe whatsapp par is number par bata dein taake refund arrange ho sake: {phone}",synthetic
1,Phishing - Wrong Number Refund Scam,"Assalam o Alaikum, maine 75,000 PKR ghalti se apke MCB account mein bhej diye. Barah e karam mujhe WhatsApp par is number par bata dein taake refund arrange ho sake: 0374104255","assalam o alaikum, maine {amount} pkr ghalti se apke {brand} account mein bhej diye. barah e karam mujhe whatsapp par is number par bata dein taake refund arrange ho sake: {phone}",synthetic
1,Phishing - Wrong Number Refund Scam,"Sorry, maine apko 2,500 PKR galti se send kar diye hain apni bhabi ko bhejte hue. Please apna SadaPay account number reply mein bhej dein taake main wapis mangwa sakoon.","sorry, maine apko {amount} pkr galti se send kar diye hain apni bhabi ko bhejte hue. please apna {brand} account number reply mein bhej dein taake main wapis mangwa sakoon.",synthetic
1,Phishing - Wrong Number Refund Scam,"Sorry, maine apko 1,000 PKR galti se send kar diye hain apni bhabi ko bhejte hue. Please apna MCB account number reply mein bhej dein taake main wapis mangwa sakoon.","sorry, maine apko {amount} pkr galti se send kar diye hain apni bhabi ko bhejte hue. please apna {brand} account number reply mein bhej dein taake main wapis mangwa sakoon.",synthetic
1,Phishing - Wrong Number Refund Scam,"Sorry, maine apko 2,500 PKR galti se send kar diye hain apni bhabi ko bhejte hue. Please apna Meezan Bank account number reply mein bhej dein taake main wapis mangwa sakoon.","sorry, maine apko {amount} pkr galti se send kar diye hain apni bhabi ko bhejte hue. please apna {brand} account number reply mein bhej dein taake main wapis mangwa sakoon.",synthetic
1,Phishing - Wrong Number Refund Scam,"Sorry, maine apko 500 PKR galti se send kar diye hain apni bhabi ko bhejte hue. Please apna HBL account number reply mein bhej dein taake main wapis mangwa sakoon.","sorry, maine apko {amount} pkr galti se send kar diye hain apni bhabi ko bhejte hue. please apna {brand} account number reply mein bhej dein taake main wapis mangwa sakoon.",synthetic
1,Phishing - Wrong Number Refund Scam,"Bhai maaf karna, maine apko 7,500 PKR ghalti se transfer kar diye. Agar mumkin ho to nearby HBL branch chal kar wapis karwa dein, main bhi wahin pahunch jaunga.","bhai maaf karna, maine apko {amount} pkr ghalti se transfer kar diye. agar mumkin ho to nearby {brand} branch chal kar wapis karwa dein, main bhi wahin pahunch jaunga.",synthetic
1,Phishing - Wrong Number Refund Scam,"Bhai maaf karna, maine apko 50,000 PKR ghalti se transfer kar diye. Agar mumkin ho to nearby NayaPay branch chal kar wapis karwa dein, main bhi wahin pahunch jaunga.","bhai maaf karna, maine apko {amount} pkr ghalti se transfer kar diye. agar mumkin ho to nearby {brand} branch chal kar wapis karwa dein, main bhi wahin pahunch jaunga.",synthetic
1,Phishing - Wrong Number Refund Scam,"Bhai maaf karna, maine apko 75,000 PKR ghalti se transfer kar diye. Agar mumkin ho to nearby Bank Alfalah branch chal kar wapis karwa dein, main bhi wahin pahunch jaunga.","bhai maaf karna, maine apko {amount} pkr ghalti se transfer kar diye. agar mumkin ho to nearby {brand} branch chal kar wapis karwa dein, main bhi wahin pahunch jaunga.",synthetic
1,Phishing - Wrong Number Refund Scam,"Bhai maaf karna, maine apko 2,500 PKR ghalti se transfer kar diye. Agar mumkin ho to nearby Faysal Bank branch chal kar wapis karwa dein, main bhi wahin pahunch jaunga.","bhai maaf karna, maine apko {amount} pkr ghalti se transfer kar diye. agar mumkin ho to nearby {brand} branch chal kar wapis karwa dein, main bhi wahin pahunch jaunga.",synthetic
1,Phishing - Wrong Number Refund Scam,"Meri taraf se 1,000 PKR apke account mein ghalti se chala gaya hai. Refund process k liye apna account PIN reply mein confirm kar dein please.",meri taraf se {amount} pkr apke account mein ghalti se chala gaya hai. refund process k liye apna account pin reply mein confirm kar dein please.,synthetic
1,Phishing - Wrong Number Refund Scam,"Meri taraf se 12,500 PKR apke account mein ghalti se chala gaya hai. Refund process k liye apna account PIN reply mein confirm kar dein please.",meri taraf se {amount} pkr apke account mein ghalti se chala gaya hai. refund process k liye apna account pin reply mein confirm kar dein please.,synthetic
1,Phishing - Wrong Number Refund Scam,"Meri taraf se 10,000 PKR apke account mein ghalti se chala gaya hai. Refund process k liye apna account PIN reply mein confirm kar dein please.",meri taraf se {amount} pkr apke account mein ghalti se chala gaya hai. refund process k liye apna account pin reply mein confirm kar dein please.,synthetic
1,Phishing - Wrong Number Refund Scam,Meri taraf se 500 PKR apke account mein ghalti se chala gaya hai. Refund process k liye apna account PIN reply mein confirm kar dein please.,meri taraf se {amount} pkr apke account mein ghalti se chala gaya hai. refund process k liye apna account pin reply mein confirm kar dein please.,synthetic
1,Phishing - Wrong Number Refund Scam,"Please help, maine emergency mein 75,000 PKR ghalat number par bhej diye jo apka nikla. Zaroorat bohat zyada hai, WhatsApp par is number par jald rabta karein: 0328191191","please help, maine emergency mein {amount} pkr ghalat number par bhej diye jo apka nikla. zaroorat bohat zyada hai, whatsapp par is number par jald rabta karein: {phone}",synthetic
1,Phishing - Wrong Number Refund Scam,"Please help, maine emergency mein 75,000 PKR ghalat number par bhej diye jo apka nikla. Zaroorat bohat zyada hai, WhatsApp par is number par jald rabta karein: 0363520273","please help, maine emergency mein {amount} pkr ghalat number par bhej diye jo apka nikla. zaroorat bohat zyada hai, whatsapp par is number par jald rabta karein: {phone}",synthetic
1,Phishing - Wrong Number Refund Scam,"Please help, maine emergency mein 10,000 PKR ghalat number par bhej diye jo apka nikla. Zaroorat bohat zyada hai, WhatsApp par is number par jald rabta karein: 0352743531","please help, maine emergency mein {amount} pkr ghalat number par bhej diye jo apka nikla. zaroorat bohat zyada hai, whatsapp par is number par jald rabta karein: {phone}",synthetic
1,Phishing - Wrong Number Refund Scam,"Please help, maine emergency mein 2,500 PKR ghalat number par bhej diye jo apka nikla. Zaroorat bohat zyada hai, WhatsApp par is number par jald rabta karein: 0311036553","please help, maine emergency mein {amount} pkr ghalat number par bhej diye jo apka nikla. zaroorat bohat zyada hai, whatsapp par is number par jald rabta karein: {phone}",synthetic
1,Phishing - ATM Card Suspend Link,MCB ATM Services: Apka card upcoming maintenance ki waja se suspend hone wala hai. Active rakhne k liye register karein: MCB-cardcare.com,{brand} atm services: apka card upcoming maintenance ki waja se suspend hone wala hai. active rakhne k liye register karein: {brand}-cardcare.com,synthetic
1,Phishing - ATM Card Suspend Link,JazzCash ATM Services: Apka card upcoming maintenance ki waja se suspend hone wala hai. Active rakhne k liye register karein: JazzCash-cardcare.com,{brand} atm services: apka card upcoming maintenance ki waja se suspend hone wala hai. active rakhne k liye register karein: {brand}-cardcare.com,synthetic
1,Phishing - ATM Card Suspend Link,SadaPay ATM Services: Apka card upcoming maintenance ki waja se suspend hone wala hai. Active rakhne k liye register karein: SadaPay-cardcare.com,{brand} atm services: apka card upcoming maintenance ki waja se suspend hone wala hai. active rakhne k liye register karein: {brand}-cardcare.com,synthetic
1,Phishing - ATM Card Suspend Link,Askari Bank ATM Services: Apka card upcoming maintenance ki waja se suspend hone wala hai. Active rakhne k liye register karein: Askari Bank-cardcare.com,{brand} atm services: apka card upcoming maintenance ki waja se suspend hone wala hai. active rakhne k liye register karein: {brand}-cardcare.com,synthetic
1,Phishing - ATM Card Suspend Link,Apka Easypaisa debit card 12 ghanton mein expire/suspend ho jaye ga. Ise renew karwane k liye reply mein apna card PIN bhejein.,apka {brand} debit card 12 ghanton mein expire/suspend ho jaye ga. ise renew karwane k liye reply mein apna card pin bhejein.,synthetic
1,Phishing - ATM Card Suspend Link,Apka JazzCash debit card 12 ghanton mein expire/suspend ho jaye ga. Ise renew karwane k liye reply mein apna card PIN bhejein.,apka {brand} debit card 12 ghanton mein expire/suspend ho jaye ga. ise renew karwane k liye reply mein apna card pin bhejein.,synthetic
1,Phishing - ATM Card Suspend Link,Apka HBL debit card 12 ghanton mein expire/suspend ho jaye ga. Ise renew karwane k liye reply mein apna card PIN bhejein.,apka {brand} debit card 12 ghanton mein expire/suspend ho jaye ga. ise renew karwane k liye reply mein apna card pin bhejein.,synthetic
1,Phishing - ATM Card Suspend Link,Apka Bank Alfalah debit card 12 ghanton mein expire/suspend ho jaye ga. Ise renew karwane k liye reply mein apna card PIN bhejein.,apka {brand} debit card 12 ghanton mein expire/suspend ho jaye ga. ise renew karwane k liye reply mein apna card pin bhejein.,synthetic
1,Phishing - ATM Card Suspend Link,Easypaisa Card Alert: Apka ATM card security issue ki waja se block hone wala hai. Turant humare WhatsApp card support par contact karein: 0365068431,{brand} card alert: apka atm card security issue ki waja se block hone wala hai. turant humare whatsapp card support par contact karein: {phone},synthetic
1,Phishing - ATM Card Suspend Link,MCB Card Alert: Apka ATM card security issue ki waja se block hone wala hai. Turant humare WhatsApp card support par contact karein: 0313400426,{brand} card alert: apka atm card security issue ki waja se block hone wala hai. turant humare whatsapp card support par contact karein: {phone},synthetic
1,Phishing - ATM Card Suspend Link,HBL Card Alert: Apka ATM card security issue ki waja se block hone wala hai. Turant humare WhatsApp card support par contact karein: 0312237660,{brand} card alert: apka atm card security issue ki waja se block hone wala hai. turant humare whatsapp card support par contact karein: {phone},synthetic
1,Phishing - ATM Card Suspend Link,MCB Card Alert: Apka ATM card security issue ki waja se block hone wala hai. Turant humare WhatsApp card support par contact karein: 0353370243,{brand} card alert: apka atm card security issue ki waja se block hone wala hai. turant humare whatsapp card support par contact karein: {phone},synthetic
1,Phishing - ATM Card Suspend Link,"Dear customer, apka JazzCash ATM card damaged record hua hai system mein. Naya card lene k liye apni branch visit karein sath original CNIC lekar.","dear customer, apka {brand} atm card damaged record hua hai system mein. naya card lene k liye apni branch visit karein sath original cnic lekar.",synthetic
1,Phishing - ATM Card Suspend Link,"Dear customer, apka Easypaisa ATM card damaged record hua hai system mein. Naya card lene k liye apni branch visit karein sath original CNIC lekar.","dear customer, apka {brand} atm card damaged record hua hai system mein. naya card lene k liye apni branch visit karein sath original cnic lekar.",synthetic
1,Phishing - ATM Card Suspend Link,"Dear customer, apka NayaPay ATM card damaged record hua hai system mein. Naya card lene k liye apni branch visit karein sath original CNIC lekar.","dear customer, apka {brand} atm card damaged record hua hai system mein. naya card lene k liye apni branch visit karein sath original cnic lekar.",synthetic
1,Phishing - ATM Card Suspend Link,"Dear customer, apka Askari Bank ATM card damaged record hua hai system mein. Naya card lene k liye apni branch visit karein sath original CNIC lekar.","dear customer, apka {brand} atm card damaged record hua hai system mein. naya card lene k liye apni branch visit karein sath original cnic lekar.",synthetic
1,Phishing - ATM Card Suspend Link,ALERT: Meezan Bank card deactivation scheduled. Prevent deactivation: bit.ly/396900,alert: {brand} card deactivation scheduled. prevent deactivation: bit.ly/{num},synthetic
1,Phishing - ATM Card Suspend Link,ALERT: MCB card deactivation scheduled. Prevent deactivation: bit.ly/412346,alert: {brand} card deactivation scheduled. prevent deactivation: bit.ly/{num},synthetic
1,Phishing - ATM Card Suspend Link,ALERT: MCB card deactivation scheduled. Prevent deactivation: bit.ly/329403,alert: {brand} card deactivation scheduled. prevent deactivation: bit.ly/{num},synthetic
1,Phishing - ATM Card Suspend Link,ALERT: NayaPay card deactivation scheduled. Prevent deactivation: bit.ly/679058,alert: {brand} card deactivation scheduled. prevent deactivation: bit.ly/{num},synthetic
1,Phishing - Account Block Threat,URGENT: Your Askari Bank account has been suspended due to unusual activity. Verify now to restore access: bit.ly/381320,urgent: your {brand} account has been suspended due to unusual activity. verify now to restore access: bit.ly/{num},synthetic
1,Phishing - Account Block Threat,URGENT: Your JazzCash account has been suspended due to unusual activity. Verify now to restore access: bit.ly/568875,urgent: your {brand} account has been suspended due to unusual activity. verify now to restore access: bit.ly/{num},synthetic
1,Phishing - Account Block Threat,URGENT: Your UBL account has been suspended due to unusual activity. Verify now to restore access: bit.ly/197863,urgent: your {brand} account has been suspended due to unusual activity. verify now to restore access: bit.ly/{num},synthetic
1,Phishing - Account Block Threat,URGENT: Your Easypaisa account has been suspended due to unusual activity. Verify now to restore access: bit.ly/598817,urgent: your {brand} account has been suspended due to unusual activity. verify now to restore access: bit.ly/{num},synthetic
1,Phishing - Account Block Threat,Security Alert: JazzCash detected suspicious login. Your account will be locked in 24 hours unless you confirm your identity here: bit.ly/98738,security alert: {brand} detected suspicious login. your account will be locked in 24 hours unless you confirm your identity here: bit.ly/{num},synthetic
1,Phishing - Account Block Threat,Security Alert: Allied Bank detected suspicious login. Your account will be locked in 24 hours unless you confirm your identity here: bit.ly/205350,security alert: {brand} detected suspicious login. your account will be locked in 24 hours unless you confirm your identity here: bit.ly/{num},synthetic
1,Phishing - Account Block Threat,Security Alert: Bank Alfalah detected suspicious login. Your account will be locked in 24 hours unless you confirm your identity here: bit.ly/428070,security alert: {brand} detected suspicious login. your account will be locked in 24 hours unless you confirm your identity here: bit.ly/{num},synthetic
1,Phishing - Account Block Threat,Security Alert: SadaPay detected suspicious login. Your account will be locked in 24 hours unless you confirm your identity here: bit.ly/616698,security alert: {brand} detected suspicious login. your account will be locked in 24 hours unless you confirm your identity here: bit.ly/{num},synthetic
1,Phishing - Account Freeze (FBR) Threat,NOTICE: FBR has flagged your Askari Bank account for tax non-compliance. Account will be frozen. Resolve immediately: bit.ly/716520,notice: {BRAND} has flagged your {brand} account for tax non-compliance. account will be frozen. resolve immediately: bit.ly/{num},synthetic
1,Phishing - Account Freeze (FBR) Threat,NOTICE: FBR has flagged your Faysal Bank account for tax non-compliance. Account will be frozen. Resolve immediately: bit.ly/847699,notice: {BRAND} has flagged your {brand} account for tax non-compliance. account will be frozen. resolve immediately: bit.ly/{num},synthetic
1,Phishing - Account Freeze (FBR) Threat,NOTICE: FBR has flagged your NayaPay account for tax non-compliance. Account will be frozen. Resolve immediately: bit.ly/684037,notice: {BRAND} has flagged your {brand} account for tax non-compliance. account will be frozen. resolve immediately: bit.ly/{num},synthetic
1,Phishing - Account Freeze (FBR) Threat,NOTICE: FBR has flagged your Easypaisa account for tax non-compliance. Account will be frozen. Resolve immediately: bit.ly/378819,notice: {BRAND} has flagged your {brand} account for tax non-compliance. account will be frozen. resolve immediately: bit.ly/{num},synthetic
1,Phishing - Account Hack Warning,WARNING: We detected unauthorized access to your JazzCash account from a new device. Secure your account now: bit.ly/219964,warning: we detected unauthorized access to your {brand} account from a new device. secure your account now: bit.ly/{num},synthetic
1,Phishing - Account Hack Warning,WARNING: We detected unauthorized access to your JazzCash account from a new device. Secure your account now: bit.ly/103137,warning: we detected unauthorized access to your {brand} account from a new device. secure your account now: bit.ly/{num},synthetic
1,Phishing - Account Hack Warning,WARNING: We detected unauthorized access to your HBL account from a new device. Secure your account now: bit.ly/99685,warning: we detected unauthorized access to your {brand} account from a new device. secure your account now: bit.ly/{num},synthetic
1,Phishing - Account Hack Warning,WARNING: We detected unauthorized access to your Faysal Bank account from a new device. Secure your account now: bit.ly/294724,warning: we detected unauthorized access to your {brand} account from a new device. secure your account now: bit.ly/{num},synthetic
1,Phishing - Account Hack Warning,"Your JazzCash password was changed just now. If this was not you, reverse it immediately at bit.ly/746175","your {brand} password was changed just now. if this was not you, reverse it immediately at bit.ly/{num}",synthetic
1,Phishing - Account Hack Warning,"Your Faysal Bank password was changed just now. If this was not you, reverse it immediately at bit.ly/986482","your {brand} password was changed just now. if this was not you, reverse it immediately at bit.ly/{num}",synthetic
1,Phishing - Account Hack Warning,"Your UBL password was changed just now. If this was not you, reverse it immediately at bit.ly/421415","your {brand} password was changed just now. if this was not you, reverse it immediately at bit.ly/{num}",synthetic
1,Phishing - Account Hack Warning,"Your Askari Bank password was changed just now. If this was not you, reverse it immediately at bit.ly/886874","your {brand} password was changed just now. if this was not you, reverse it immediately at bit.ly/{num}",synthetic
1,Phishing - ATM Card Suspend Link,Your JazzCash debit card will be suspended today due to a failed verification. Reactivate here: bit.ly/472955,your {brand} debit card will be suspended today due to a failed verification. reactivate here: bit.ly/{num},synthetic
1,Phishing - ATM Card Suspend Link,Your Allied Bank debit card will be suspended today due to a failed verification. Reactivate here: bit.ly/9328,your {brand} debit card will be suspended today due to a failed verification. reactivate here: bit.ly/{num},synthetic
1,Phishing - ATM Card Suspend Link,Your MCB debit card will be suspended today due to a failed verification. Reactivate here: bit.ly/419675,your {brand} debit card will be suspended today due to a failed verification. reactivate here: bit.ly/{num},synthetic
1,Phishing - ATM Card Suspend Link,Your UBL debit card will be suspended today due to a failed verification. Reactivate here: bit.ly/366887,your {brand} debit card will be suspended today due to a failed verification. reactivate here: bit.ly/{num},synthetic
1,Phishing - Reward/Lottery Scam,"Congratulations! Your number has won 1,000 PKR in the Faysal Bank loyalty draw. Claim your prize before it expires: bit.ly/190030",congratulations! your number has won {amount} pkr in the {brand} loyalty draw. claim your prize before it expires: bit.ly/{num},synthetic
1,Phishing - Reward/Lottery Scam,"Congratulations! Your number has won 12,500 PKR in the SadaPay loyalty draw. Claim your prize before it expires: bit.ly/345688",congratulations! your number has won {amount} pkr in the {brand} loyalty draw. claim your prize before it expires: bit.ly/{num},synthetic
1,Phishing - Reward/Lottery Scam,"Congratulations! Your number has won 5,000 PKR in the UBL loyalty draw. Claim your prize before it expires: bit.ly/737405",congratulations! your number has won {amount} pkr in the {brand} loyalty draw. claim your prize before it expires: bit.ly/{num},synthetic
1,Phishing - Reward/Lottery Scam,Congratulations! Your number has won 500 PKR in the SadaPay loyalty draw. Claim your prize before it expires: bit.ly/572559,congratulations! your number has won {amount} pkr in the {brand} loyalty draw. claim your prize before it expires: bit.ly/{num},synthetic
1,Phishing - Reward/Lottery Scam,"You have been selected for a cash reward of 10,000 PKR. Complete this short form to claim: bit.ly/596807",you have been selected for a cash reward of {amount} pkr. complete this short form to claim: bit.ly/{num},synthetic
1,Phishing - Reward/Lottery Scam,"You have been selected for a cash reward of 12,500 PKR. Complete this short form to claim: bit.ly/497405",you have been selected for a cash reward of {amount} pkr. complete this short form to claim: bit.ly/{num},synthetic
1,Phishing - Reward/Lottery Scam,"You have been selected for a cash reward of 7,500 PKR. Complete this short form to claim: bit.ly/265315",you have been selected for a cash reward of {amount} pkr. complete this short form to claim: bit.ly/{num},synthetic
1,Phishing - Reward/Lottery Scam,"You have been selected for a cash reward of 7,500 PKR. Complete this short form to claim: bit.ly/425745",you have been selected for a cash reward of {amount} pkr. complete this short form to claim: bit.ly/{num},synthetic
1,Phishing - Government Scheme Scam,"Government Relief Program: You qualify for 5,000 PKR in emergency aid. Register before the deadline: bit.ly/703173",government relief program: you qualify for {amount} pkr in emergency aid. register before the deadline: bit.ly/{num},synthetic
1,Phishing - Government Scheme Scam,"Government Relief Program: You qualify for 10,000 PKR in emergency aid. Register before the deadline: bit.ly/790762",government relief program: you qualify for {amount} pkr in emergency aid. register before the deadline: bit.ly/{num},synthetic
1,Phishing - Government Scheme Scam,"Government Relief Program: You qualify for 25,000 PKR in emergency aid. Register before the deadline: bit.ly/499597",government relief program: you qualify for {amount} pkr in emergency aid. register before the deadline: bit.ly/{num},synthetic
1,Phishing - Government Scheme Scam,"Government Relief Program: You qualify for 12,500 PKR in emergency aid. Register before the deadline: bit.ly/863994",government relief program: you qualify for {amount} pkr in emergency aid. register before the deadline: bit.ly/{num},synthetic
1,Phishing - Wrong Number Refund Scam,"Hi, I think I sent 75,000 PKR to your account by mistake. Please refund it here so I can confirm: bit.ly/647460","hi, i think i sent {amount} pkr to your account by mistake. please refund it here so i can confirm: bit.ly/{num}",synthetic
1,Phishing - Wrong Number Refund Scam,"Hi, I think I sent 25,000 PKR to your account by mistake. Please refund it here so I can confirm: bit.ly/980180","hi, i think i sent {amount} pkr to your account by mistake. please refund it here so i can confirm: bit.ly/{num}",synthetic
1,Phishing - Wrong Number Refund Scam,"Hi, I think I sent 7,500 PKR to your account by mistake. Please refund it here so I can confirm: bit.ly/546984","hi, i think i sent {amount} pkr to your account by mistake. please refund it here so i can confirm: bit.ly/{num}",synthetic
1,Phishing - Wrong Number Refund Scam,"Hi, I think I sent 25,000 PKR to your account by mistake. Please refund it here so I can confirm: bit.ly/670952","hi, i think i sent {amount} pkr to your account by mistake. please refund it here so i can confirm: bit.ly/{num}",synthetic
1,Phishing - Account Block Threat,"Dear customer, your JazzCash online banking has been temporarily restricted. Tap to verify and unlock: bit.ly/731276","dear customer, your {brand} online banking has been temporarily restricted. tap to verify and unlock: bit.ly/{num}",synthetic
1,Phishing - Account Block Threat,"Dear customer, your Easypaisa online banking has been temporarily restricted. Tap to verify and unlock: bit.ly/999639","dear customer, your {brand} online banking has been temporarily restricted. tap to verify and unlock: bit.ly/{num}",synthetic
1,Phishing - Account Block Threat,"Dear customer, your Meezan Bank online banking has been temporarily restricted. Tap to verify and unlock: bit.ly/317611","dear customer, your {brand} online banking has been temporarily restricted. tap to verify and unlock: bit.ly/{num}",synthetic
1,Phishing - Account Block Threat,"Dear customer, your Allied Bank online banking has been temporarily restricted. Tap to verify and unlock: bit.ly/435166","dear customer, your {brand} online banking has been temporarily restricted. tap to verify and unlock: bit.ly/{num}",synthetic
1,Phishing - Account Freeze (FBR) Threat,Final Notice: Failure to update your FBR tax profile linked to Askari Bank will result in account freeze within 48 hours. Update: bit.ly/803245,final notice: failure to update your {BRAND} tax profile linked to {brand} will result in account freeze within 48 hours. update: bit.ly/{num},synthetic
1,Phishing - Account Freeze (FBR) Threat,Final Notice: Failure to update your FBR tax profile linked to Bank Alfalah will result in account freeze within 48 hours. Update: bit.ly/186488,final notice: failure to update your {BRAND} tax profile linked to {brand} will result in account freeze within 48 hours. update: bit.ly/{num},synthetic
1,Phishing - Account Freeze (FBR) Threat,Final Notice: Failure to update your FBR tax profile linked to Easypaisa will result in account freeze within 48 hours. Update: bit.ly/299873,final notice: failure to update your {BRAND} tax profile linked to {brand} will result in account freeze within 48 hours. update: bit.ly/{num},synthetic
1,Phishing - Account Freeze (FBR) Threat,Final Notice: Failure to update your FBR tax profile linked to NayaPay will result in account freeze within 48 hours. Update: bit.ly/92876,final notice: failure to update your {BRAND} tax profile linked to {brand} will result in account freeze within 48 hours. update: bit.ly/{num},synthetic
1,Phishing - Account Hack Warning,We noticed a login attempt on your UBL account from an unrecognized location. Confirm it was you: bit.ly/521518,we noticed a login attempt on your {brand} account from an unrecognized location. confirm it was you: bit.ly/{num},synthetic
1,Phishing - Account Hack Warning,We noticed a login attempt on your SadaPay account from an unrecognized location. Confirm it was you: bit.ly/610467,we noticed a login attempt on your {brand} account from an unrecognized location. confirm it was you: bit.ly/{num},synthetic
1,Phishing - Account Hack Warning,We noticed a login attempt on your HBL account from an unrecognized location. Confirm it was you: bit.ly/579381,we noticed a login attempt on your {brand} account from an unrecognized location. confirm it was you: bit.ly/{num},synthetic
1,Phishing - Account Hack Warning,We noticed a login attempt on your Askari Bank account from an unrecognized location. Confirm it was you: bit.ly/833308,we noticed a login attempt on your {brand} account from an unrecognized location. confirm it was you: bit.ly/{num},synthetic
1,Phishing - ATM Card Suspend Link,Important: Your Faysal Bank ATM card is scheduled for deactivation due to incomplete KYC. Prevent this now: bit.ly/533216,important: your {brand} atm card is scheduled for deactivation due to incomplete kyc. prevent this now: bit.ly/{num},synthetic
1,Phishing - ATM Card Suspend Link,Important: Your Allied Bank ATM card is scheduled for deactivation due to incomplete KYC. Prevent this now: bit.ly/5359,important: your {brand} atm card is scheduled for deactivation due to incomplete kyc. prevent this now: bit.ly/{num},synthetic
1,Phishing - ATM Card Suspend Link,Important: Your Askari Bank ATM card is scheduled for deactivation due to incomplete KYC. Prevent this now: bit.ly/882610,important: your {brand} atm card is scheduled for deactivation due to incomplete kyc. prevent this now: bit.ly/{num},synthetic
1,Phishing - ATM Card Suspend Link,Important: Your Easypaisa ATM card is scheduled for deactivation due to incomplete KYC. Prevent this now: bit.ly/451908,important: your {brand} atm card is scheduled for deactivation due to incomplete kyc. prevent this now: bit.ly/{num},synthetic
1,Phishing - Reward/Lottery Scam,"Meezan Bank Customer Rewards: A gift of 12,500 PKR is waiting for you. Claim within 24 hours: bit.ly/869797",{brand} customer rewards: a gift of {amount} pkr is waiting for you. claim within 24 hours: bit.ly/{num},synthetic
1,Phishing - Reward/Lottery Scam,"HBL Customer Rewards: A gift of 12,500 PKR is waiting for you. Claim within 24 hours: bit.ly/764481",{brand} customer rewards: a gift of {amount} pkr is waiting for you. claim within 24 hours: bit.ly/{num},synthetic
1,Phishing - Reward/Lottery Scam,"MCB Customer Rewards: A gift of 12,500 PKR is waiting for you. Claim within 24 hours: bit.ly/243189",{brand} customer rewards: a gift of {amount} pkr is waiting for you. claim within 24 hours: bit.ly/{num},synthetic
1,Phishing - Reward/Lottery Scam,"UBL Customer Rewards: A gift of 75,000 PKR is waiting for you. Claim within 24 hours: bit.ly/823378",{brand} customer rewards: a gift of {amount} pkr is waiting for you. claim within 24 hours: bit.ly/{num},synthetic
1,Phishing - Government Scheme Scam,"You are eligible for the national support package worth 1,000 PKR. Apply now before slots close: bit.ly/98795",you are eligible for the national support package worth {amount} pkr. apply now before slots close: bit.ly/{num},synthetic
1,Phishing - Government Scheme Scam,"You are eligible for the national support package worth 2,500 PKR. Apply now before slots close: bit.ly/30169",you are eligible for the national support package worth {amount} pkr. apply now before slots close: bit.ly/{num},synthetic
1,Phishing - Government Scheme Scam,You are eligible for the national support package worth 500 PKR. Apply now before slots close: bit.ly/779399,you are eligible for the national support package worth {amount} pkr. apply now before slots close: bit.ly/{num},synthetic
1,Phishing - Government Scheme Scam,"You are eligible for the national support package worth 10,000 PKR. Apply now before slots close: bit.ly/196617",you are eligible for the national support package worth {amount} pkr. apply now before slots close: bit.ly/{num},synthetic
1,Phishing - Account Block Threat,Your Meezan Bank account access has been paused for your protection. Restore full access by verifying: bit.ly/762593,your {brand} account access has been paused for your protection. restore full access by verifying: bit.ly/{num},synthetic
1,Phishing - Account Block Threat,Your Askari Bank account access has been paused for your protection. Restore full access by verifying: bit.ly/658916,your {brand} account access has been paused for your protection. restore full access by verifying: bit.ly/{num},synthetic
1,Phishing - Account Block Threat,Your HBL account access has been paused for your protection. Restore full access by verifying: bit.ly/129643,your {brand} account access has been paused for your protection. restore full access by verifying: bit.ly/{num},synthetic
1,Phishing - Account Block Threat,Your UBL account access has been paused for your protection. Restore full access by verifying: bit.ly/82140,your {brand} account access has been paused for your protection. restore full access by verifying: bit.ly/{num},synthetic
1,Phishing - Wrong Number Refund Scam,"Sorry, wrong transfer. I accidentally sent 25,000 PKR to your account instead of my friend's. Kindly return it: bit.ly/835080","sorry, wrong transfer. i accidentally sent {amount} pkr to your account instead of my friend's. kindly return it: bit.ly/{num}",synthetic
1,Phishing - Wrong Number Refund Scam,"Sorry, wrong transfer. I accidentally sent 1,000 PKR to your account instead of my friend's. Kindly return it: bit.ly/221511","sorry, wrong transfer. i accidentally sent {amount} pkr to your account instead of my friend's. kindly return it: bit.ly/{num}",synthetic
1,Phishing - Wrong Number Refund Scam,"Sorry, wrong transfer. I accidentally sent 25,000 PKR to your account instead of my friend's. Kindly return it: bit.ly/848825","sorry, wrong transfer. i accidentally sent {amount} pkr to your account instead of my friend's. kindly return it: bit.ly/{num}",synthetic
1,Phishing - Wrong Number Refund Scam,"Sorry, wrong transfer. I accidentally sent 75,000 PKR to your account instead of my friend's. Kindly return it: bit.ly/662875","sorry, wrong transfer. i accidentally sent {amount} pkr to your account instead of my friend's. kindly return it: bit.ly/{num}",synthetic
1,Phishing - Account Hack Warning,"Unusual sign-in activity detected on your JazzCash profile. If this wasn't you, act now to prevent takeover: bit.ly/644830","unusual sign-in activity detected on your {brand} profile. if this wasn't you, act now to prevent takeover: bit.ly/{num}",synthetic
1,Phishing - Account Hack Warning,"Unusual sign-in activity detected on your JazzCash profile. If this wasn't you, act now to prevent takeover: bit.ly/972592","unusual sign-in activity detected on your {brand} profile. if this wasn't you, act now to prevent takeover: bit.ly/{num}",synthetic
1,Phishing - Account Hack Warning,"Unusual sign-in activity detected on your UBL profile. If this wasn't you, act now to prevent takeover: bit.ly/537603","unusual sign-in activity detected on your {brand} profile. if this wasn't you, act now to prevent takeover: bit.ly/{num}",synthetic
1,Phishing - Account Hack Warning,"Unusual sign-in activity detected on your MCB profile. If this wasn't you, act now to prevent takeover: bit.ly/344450","unusual sign-in activity detected on your {brand} profile. if this wasn't you, act now to prevent takeover: bit.ly/{num}",synthetic
1,Phishing - Account Freeze (FBR) Threat,Your MCB account is under review by FBR for irregular transactions. Submit clarification to avoid freeze: bit.ly/287960,your {brand} account is under review by {BRAND} for irregular transactions. submit clarification to avoid freeze: bit.ly/{num},synthetic
1,Phishing - Account Freeze (FBR) Threat,Your Faysal Bank account is under review by FBR for irregular transactions. Submit clarification to avoid freeze: bit.ly/490730,your {brand} account is under review by {BRAND} for irregular transactions. submit clarification to avoid freeze: bit.ly/{num},synthetic
1,Phishing - Account Freeze (FBR) Threat,Your SadaPay account is under review by FBR for irregular transactions. Submit clarification to avoid freeze: bit.ly/263241,your {brand} account is under review by {BRAND} for irregular transactions. submit clarification to avoid freeze: bit.ly/{num},synthetic
1,Phishing - Account Freeze (FBR) Threat,Your MCB account is under review by FBR for irregular transactions. Submit clarification to avoid freeze: bit.ly/832681,your {brand} account is under review by {BRAND} for irregular transactions. submit clarification to avoid freeze: bit.ly/{num},synthetic
